q,n,k,d,label,delta_avg,delta_max,C,C_prime,D,past_peak,uniform
2,2,0,2,"[[2,0,2]]_2",1.0,1.0,0.0,0.0,0.0,True,True
2,4,2,2,"[[4,2,2]]_2",1.0,1.0,0.0,0.0,0.0,True,True
2,5,1,3,"[[5,1,3]]_2",0.8,0.8,0.12877123795494516,0.12877123795494516,0.0,True,True
2,6,0,4,"[[6,0,4]]_2",0.6666666666666666,0.6666666666666666,0.13357370072653496,0.13357370072653496,0.0,False,True
2,6,4,2,"[[6,4,2]]_2",1.0,1.0,0.0,0.0,0.0,True,True
2,8,3,3,"[[8,3,3]]_2",0.75,0.75,0.10517937960096613,0.10517937960096613,0.0,False,True
2,8,6,2,"[[8,6,2]]_2",1.0,1.0,0.0,0.0,0.0,True,True
2,10,2,4,"[[10,2,4]]_2",0.6,0.6,0.09976302134402826,0.09976302134402826,0.0,False,True
2,10,4,3,"[[10,4,3]]_2",0.7333333333333333,0.8,0.05623816750446686,0.06076240767399743,0.004524240169530569,True,False
2,10,8,2,"[[10,8,2]]_2",1.0,1.0,1.1102230246251565e-16,1.1102230246251565e-16,0.0,True,True
2,11,1,5,"[[11,1,5]]_2",0.5454545454545454,0.5454545454545454,0.09466287658320283,0.09466287658320283,0.0,False,True
2,11,5,3,"[[11,5,3]]_2",0.7272727272727273,0.7272727272727273,0.08784264039095402,0.08784264039095402,0.0,False,True
2,12,0,6,"[[12,0,6]]_2",0.5,0.5,0.08951045660766421,0.08951045660766421,0.0,False,True
2,12,4,4,"[[12,4,4]]_2",0.625,0.6666666666666666,0.07484803068777734,0.05989706302465758,-0.014950967663119763,False,False
2,12,6,3,"[[12,6,3]]_2",0.7222222222222222,0.8333333333333334,0.03672524260440224,0.04986314884267806,0.01313790623827582,True,False
2,12,10,2,"[[12,10,2]]_2",1.0,1.0,0.0,0.0,0.0,True,True
2,13,7,3,"[[13,7,3]]_2",0.6666666666666666,0.7692307692307693,0.05333515566529057,0.04152802580438242,-0.01180712986090815,True,False
2,14,6,4,"[[14,6,4]]_2",0.6428571428571429,0.7142857142857143,0.06076515006492844,0.042742041519744256,-0.018023108545184185,False,False
2,14,8,3,"[[14,8,3]]_2",0.7142857142857143,0.7142857142857143,0.07558791789631569,0.07558791789631569,0.0,False,True
2,14,12,2,"[[14,12,2]]_2",1.0,1.0,0.0,0.0,0.0,True,True
2,15,9,3,"[[15,9,3]]_2",0.7555555555555556,0.8,0.04018831885639362,0.04517960392239284,0.004991285065999218,True,False
2,16,2,6,"[[16,2,6]]_2",0.5357142857142857,0.625,0.06458370595820617,0.014767709778724547,-0.049815996179481625,False,False
2,16,7,4,"[[16,7,4]]_2",0.5833333333333334,0.75,0.0466964177224678,-0.0010884745749518698,-0.04778489229741967,False,False
2,16,10,3,"[[16,10,3]]_2",0.75,0.75,0.06721022675812705,0.06721022675812705,0.0,False,True
2,16,14,2,"[[16,14,2]]_2",1.0,1.0,0.0,0.0,0.0,True,True
2,17,1,7,"[[17,1,7]]_2",0.5,0.5882352941176471,0.06415122696395359,0.005517501991581297,-0.05863372497237229,False,False
2,17,9,4,"[[17,9,4]]_2",0.7058823529411765,0.7058823529411765,0.06654177460929545,0.06654177460929545,0.0,False,True
2,17,11,3,"[[17,11,3]]_2",0.7352941176470589,0.8235294117647058,0.010341256285277378,0.02115148514450471,0.010810228859227333,True,False
2,18,0,8,"[[18,0,8]]_2",0.46913580246913583,0.5555555555555556,0.06305852233810849,-0.002340725077545458,-0.06539924741565395,False,False
2,18,16,2,"[[18,16,2]]_2",1.0,1.0,0.0,0.0,0.0,True,True
2,19,12,3,"[[19,12,3]]_2",0.6992481203007519,0.7368421052631579,0.029390741596031722,0.024965044544215997,-0.004425697051815725,False,False
2,20,13,3,"[[20,13,3]]_2",0.7071428571428571,0.8,0.017739561575963014,0.01937970086691565,0.0016401392909526358,True,False
2,20,18,2,"[[20,18,2]]_2",1.0,1.0,1.1102230246251565e-16,1.1102230246251565e-16,0.0,True,True
2,21,15,3,"[[21,15,3]]_2",0.7619047619047619,0.7619047619047619,0.05515131251722183,0.05515131251722183,0.0,True,True
2,22,20,2,"[[22,20,2]]_2",1.0,1.0,0.0,0.0,0.0,True,True
2,23,16,3,"[[23,16,3]]_2",0.7142857142857142,0.782608695652174,0.02464859237888084,0.024376488679827557,-0.00027210369905328324,True,False
2,24,17,3,"[[24,17,3]]_2",0.7261904761904762,0.8333333333333334,0.00813393341287827,0.021653070364166194,0.013519136951287924,True,False
2,24,22,2,"[[24,22,2]]_2",1.0,1.0,0.0,0.0,0.0,True,True
2,25,18,3,"[[25,18,3]]_2",0.7257142857142856,0.8,0.013153050356833895,0.017092650932015396,0.003939600575181501,True,False
2,26,19,3,"[[26,19,3]]_2",0.7582417582417583,0.8461538461538461,-0.004947637680975725,0.01466856786204862,0.019616205543024345,True,False
2,26,24,2,"[[26,24,2]]_2",1.0,1.0,0.0,0.0,0.0,True,True
2,27,20,3,"[[27,20,3]]_2",0.7354497354497355,0.8148148148148148,0.007026455620397498,0.015253907345179174,0.008227451724781676,True,False
2,28,2,10,"[[28,2,10]]_2",0.45054945054945056,0.5714285714285714,0.04491203968073054,-0.047030143325016205,-0.09194218300574675,False,False
2,28,21,3,"[[28,21,3]]_2",0.7653061224489796,0.8214285714285714,0.00366011619891371,0.013765427190214008,0.010105310991300298,True,False
2,28,26,2,"[[28,26,2]]_2",1.0,1.0,0.0,0.0,0.0,True,True
2,29,1,11,"[[29,1,11]]_2",0.4433497536945813,0.5517241379310345,0.04439808275454549,-0.042259830816684385,-0.08665791357122987,False,False
2,29,22,3,"[[29,22,3]]_2",0.7389162561576355,0.7586206896551724,0.019892645022056343,0.019802674479060478,-8.997054299586527e-05,True,False
2,30,0,12,"[[30,0,12]]_2",0.4444444444444445,0.5333333333333333,0.043776101389811695,-0.02952446249172469,-0.07330056388153638,False,False
2,30,23,3,"[[30,23,3]]_2",0.761904761904762,0.8,0.014987879761460099,0.01976324668302243,0.0047753669215623296,True,False
2,30,28,2,"[[30,28,2]]_2",1.0,1.0,0.0,0.0,0.0,True,True
2,31,24,3,"[[31,24,3]]_2",0.7557603686635944,0.7741935483870968,0.01695490156255075,0.01804233597816618,0.0010874344156154292,True,False
2,32,25,3,"[[32,25,3]]_2",0.75,0.75,0.04116409012218236,0.04116409012218236,0.0,False,True
2,32,30,2,"[[32,30,2]]_2",1.0,1.0,0.0,0.0,0.0,True,True
2,33,26,3,"[[33,26,3]]_2",0.748917748917749,0.8484848484848485,0.0020966912252440295,0.022876596906013624,0.020779905680769595,True,False
2,34,27,3,"[[34,27,3]]_2",0.7563025210084033,0.8235294117647058,0.002682016982006541,0.013826147517741139,0.011144130535734598,True,False
2,34,32,2,"[[34,32,2]]_2",1.0,1.0,1.1102230246251565e-16,1.1102230246251565e-16,0.0,True,True
2,35,28,3,"[[35,28,3]]_2",0.7428571428571429,0.7428571428571429,0.03872615179080585,0.03872615179080585,0.0,False,True
2,36,29,3,"[[36,29,3]]_2",0.7420634920634921,0.75,0.024884142772576445,0.02476381838963515,-0.00012032438294129477,False,False
2,36,34,2,"[[36,34,2]]_2",1.0,1.0,0.0,0.0,0.0,True,True
2,37,30,3,"[[37,30,3]]_2",0.7722007722007722,0.8648648648648649,-0.007556414741962447,0.02040908766996008,0.027965502411922527,True,False
2,38,31,3,"[[38,31,3]]_2",0.7406015037593985,0.7631578947368421,0.016466143007304535,0.016634668221888527,0.00016852521458399217,True,False
2,38,36,2,"[[38,36,2]]_2",1.0,1.0,0.0,0.0,0.0,True,True
2,40,33,3,"[[40,33,3]]_2",0.7642857142857143,0.8,0.019086880550275187,0.023740105909943354,0.004653225359668167,True,False
2,40,38,2,"[[40,38,2]]_2",1.0,1.0,1.1102230246251565e-16,1.1102230246251565e-16,0.0,True,True
2,41,31,4,"[[41,31,4]]_2",0.7414634146341463,0.7804878048780488,0.021276286433346114,0.02297730686205246,0.0017010204287063457,True,False
2,42,34,3,"[[42,34,3]]_2",0.7261904761904762,0.7619047619047619,0.01923055703925791,0.018437532128165235,-0.0007930249110926768,True,False
2,42,40,2,"[[42,40,2]]_2",1.0,1.0,0.0,0.0,0.0,True,True
2,43,35,3,"[[43,35,3]]_2",0.7209302325581395,0.7441860465116279,0.024222489001544223,0.022700973578778094,-0.0015215154227661287,False,False
2,44,36,3,"[[44,36,3]]_2",0.7272727272727273,0.7727272727272727,0.019234688758023033,0.019274944909034253,4.025615101121982e-05,True,False
2,44,42,2,"[[44,42,2]]_2",1.0,1.0,0.0,0.0,0.0,True,True
2,45,37,3,"[[45,37,3]]_2",0.6888888888888889,0.7555555555555555,0.01801776131759303,0.01123489881269013,-0.006782862504902898,True,False
2,46,38,3,"[[46,38,3]]_2",0.7391304347826086,0.782608695652174,0.014607308205008551,0.016491758076629615,0.0018844498716210634,True,False
2,46,44,2,"[[46,44,2]]_2",1.0,1.0,1.1102230246251565e-16,1.1102230246251565e-16,0.0,True,True
2,47,39,3,"[[47,39,3]]_2",0.723404255319149,0.7659574468085106,0.016954949964183785,0.01612165121041209,-0.000833298753771694,True,False
2,48,40,3,"[[48,40,3]]_2",0.71875,0.75,0.021858745540145663,0.02002886295099693,-0.0018298825891487347,False,False
2,48,46,2,"[[48,46,2]]_2",1.0,1.0,0.0,0.0,0.0,True,True
2,49,41,3,"[[49,41,3]]_2",0.7244897959183674,0.7755102040816326,0.014973347318338659,0.01503031713916092,5.696982082226132e-05,True,False
2,50,42,3,"[[50,42,3]]_2",0.74,0.8,0.008035262467827708,0.012895526248820732,0.004860263780993024,True,False
2,50,48,2,"[[50,48,2]]_2",1.0,1.0,0.0,0.0,0.0,True,True
2,51,43,3,"[[51,43,3]]_2",0.7058823529411765,0.7450980392156863,0.018481161732191054,0.014916238783142965,-0.0035649229490480883,False,False
2,52,44,3,"[[52,44,3]]_2",0.7307692307692307,0.7307692307692307,0.028967376775714704,0.028967376775714704,0.0,False,True
2,52,50,2,"[[52,50,2]]_2",1.0,1.0,0.0,0.0,0.0,True,True
2,53,45,3,"[[53,45,3]]_2",0.7452830188679245,0.7547169811320755,0.019950424822693047,0.019950783773313052,3.5895062000523836e-07,True,False
2,54,46,3,"[[54,46,3]]_2",0.75,0.7777777777777778,0.013488414224702261,0.015011855134386853,0.0015234409096845924,True,False
2,54,52,2,"[[54,52,2]]_2",1.0,1.0,1.1102230246251565e-16,1.1102230246251565e-16,0.0,True,True
2,55,47,3,"[[55,47,3]]_2",0.7454545454545455,0.7636363636363637,0.018699617297995297,0.01902220360411422,0.0003225863061189216,True,False
2,56,48,3,"[[56,48,3]]_2",0.7678571428571429,0.7857142857142857,0.016492292169569822,0.018407273776260724,0.001914981606690902,True,False
2,56,54,2,"[[56,54,2]]_2",1.0,1.0,0.0,0.0,0.0,True,True
2,57,49,3,"[[57,49,3]]_2",0.7456140350877193,0.7719298245614035,0.017529341838846357,0.018436575080876483,0.0009072332420301255,True,False
2,58,50,3,"[[58,50,3]]_2",0.7586206896551724,0.7931034482758621,0.01041844069792175,0.01400046532711674,0.003582024629194991,True,False
2,58,56,2,"[[58,56,2]]_2",1.0,1.0,1.1102230246251565e-16,1.1102230246251565e-16,0.0,True,True
2,59,51,3,"[[59,51,3]]_2",0.7288135593220338,0.7457627118644068,0.019069530454848382,0.018255998262115214,-0.0008135321927331685,False,False
2,60,52,3,"[[60,52,3]]_2",0.7666666666666667,0.8,0.009011272819985816,0.013519657439969301,0.004508384619983485,True,False
2,60,58,2,"[[60,58,2]]_2",1.0,1.0,0.0,0.0,0.0,True,True
2,61,53,3,"[[61,53,3]]_2",0.7459016393442623,0.7540983606557377,0.018034273813377744,0.018034509242496832,2.3542911908869257e-07,True,False
2,62,54,3,"[[62,54,3]]_2",0.7419354838709677,0.7741935483870968,0.01788712766190992,0.01891449833414427,0.0010273706722343512,True,False
2,62,60,2,"[[62,60,2]]_2",1.0,1.0,1.1102230246251565e-16,1.1102230246251565e-16,0.0,True,True
2,63,55,3,"[[63,55,3]]_2",0.746031746031746,0.7619047619047619,0.017058414821163215,0.017303815132061362,0.0002454003108981473,True,False
2,64,56,3,"[[64,56,3]]_2",0.75,0.78125,0.011291607863639697,0.013226399750240314,0.0019347918866006175,True,False
2,64,62,2,"[[64,62,2]]_2",1.0,1.0,0.0,0.0,0.0,True,True
2,65,57,3,"[[65,57,3]]_2",0.7461538461538462,0.7692307692307693,0.012671564527239276,0.0133673249602555,0.0006957604330162237,True,False
2,66,58,3,"[[66,58,3]]_2",0.75,0.7878787878787878,0.010116133228314395,0.012978044872141603,0.0028619116438272085,True,False
2,66,64,2,"[[66,64,2]]_2",1.0,1.0,0.0,0.0,0.0,True,True
2,67,59,3,"[[67,59,3]]_2",0.7686567164179104,0.8059701492537313,0.007278205019817574,0.012967870989416874,0.0056896659695993,True,False
2,68,60,3,"[[68,60,3]]_2",0.7426470588235294,0.7647058823529411,0.01593573968421247,0.016254040542686865,0.00031830085847439626,True,False
2,68,66,2,"[[68,66,2]]_2",1.0,1.0,1.1102230246251565e-16,1.1102230246251565e-16,0.0,True,True
2,69,61,3,"[[69,61,3]]_2",0.7463768115942029,0.7536231884057971,0.016496637956692428,0.01649680062161507,1.6266492264271903e-07,True,False
2,70,62,3,"[[70,62,3]]_2",0.7428571428571429,0.7428571428571429,0.022882584811321993,0.022882584811321993,0.0,False,True
2,70,68,2,"[[70,68,2]]_2",1.0,1.0,-1.1102230246251565e-16,-1.1102230246251565e-16,0.0,True,True
2,71,63,3,"[[71,63,3]]_2",0.7535211267605634,0.7605633802816901,0.01571256521059816,0.015905351117106892,0.00019278590650873006,True,False
2,72,64,3,"[[72,64,3]]_2",0.7430555555555556,0.75,0.016202772470099824,0.016110570080040354,-9.22023900594704e-05,False,False
2,72,70,2,"[[72,70,2]]_2",1.0,1.0,0.0,0.0,0.0,True,True
2,73,65,3,"[[73,65,3]]_2",0.7328767123287672,0.7397260273972602,0.01661587866212777,0.016261355248563647,-0.00035452341356412287,False,False
2,74,66,3,"[[74,66,3]]_2",0.7432432432432432,0.7567567567567568,0.015475801391308885,0.015476856534429762,1.0551431208760675e-06,True,False
2,74,72,2,"[[74,72,2]]_2",1.0,1.0,0.0,0.0,0.0,True,True
2,75,67,3,"[[75,67,3]]_2",0.7466666666666667,0.7466666666666667,0.02163900548715747,0.02163900548715747,0.0,False,True
2,76,68,3,"[[76,68,3]]_2",0.756578947368421,0.7631578947368421,0.014783909431184572,0.015037207454625778,0.00025329802344120633,True,False
2,76,74,2,"[[76,74,2]]_2",1.0,1.0,0.0,0.0,0.0,True,True
2,77,69,3,"[[77,69,3]]_2",0.7467532467532467,0.7532467532467533,0.015230924099743914,0.01523104114747964,1.1704773572596139e-07,True,False
2,78,70,3,"[[78,70,3]]_2",0.75,0.7692307692307693,0.014125029629324715,0.014849149167452946,0.0007241195381282317,True,False
2,78,76,2,"[[78,76,2]]_2",1.0,1.0,0.0,0.0,0.0,True,True
2,79,71,3,"[[79,71,3]]_2",0.7531645569620253,0.759493670886076,0.014586191516520852,0.014741742509825628,0.00015555099330477606,True,False
2,80,72,3,"[[80,72,3]]_2",0.75,0.75,0.020535656352199894,0.020535656352199894,0.0,False,True
2,80,78,2,"[[80,78,2]]_2",1.0,1.0,1.1102230246251565e-16,1.1102230246251565e-16,0.0,True,True
2,81,73,3,"[[81,73,3]]_2",0.7592592592592593,0.7901234567901234,0.005509633015142068,0.00856195834400486,0.0030523253288627927,True,False
2,82,80,2,"[[82,80,2]]_2",1.0,1.0,0.0,0.0,0.0,True,True
2,83,74,3,"[[83,74,3]]_2",0.7028112449799198,0.7710843373493976,0.005926616649896133,0.002676967666749075,-0.0032496489831470576,True,False
2,84,75,3,"[[84,75,3]]_2",0.746031746031746,0.7857142857142857,0.006591544751197498,0.009099891517036052,0.002508346765838554,True,False
2,84,82,2,"[[84,82,2]]_2",1.0,1.0,0.0,0.0,0.0,True,True
2,85,77,3,"[[85,77,3]]_2",0.7529411764705882,0.7529411764705882,0.01954941146726108,0.01954941146726108,0.0,True,True
2,86,84,2,"[[86,84,2]]_2",1.0,1.0,0.0,0.0,0.0,True,True
2,87,78,3,"[[87,78,3]]_2",0.7598978288633461,0.8505747126436781,-0.012826632728199394,0.00871860186178397,0.021545234589983364,True,False
2,88,79,3,"[[88,79,3]]_2",0.7373737373737373,0.7727272727272727,0.008079209457277914,0.008790676179358026,0.0007114667220801119,True,False
2,88,86,2,"[[88,86,2]]_2",1.0,1.0,0.0,0.0,0.0,True,True
2,89,80,3,"[[89,80,3]]_2",0.7265917602996255,0.797752808988764,0.004003223167699077,0.0075659619854611115,0.0035627388177620345,True,False
2,90,81,3,"[[90,81,3]]_2",0.7358024691358025,0.7555555555555555,0.01103579690280776,0.010712461845297394,-0.0003233350575103655,True,False
2,90,88,2,"[[90,88,2]]_2",1.0,1.0,0.0,0.0,0.0,True,True
2,91,82,3,"[[91,82,3]]_2",0.7667887667887667,0.8351648351648352,-0.006518530854171534,0.008202219624865004,0.014720750479036537,True,False
2,92,83,3,"[[92,83,3]]_2",0.7342995169082126,0.7608695652173914,0.010410976937958227,0.010172705316435104,-0.00023827162152312287,True,False
2,92,90,2,"[[92,90,2]]_2",1.0,1.0,1.1102230246251565e-16,1.1102230246251565e-16,0.0,True,True
2,93,84,3,"[[93,84,3]]_2",0.7120669056152927,0.7741935483870968,0.005214692326679926,0.003684107967450778,-0.001530584359229148,True,False
2,94,85,3,"[[94,85,3]]_2",0.739952718676123,0.7659574468085106,0.009806599796908788,0.010111152086441755,0.00030455228953296665,True,False
2,94,92,2,"[[94,92,2]]_2",1.0,1.0,1.1102230246251565e-16,1.1102230246251565e-16,0.0,True,True
2,95,86,3,"[[95,86,3]]_2",0.7251461988304093,0.8,0.0040247126585963855,0.007912248605079664,0.003887535946483278,True,False
2,96,87,3,"[[96,87,3]]_2",0.7384259259259259,0.75,0.013073617519650194,0.012818515807564212,-0.0002551017120859811,False,False
2,96,94,2,"[[96,94,2]]_2",1.0,1.0,0.0,0.0,0.0,True,True
2,97,88,3,"[[97,88,3]]_2",0.711340206185567,0.7835051546391752,0.002568859225994702,0.0020136739667769854,-0.0005551852592177164,True,False
2,98,89,3,"[[98,89,3]]_2",0.7551020408163265,0.7755102040816326,0.008656879259188899,0.009888575975723013,0.0012316967165341142,True,False
2,98,96,2,"[[98,96,2]]_2",1.0,1.0,1.1102230246251565e-16,1.1102230246251565e-16,0.0,True,True
2,99,90,3,"[[99,90,3]]_2",0.7295173961840629,0.797979797979798,0.0007046524459082271,0.004552555138418568,0.003847902692510341,True,False
2,100,91,3,"[[100,91,3]]_2",0.74,0.76,0.009836499804468879,0.00983992135130518,3.421546836301914e-06,True,False
2,100,98,2,"[[100,98,2]]_2",1.0,1.0,0.0,0.0,0.0,True,True
2,101,92,3,"[[101,92,3]]_2",0.7315731573157316,0.7920792079207921,0.0016349184156243535,0.004539317162463474,0.002904398746839121,True,False
2,102,93,3,"[[102,93,3]]_2",0.7450980392156863,0.7647058823529411,0.007994846837568237,0.008370456610803156,0.0003756097732349195,True,False
2,102,100,2,"[[102,100,2]]_2",1.0,1.0,0.0,0.0,0.0,True,True
2,103,94,3,"[[103,94,3]]_2",0.7130528586839266,0.7669902912621359,0.004981747532049163,0.0029992580556493786,-0.0019824894763997847,True,False
2,104,95,3,"[[104,95,3]]_2",0.7521367521367522,0.7884615384615384,0.0071862902105701565,0.010129915121660837,0.002943624911090681,True,False
2,104,102,2,"[[104,102,2]]_2",1.0,1.0,0.0,0.0,0.0,True,True
2,105,96,3,"[[105,96,3]]_2",0.7111111111111111,0.7619047619047619,0.007731656528247033,0.005190275453187176,-0.0025413810750598564,True,False
2,106,97,3,"[[106,97,3]]_2",0.7442348008385744,0.7735849056603774,0.00678662722397394,0.007816746896926241,0.001030119672952301,True,False
2,106,104,2,"[[106,104,2]]_2",1.0,1.0,0.0,0.0,0.0,True,True
2,107,98,3,"[[107,98,3]]_2",0.7217030114226376,0.7850467289719626,0.0042528187136597895,0.005191752170182751,0.0009389334565229612,True,False
2,108,99,3,"[[108,99,3]]_2",0.7448559670781892,0.7777777777777778,0.006203049403475491,0.0076758199442045205,0.0014727705407290292,True,False
2,108,106,2,"[[108,106,2]]_2",1.0,1.0,1.1102230246251565e-16,1.1102230246251565e-16,0.0,True,True
2,109,100,3,"[[109,100,3]]_2",0.7339449541284404,0.8073394495412844,-0.0013082345199073586,0.0048993428332039235,0.006207577353111282,True,False
2,110,101,3,"[[110,101,3]]_2",0.7494949494949494,0.7636363636363637,0.008879034820068576,0.009240715453892046,0.00036168063382346904,True,False
2,110,108,2,"[[110,108,2]]_2",1.0,1.0,0.0,0.0,0.0,True,True
2,111,102,3,"[[111,102,3]]_2",0.7217217217217218,0.7567567567567568,0.005830970723838758,0.004417370344623195,-0.0014136003792155627,True,False
2,112,103,3,"[[112,103,3]]_2",0.75,0.7678571428571429,0.008440059505458342,0.009063609700001751,0.0006235501945434097,True,False
2,112,110,2,"[[112,110,2]]_2",1.0,1.0,0.0,0.0,0.0,True,True
2,113,104,3,"[[113,104,3]]_2",0.7266470009832842,0.8053097345132744,-0.0015248390222980523,0.0036635579742189117,0.005188396996516964,True,False
2,114,105,3,"[[114,105,3]]_2",0.7485380116959064,0.7719298245614035,0.006559633437877022,0.007499621262054612,0.0009399878241775905,True,False
2,114,112,2,"[[114,112,2]]_2",1.0,1.0,0.0,0.0,0.0,True,True
2,115,106,3,"[[115,106,3]]_2",0.7342995169082126,0.782608695652174,0.0042237554584680925,0.005865539293375632,0.0016417838349075398,True,False
2,116,107,3,"[[116,107,3]]_2",0.7452107279693486,0.7586206896551724,0.008881651225564058,0.008981787515008333,0.00010013628944427477,True,False
2,116,114,2,"[[116,114,2]]_2",1.0,1.0,1.1102230246251565e-16,1.1102230246251565e-16,0.0,True,True
2,117,108,3,"[[117,108,3]]_2",0.7454890788224122,0.7863247863247863,0.002815447929031545,0.005404163927642869,0.002588715998611324,True,False
2,118,109,3,"[[118,109,3]]_2",0.7354048964218455,0.7966101694915254,-0.0003181505468980994,0.0036505251541119055,0.003968675701010005,True,False
2,118,116,2,"[[118,116,2]]_2",1.0,1.0,0.0,0.0,0.0,True,True
2,119,110,3,"[[119,110,3]]_2",0.7450980392156863,0.773109243697479,0.003515352515178094,0.004518903209603908,0.0010035506944258143,True,False
2,120,111,3,"[[120,111,3]]_2",0.75,0.75,0.014900066269811663,0.014900066269811663,0.0,False,True
2,120,118,2,"[[120,118,2]]_2",1.0,1.0,0.0,0.0,0.0,True,True
2,121,112,3,"[[121,112,3]]_2",0.7566574839302113,0.7768595041322314,0.004465906186325808,0.005803226248973226,0.001337320062647418,True,False
2,122,113,3,"[[122,113,3]]_2",0.761384335154827,0.7950819672131147,0.00023727428106690152,0.004069939200566752,0.0038326649194998508,True,False
2,122,120,2,"[[122,120,2]]_2",1.0,1.0,1.1102230246251565e-16,1.1102230246251565e-16,0.0,True,True
2,123,114,3,"[[123,114,3]]_2",0.7570009033423668,0.7804878048780488,0.003968736953834373,0.00571401620356482,0.001745279249730447,True,False
2,124,115,3,"[[124,115,3]]_2",0.7347670250896058,0.782258064516129,0.003129429777050552,0.004752631168560284,0.001623201391509732,True,False
2,124,122,2,"[[124,122,2]]_2",1.0,1.0,1.1102230246251565e-16,1.1102230246251565e-16,0.0,True,True
2,125,116,3,"[[125,116,3]]_2",0.7386666666666666,0.776,0.002897904247230909,0.003985595674850462,0.0010876914276195526,True,False
2,126,117,3,"[[126,117,3]]_2",0.7433862433862434,0.7857142857142857,0.001671145145313746,0.00412602269255169,0.0024548775472379436,True,False
2,126,124,2,"[[126,124,2]]_2",1.0,1.0,1.1102230246251565e-16,1.1102230246251565e-16,0.0,True,True
2,127,118,3,"[[127,118,3]]_2",0.7541557305336832,0.8031496062992126,-0.0005894532261104812,0.005104207456497201,0.005693660682607682,True,False
2,128,119,3,"[[128,119,3]]_2",0.75,0.75,0.014149606614884513,0.014149606614884513,0.0,False,True
2,128,126,2,"[[128,126,2]]_2",1.0,1.0,0.0,0.0,0.0,True,True
2,129,120,3,"[[129,120,3]]_2",0.7459086993970715,0.7596899224806202,0.006759584992714118,0.006909709137278841,0.00015012414456472278,True,False
2,130,121,3,"[[130,121,3]]_2",0.7461538461538462,0.7769230769230769,0.003257020567541291,0.004658585885871536,0.0014015653183302446,True,False
2,130,128,2,"[[130,128,2]]_2",1.0,1.0,0.0,0.0,0.0,True,True
2,131,122,3,"[[131,122,3]]_2",0.7480916030534351,0.7557251908396947,0.00800727727780004,0.00806365981612378,5.6382538323740405e-05,True,False
2,132,123,3,"[[132,123,3]]_2",0.7483164983164983,0.7878787878787878,0.003290804358438537,0.006147272322770347,0.0028564679643318103,True,False
2,132,130,2,"[[132,130,2]]_2",1.0,1.0,0.0,0.0,0.0,True,True
2,133,124,3,"[[133,124,3]]_2",0.7502088554720133,0.7744360902255639,0.004191725377365008,0.005366719168465428,0.0011749937911004205,True,False
2,134,125,3,"[[134,125,3]]_2",0.7504145936981758,0.7686567164179104,0.005871153009088248,0.006551982044042837,0.0006808290349545887,True,False
2,134,132,2,"[[134,132,2]]_2",1.0,1.0,0.0,0.0,0.0,True,True
2,135,126,3,"[[135,126,3]]_2",0.7555555555555555,0.7703703703703704,0.005615838666432893,0.006369544174962272,0.0007537055085293787,True,False
2,136,127,3,"[[136,127,3]]_2",0.7434640522875817,0.75,0.006540134948786136,0.0064584319388898415,-8.170300989629453e-05,False,False
2,136,134,2,"[[136,134,2]]_2",1.0,1.0,1.1102230246251565e-16,1.1102230246251565e-16,0.0,True,True
2,137,128,3,"[[137,128,3]]_2",0.7510137875101378,0.7737226277372263,0.0025192731328785856,0.0036239854531483484,0.0011047123202697628,True,False
2,138,129,3,"[[138,129,3]]_2",0.7383252818035426,0.7681159420289855,0.005099574746220692,0.005481952728771389,0.00038237798255069677,True,False
2,138,136,2,"[[138,136,2]]_2",1.0,1.0,1.1102230246251565e-16,1.1102230246251565e-16,0.0,True,True
2,139,130,3,"[[139,130,3]]_2",0.7442046362909672,0.762589928057554,0.004792021198889995,0.005036160343296792,0.0002441391444067964,True,False
2,140,131,3,"[[140,131,3]]_2",0.75,0.7571428571428571,0.006208338600462993,0.00630711480572288,9.877620525988728e-05,True,False
2,140,138,2,"[[140,138,2]]_2",1.0,1.0,-1.1102230246251565e-16,-1.1102230246251565e-16,0.0,True,True
2,141,132,3,"[[141,132,3]]_2",0.7549251379038613,0.7659574468085106,0.00570933273877039,0.006159505964409617,0.0004501732256392277,True,False
2,142,133,3,"[[142,133,3]]_2",0.7441314553990611,0.7676056338028169,0.003578035765126497,0.004118092529992401,0.0005400567648659038,True,False
2,142,140,2,"[[142,140,2]]_2",1.0,1.0,0.0,0.0,0.0,True,True
2,143,134,3,"[[143,134,3]]_2",0.7397047397047397,0.7622377622377622,0.0060268533864459295,0.0061160977937220196,8.924440727609007e-05,True,False
2,144,135,3,"[[144,135,3]]_2",0.7438271604938271,0.7708333333333334,0.004404102675777288,0.005182346095665813,0.0007782434198885246,True,False
2,144,142,2,"[[144,142,2]]_2",1.0,1.0,0.0,0.0,0.0,True,True
2,145,136,3,"[[145,136,3]]_2",0.7478927203065134,0.7655172413793103,0.004579237969165373,0.005040512395111496,0.0004612744259461232,True,False
2,146,137,3,"[[146,137,3]]_2",0.7397260273972602,0.7671232876712328,0.005772679707143902,0.006144399315252569,0.0003717196081086671,True,False
2,146,144,2,"[[146,144,2]]_2",1.0,1.0,1.1102230246251565e-16,1.1102230246251565e-16,0.0,True,True
2,147,138,3,"[[147,138,3]]_2",0.7430083144368859,0.7619047619047619,0.0039132024065754445,0.004095330464878644,0.00018212805830319923,True,False
2,148,139,3,"[[148,139,3]]_2",0.7477477477477478,0.7702702702702703,0.005448744770644942,0.006244327526531479,0.0007955827558865369,True,False
2,148,146,2,"[[148,146,2]]_2",1.0,1.0,0.0,0.0,0.0,True,True
2,149,140,3,"[[149,140,3]]_2",0.744220730797912,0.7583892617449665,0.00579445618037866,0.005866945568944404,7.248938856574405e-05,True,False
2,150,141,3,"[[150,141,3]]_2",0.7474074074074074,0.7666666666666667,0.003536243528391436,0.004065911290579205,0.0005296677621877688,True,False
2,150,148,2,"[[150,148,2]]_2",1.0,1.0,1.1102230246251565e-16,1.1102230246251565e-16,0.0,True,True
2,151,142,3,"[[151,142,3]]_2",0.7468727005150846,0.7615894039735099,0.004615933131649874,0.0048582739224035665,0.0002423407907536923,True,False
2,152,143,3,"[[152,143,3]]_2",0.7456140350877193,0.7631578947368421,0.006987071104977427,0.007287260865531997,0.00030018976055457003,True,False
2,152,150,2,"[[152,150,2]]_2",1.0,1.0,0.0,0.0,0.0,True,True
2,153,144,3,"[[153,144,3]]_2",0.7465504720406682,0.7647058823529411,0.0054746617270424736,0.005873475139603901,0.00039881341256142733,True,False
2,154,145,3,"[[154,145,3]]_2",0.7489177489177489,0.7532467532467533,0.009042691583969753,0.009060777051059121,1.80854670893682e-05,True,False
2,154,152,2,"[[154,152,2]]_2",1.0,1.0,0.0,0.0,0.0,True,True
2,155,146,3,"[[155,146,3]]_2",0.7491039426523298,0.7677419354838709,0.0035187108587575455,0.004132630443080543,0.0006139195843229972,True,False
2,156,147,3,"[[156,147,3]]_2",0.7492877492877492,0.7692307692307693,0.006505896739074202,0.007229041052996155,0.0007231443139219529,True,False
2,156,154,2,"[[156,154,2]]_2",1.0,1.0,0.0,0.0,0.0,True,True
2,157,148,3,"[[157,148,3]]_2",0.7480537862703468,0.7643312101910829,0.0036032632567033485,0.003996271051292188,0.00039300779458883994,True,False
2,158,149,3,"[[158,149,3]]_2",0.7538677918424754,0.759493670886076,0.005531709416037756,0.005677702238842786,0.00014599282280503,True,False
2,158,156,2,"[[158,156,2]]_2",1.0,1.0,0.0,0.0,0.0,True,True
2,159,150,3,"[[159,150,3]]_2",0.7498252969951084,0.7547169811320755,0.007011700111262953,0.007054622642499342,4.2922531236389005e-05,True,False
2,160,151,3,"[[160,151,3]]_2",0.75,0.7625,0.006758944184168225,0.007062945507822382,0.0003040013236541572,True,False
2,160,158,2,"[[160,158,2]]_2",1.0,1.0,1.1102230246251565e-16,1.1102230246251565e-16,0.0,True,True
2,161,152,3,"[[161,152,3]]_2",0.7522429261559697,0.7639751552795031,0.004310375983341941,0.004681191031425391,0.00037081504808345045,True,False
2,162,153,3,"[[162,153,3]]_2",0.7585733882030178,0.7654320987654321,0.005190700502643697,0.005512832891266473,0.0003221323886227756,True,False
2,162,160,2,"[[162,160,2]]_2",1.0,1.0,0.0,0.0,0.0,True,True
2,163,154,3,"[[163,154,3]]_2",0.7566462167689161,0.7852760736196319,0.007089444300865333,0.009479475381734437,0.002390031080869104,True,False
2,164,155,3,"[[164,155,3]]_2",0.755420054200542,0.7804878048780488,0.005435199998819695,0.007218570985493833,0.0017833709866741376,True,False
2,164,162,2,"[[164,162,2]]_2",1.0,1.0,0.0,0.0,0.0,True,True
2,165,156,3,"[[165,156,3]]_2",0.7595959595959596,0.7757575757575758,0.0057898595698286925,0.006918485197686786,0.001128625627858093,True,False
2,166,157,3,"[[166,157,3]]_2",0.7530120481927711,0.7710843373493976,0.00481216280000174,0.005666651464430905,0.0008544886644291649,True,False
2,166,164,2,"[[166,164,2]]_2",1.0,1.0,0.0,0.0,0.0,True,True
2,168,159,3,"[[168,159,3]]_2",0.7552910052910052,0.7619047619047619,0.008211090166157509,0.008432568591294154,0.00022147842513664528,True,False
2,168,166,2,"[[168,166,2]]_2",1.0,1.0,0.0,0.0,0.0,True,True
2,170,160,3,"[[170,160,3]]_2",0.7411764705882353,0.7764705882352941,0.004984135379206611,0.006217172675720195,0.0012330372965135838,True,False
2,170,168,2,"[[170,168,2]]_2",1.0,1.0,0.0,0.0,0.0,True,True
2,171,161,3,"[[171,161,3]]_2",0.7508771929824561,0.7719298245614035,0.006646571959761816,0.007589184667252891,0.0009426127074910751,True,False
2,172,162,3,"[[172,162,3]]_2",0.7465116279069768,0.7558139534883721,0.008512348632667033,0.00855437497889322,4.202634622618717e-05,True,False
2,172,170,2,"[[172,170,2]]_2",1.0,1.0,0.0,0.0,0.0,True,True
2,173,163,3,"[[173,163,3]]_2",0.7421965317919076,0.7630057803468208,0.006670186810596723,0.006883104945352492,0.00021291813475576848,True,False
2,174,164,3,"[[174,164,3]]_2",0.7425287356321838,0.7586206896551724,0.006803624067589165,0.006841022589916257,3.739852232709229e-05,True,False
2,174,172,2,"[[174,172,2]]_2",1.0,1.0,1.1102230246251565e-16,1.1102230246251565e-16,0.0,True,True
2,175,165,3,"[[175,165,3]]_2",0.752,0.7771428571428571,0.004442074063486623,0.005888046738175112,0.0014459726746884893,True,False
2,176,166,3,"[[176,166,3]]_2",0.7318181818181819,0.75,0.006096698208364559,0.005470657987294847,-0.0006260402210697125,False,False
2,176,174,2,"[[176,174,2]]_2",1.0,1.0,0.0,0.0,0.0,True,True
2,177,167,3,"[[177,167,3]]_2",0.7412429378531072,0.7570621468926554,0.005638247196498636,0.005588408964416702,-4.98382320819335e-05,True,False
2,178,168,3,"[[178,168,3]]_2",0.750561797752809,0.7752808988764045,0.0048742910834563835,0.006132456187897928,0.0012581651044415443,True,False
2,178,176,2,"[[178,176,2]]_2",1.0,1.0,0.0,0.0,0.0,True,True
2,179,169,3,"[[179,169,3]]_2",0.7329608938547485,0.7597765363128491,0.006086775014630175,0.00572192422200557,-0.00036485079262460474,True,False
2,180,170,3,"[[180,170,3]]_2",0.76,0.8,0.0014856260137682264,0.006342468247924948,0.004856842234156722,True,False
2,180,178,2,"[[180,178,2]]_2",1.0,1.0,0.0,0.0,0.0,True,True
2,181,171,3,"[[181,171,3]]_2",0.7447513812154697,0.7734806629834254,0.004584457712265344,0.005615685656361946,0.0010312279440966021,True,False
2,182,172,3,"[[182,172,3]]_2",0.756043956043956,0.7692307692307693,0.005802524684846211,0.006455993596437115,0.0006534689115909043,True,False
2,182,180,2,"[[182,180,2]]_2",1.0,1.0,0.0,0.0,0.0,True,True
2,183,173,3,"[[183,173,3]]_2",0.7475409836065574,0.7759562841530054,0.004558701540053001,0.005874903096968032,0.001316201556915031,True,False
2,184,174,3,"[[184,174,3]]_2",0.7304347826086957,0.7391304347826086,0.007085740031196552,0.006586765265240269,-0.0004989747659562838,False,False
2,184,182,2,"[[184,182,2]]_2",1.0,1.0,1.1102230246251565e-16,1.1102230246251565e-16,0.0,True,True
2,185,175,3,"[[185,175,3]]_2",0.7416216216216216,0.7891891891891892,0.00386026036794207,0.006793720745067566,0.0029334603771254963,True,False
2,186,176,3,"[[186,176,3]]_2",0.7376344086021505,0.7741935483870968,0.004274414756248013,0.005135018564225935,0.0008606038079779221,True,False
2,186,184,2,"[[186,184,2]]_2",1.0,1.0,1.1102230246251565e-16,1.1102230246251565e-16,0.0,True,True
2,187,177,3,"[[187,177,3]]_2",0.7443850267379678,0.7593582887700535,0.0063804837354668464,0.006490031871282276,0.00010954813581542933,True,False
2,188,178,3,"[[188,178,3]]_2",0.7446808510638298,0.7659574468085106,0.004169270603150088,0.004612140331710313,0.00044286972856022455,True,False
2,188,186,2,"[[188,186,2]]_2",1.0,1.0,1.1102230246251565e-16,1.1102230246251565e-16,0.0,True,True
2,189,179,3,"[[189,179,3]]_2",0.7386243386243386,0.7513227513227513,0.0072691994603856225,0.007026097109443685,-0.00024310235094193722,True,False
2,190,180,3,"[[190,180,3]]_2",0.7578947368421053,0.8,0.0003746261853622146,0.005304829770089614,0.0049302035847273995,True,False
2,190,188,2,"[[190,188,2]]_2",1.0,1.0,-1.1102230246251565e-16,-1.1102230246251565e-16,0.0,True,True
2,191,181,3,"[[191,181,3]]_2",0.7518324607329843,0.774869109947644,0.004216312302462222,0.00542745060303873,0.0012111383005765086,True,False
2,192,182,3,"[[192,182,3]]_2",0.7416666666666667,0.7604166666666666,0.005531275360085575,0.005609367094664974,7.809173457939966e-05,True,False
2,192,190,2,"[[192,190,2]]_2",1.0,1.0,0.0,0.0,0.0,True,True
2,193,183,3,"[[193,183,3]]_2",0.7440414507772021,0.7564766839378239,0.0053051503481870155,0.005318372730540255,1.3222382353239581e-05,True,False
2,194,184,3,"[[194,184,3]]_2",0.7381443298969071,0.7628865979381443,0.0052696541274477315,0.005325265220556874,5.561109310914247e-05,True,False
2,194,192,2,"[[194,192,2]]_2",1.0,1.0,0.0,0.0,0.0,True,True
2,195,185,3,"[[195,185,3]]_2",0.7589743589743589,0.7692307692307693,0.005580006754355882,0.006147939487283427,0.0005679327329275452,True,False
2,196,186,3,"[[196,186,3]]_2",0.7469387755102042,0.7959183673469388,0.002492646863219039,0.0067159713760566175,0.0042233245128375785,True,False
2,196,194,2,"[[196,194,2]]_2",1.0,1.0,1.1102230246251565e-16,1.1102230246251565e-16,0.0,True,True
2,197,187,3,"[[197,187,3]]_2",0.7593908629441624,0.7715736040609137,0.005358785477149297,0.006101056726824483,0.000742271249675186,True,False
2,198,188,3,"[[198,188,3]]_2",0.7555555555555555,0.7878787878787878,0.002691378439971581,0.005493622881941884,0.002802244441970303,True,False
2,198,196,2,"[[198,196,2]]_2",1.0,1.0,1.1102230246251565e-16,1.1102230246251565e-16,0.0,True,True
2,199,189,3,"[[199,189,3]]_2",0.7396984924623115,0.7537688442211056,0.00553701207959123,0.005362119071645077,-0.00017489300794615303,True,False
2,200,190,3,"[[200,190,3]]_2",0.746,0.77,0.0056008917903133115,0.006354008164165426,0.000753116373852114,True,False
2,200,198,2,"[[200,198,2]]_2",1.0,1.0,0.0,0.0,0.0,True,True
2,201,191,3,"[[201,191,3]]_2",0.754228855721393,0.7860696517412935,0.0022493212819983954,0.004805033483233023,0.002555712201234628,True,False
2,202,192,3,"[[202,192,3]]_2",0.7465346534653466,0.7623762376237624,0.004952379346223279,0.005227327132498405,0.00027494778627512595,True,False
2,202,200,2,"[[202,200,2]]_2",1.0,1.0,1.1102230246251565e-16,1.1102230246251565e-16,0.0,True,True
2,203,193,3,"[[203,193,3]]_2",0.7527093596059113,0.7684729064039408,0.004526466949040353,0.0051799992125759475,0.0006535322635355945,True,False
2,204,194,3,"[[204,194,3]]_2",0.7411764705882352,0.7647058823529411,0.006442411024793926,0.0067154342756127194,0.00027302325081879353,True,False
2,204,202,2,"[[204,202,2]]_2",1.0,1.0,0.0,0.0,0.0,True,True
2,205,195,3,"[[205,195,3]]_2",0.7570731707317072,0.7707317073170732,0.005242978999750791,0.005988904283381613,0.0007459252836308217,True,False
2,206,196,3,"[[206,196,3]]_2",0.7475728155339806,0.7669902912621359,0.00550048154622651,0.006053189394191194,0.0005527078479646841,True,False
2,206,204,2,"[[206,204,2]]_2",1.0,1.0,0.0,0.0,0.0,True,True
2,207,197,3,"[[207,197,3]]_2",0.7516908212560386,0.7632850241545893,0.004633366591285215,0.00497149486462789,0.0003381282733426749,True,False
2,208,198,3,"[[208,198,3]]_2",0.7557692307692307,0.7788461538461539,0.00293890064965574,0.004519167803411994,0.001580267153756254,True,False
2,208,206,2,"[[208,206,2]]_2",1.0,1.0,0.0,0.0,0.0,True,True
2,209,199,3,"[[209,199,3]]_2",0.7521531100478468,0.7655502392344498,0.004463646869167337,0.004926527529086733,0.00046288065991939575,True,False
2,210,200,3,"[[210,200,3]]_2",0.7619047619047619,0.780952380952381,0.0044209488131208285,0.006042910866429052,0.0016219620533082235,True,False
2,210,208,2,"[[210,208,2]]_2",1.0,1.0,1.1102230246251565e-16,1.1102230246251565e-16,0.0,True,True
2,211,201,3,"[[211,201,3]]_2",0.7431279620853081,0.7677725118483413,0.004845730178423269,0.0053730388224833,0.0005273086440600316,True,False
2,212,202,3,"[[212,202,3]]_2",0.7547169811320755,0.7735849056603774,0.004185600805535872,0.0052363514276626555,0.0010507506221267837,True,False
2,212,210,2,"[[212,210,2]]_2",1.0,1.0,0.0,0.0,0.0,True,True
2,213,203,3,"[[213,203,3]]_2",0.739906103286385,0.7605633802816901,0.004979866815303491,0.005002306651549326,2.2439836245835565e-05,True,False
2,214,204,3,"[[214,204,3]]_2",0.7420560747663552,0.7570093457943925,0.005940493871098185,0.005915051800484128,-2.544207061405679e-05,True,False
2,214,212,2,"[[214,212,2]]_2",1.0,1.0,0.0,0.0,0.0,True,True
2,215,205,3,"[[215,205,3]]_2",0.747906976744186,0.7627906976744186,0.005563911250082043,0.005873891746444149,0.00030998049636210556,True,False
2,216,206,3,"[[216,206,3]]_2",0.7444444444444445,0.7592592592592593,0.004711172023674548,0.004818395723532043,0.00010722369985749491,True,False
2,216,214,2,"[[216,214,2]]_2",1.0,1.0,1.1102230246251565e-16,1.1102230246251565e-16,0.0,True,True
2,217,207,3,"[[217,207,3]]_2",0.7539170506912443,0.7741935483870968,0.004754806426118474,0.005876782542422743,0.0011219761163042685,True,False
2,218,208,3,"[[218,208,3]]_2",0.7431192660550459,0.7522935779816514,0.005756573990701619,0.005676190436150419,-8.038355455119994e-05,True,False
2,218,216,2,"[[218,216,2]]_2",1.0,1.0,1.1102230246251565e-16,1.1102230246251565e-16,0.0,True,True
2,219,209,3,"[[219,209,3]]_2",0.7525114155251142,0.7671232876712328,0.004341684102139753,0.00490247707983027,0.0005607929776905163,True,False
2,220,210,3,"[[220,210,3]]_2",0.7436363636363637,0.7727272727272727,0.004295412122987674,0.005232736300687324,0.0009373241776996499,True,False
2,220,218,2,"[[220,218,2]]_2",1.0,1.0,0.0,0.0,0.0,True,True
2,221,211,3,"[[221,211,3]]_2",0.7583710407239819,0.7782805429864253,0.0033668454775618306,0.0048109022585874905,0.00144405678102566,True,False
2,222,212,3,"[[222,212,3]]_2",0.7477477477477478,0.7657657657657657,0.003648285828106057,0.004123630974606329,0.00047534514650027226,True,False
2,222,220,2,"[[222,220,2]]_2",1.0,1.0,0.0,0.0,0.0,True,True
2,223,213,3,"[[223,213,3]]_2",0.737219730941704,0.7623318385650224,0.0060022379015765015,0.005987343652001931,-1.489424957457075e-05,True,False
2,224,214,3,"[[224,214,3]]_2",0.7482142857142857,0.7589285714285714,0.005390757191501061,0.00553922359768777,0.00014846640618670914,True,False
2,224,222,2,"[[224,222,2]]_2",1.0,1.0,0.0,0.0,0.0,True,True
2,225,215,3,"[[225,215,3]]_2",0.752,0.7822222222222223,0.0030835380659710587,0.005134894596188766,0.0020513565302177073,True,False
2,226,216,3,"[[226,216,3]]_2",0.7557522123893806,0.7699115044247787,0.0040833547027611106,0.004796175733550845,0.0007128210307897342,True,False
2,226,224,2,"[[226,224,2]]_2",1.0,1.0,0.0,0.0,0.0,True,True
2,227,217,3,"[[227,217,3]]_2",0.7365638766519823,0.748898678414097,0.005701275450021748,0.0053603624263242056,-0.00034091302369754217,False,False
2,228,218,3,"[[228,218,3]]_2",0.7473684210526316,0.7631578947368421,0.004443223717317757,0.004766983929309854,0.0003237602119920968,True,False
2,228,226,2,"[[228,226,2]]_2",1.0,1.0,0.0,0.0,0.0,True,True
2,229,219,3,"[[229,219,3]]_2",0.754585152838428,0.7685589519650655,0.004920546951264093,0.005553916227789668,0.000633369276525575,True,False
2,230,220,3,"[[230,220,3]]_2",0.7547826086956522,0.7652173913043478,0.004168078593899671,0.0045755820541185654,0.0004075034602188943,True,False
2,230,228,2,"[[230,228,2]]_2",1.0,1.0,1.1102230246251565e-16,1.1102230246251565e-16,0.0,True,True
2,231,221,3,"[[231,221,3]]_2",0.7497835497835498,0.7705627705627706,0.006155336441543091,0.006984209775265038,0.0008288733337219467,True,False
2,232,222,3,"[[232,222,3]]_2",0.7413793103448276,0.7586206896551724,0.003995214454323492,0.003997406194050868,2.191739727375186e-06,True,False
2,232,230,2,"[[232,230,2]]_2",1.0,1.0,1.1102230246251565e-16,1.1102230246251565e-16,0.0,True,True
2,233,223,3,"[[233,223,3]]_2",0.7467811158798283,0.7725321888412017,0.003911938883234156,0.004889317073870969,0.0009773781906368129,True,False
2,234,224,3,"[[234,224,3]]_2",0.7487179487179487,0.7692307692307693,0.004104504905359185,0.004825466311013549,0.0007209614056543634,True,False
2,234,232,2,"[[234,232,2]]_2",1.0,1.0,-1.1102230246251565e-16,-1.1102230246251565e-16,0.0,True,True
2,235,225,3,"[[235,225,3]]_2",0.7370212765957447,0.7659574468085106,0.004710614799393387,0.00488725939868051,0.0001766445992871235,True,False
2,236,226,3,"[[236,226,3]]_2",0.7576271186440678,0.7796610169491526,0.0024560327372734614,0.00408362510209026,0.001627592364816799,True,False
2,236,234,2,"[[236,234,2]]_2",1.0,1.0,0.0,0.0,0.0,True,True
2,237,227,3,"[[237,227,3]]_2",0.7409282700421941,0.7763713080168776,0.003905311779153653,0.005119425780101494,0.0012141140009478413,True,False
2,238,228,3,"[[238,228,3]]_2",0.7428571428571429,0.7563025210084033,0.004520441332739544,0.004499754703390257,-2.068662934928689e-05,True,False
2,238,236,2,"[[238,236,2]]_2",1.0,1.0,0.0,0.0,0.0,True,True
2,239,229,3,"[[239,229,3]]_2",0.7548117154811715,0.7698744769874477,0.004007897052961229,0.004737052972240696,0.0007291559192794672,True,False
2,240,230,3,"[[240,230,3]]_2",0.7383333333333333,0.7583333333333333,0.004140252814257117,0.0040156655657651585,-0.00012458724849195857,True,False
2,240,238,2,"[[240,238,2]]_2",1.0,1.0,0.0,0.0,0.0,True,True
2,241,231,3,"[[241,231,3]]_2",0.7369294605809128,0.7551867219917012,0.004204060837658674,0.00393113120814681,-0.0002729296295118644,True,False
2,242,232,3,"[[242,232,3]]_2",0.7487603305785123,0.7603305785123967,0.004263821170568893,0.004468087449213898,0.00020426627864500446,True,False
2,242,240,2,"[[242,240,2]]_2",1.0,1.0,0.0,0.0,0.0,True,True
2,243,233,3,"[[243,233,3]]_2",0.7473251028806585,0.757201646090535,0.005523288168985063,0.005609971471409181,8.668330242411759e-05,True,False
2,244,234,3,"[[244,234,3]]_2",0.740983606557377,0.7540983606557377,0.004539233030535272,0.004416509898878207,-0.0001227231316570654,True,False
2,244,242,2,"[[244,242,2]]_2",1.0,1.0,1.1102230246251565e-16,1.1102230246251565e-16,0.0,True,True
2,245,235,3,"[[245,235,3]]_2",0.7314285714285714,0.7591836734693878,0.00495248029776596,0.0044631224945840264,-0.0004893578031819334,True,False
2,246,236,3,"[[246,236,3]]_2",0.7479674796747967,0.7560975609756098,0.00512085528369588,0.0051848358582609055,6.39805745650257e-05,True,False
2,246,244,2,"[[246,244,2]]_2",1.0,1.0,1.1102230246251565e-16,1.1102230246251565e-16,0.0,True,True
2,247,237,3,"[[247,237,3]]_2",0.7384615384615385,0.7530364372469636,0.004833729173968293,0.004597970864526624,-0.0002357583094416693,True,False
2,248,238,3,"[[248,238,3]]_2",0.7435483870967742,0.75,0.006321071157695424,0.006241457185391375,-7.961397230404899e-05,False,False
2,248,246,2,"[[248,246,2]]_2",1.0,1.0,1.1102230246251565e-16,1.1102230246251565e-16,0.0,True,True
2,249,239,3,"[[249,239,3]]_2",0.7469879518072289,0.7710843373493976,0.003788746695065459,0.004643328813412451,0.0008545821183469915,True,False
2,250,240,3,"[[250,240,3]]_2",0.7424,0.752,0.005547787886487465,0.005445126752953833,-0.00010266113353363249,True,False
2,250,248,2,"[[250,248,2]]_2",1.0,1.0,0.0,0.0,0.0,True,True
2,251,241,3,"[[251,241,3]]_2",0.7394422310756972,0.749003984063745,0.004667711779194228,0.004457166017512448,-0.00021054576168177963,False,False
2,252,242,3,"[[252,242,3]]_2",0.7476190476190476,0.7619047619047619,0.005449399197976046,0.005714102771108731,0.0002647035731326852,True,False
2,252,250,2,"[[252,250,2]]_2",1.0,1.0,1.1102230246251565e-16,1.1102230246251565e-16,0.0,True,True
2,253,243,3,"[[253,243,3]]_2",0.7430830039525692,0.766798418972332,0.00413437700468422,0.004594148408002652,0.0004597714033184319,True,False
2,254,244,3,"[[254,244,3]]_2",0.7527559055118109,0.7637795275590551,0.004790635934470822,0.005145855430280677,0.00035521949580985535,True,False
2,254,252,2,"[[254,252,2]]_2",1.0,1.0,-1.1102230246251565e-16,-1.1102230246251565e-16,0.0,True,True
2,255,245,3,"[[255,245,3]]_2",0.756078431372549,0.7764705882352941,0.003974392801148419,0.0052845787784431275,0.0013101859772947089,True,False
2,256,246,3,"[[256,246,3]]_2",0.7484375,0.7578125,0.004204161455739208,0.00431770896372663,0.00011354750798742153,True,False
2,256,254,2,"[[256,254,2]]_2",1.0,1.0,0.0,0.0,0.0,True,True
3,2,0,2,"[[2,0,2]]_3",1.0,1.0,0.0,0.0,0.0,True,True
3,3,1,2,"[[3,1,2]]_3",1.0,1.0,-1.1102230246251565e-16,-1.1102230246251565e-16,0.0,True,True
3,4,0,3,"[[4,0,3]]_3",0.75,0.75,0.09819731517859298,0.09819731517859298,0.0,False,True
3,4,2,2,"[[4,2,2]]_3",1.0,1.0,0.0,0.0,0.0,True,True
3,5,1,3,"[[5,1,3]]_3",0.8,0.8,0.08124560543000492,0.08124560543000492,0.0,False,True
3,5,3,2,"[[5,3,2]]_3",1.0,1.0,0.0,0.0,0.0,True,True
3,6,0,4,"[[6,0,4]]_3",0.6666666666666666,0.6666666666666666,0.0842756220830202,0.0842756220830202,0.0,False,True
3,6,2,3,"[[6,2,3]]_3",0.8333333333333334,0.8333333333333334,0.06914843035563734,0.06914843035563734,0.0,False,True
3,6,4,2,"[[6,4,2]]_3",1.0,1.0,-1.1102230246251565e-16,-1.1102230246251565e-16,0.0,True,True
3,7,3,3,"[[7,3,3]]_3",0.8571428571428571,0.8571428571428571,0.060134569538556115,0.060134569538556115,0.0,False,True
3,7,5,2,"[[7,5,2]]_3",1.0,1.0,-1.1102230246251565e-16,-1.1102230246251565e-16,0.0,True,True
3,8,2,4,"[[8,2,4]]_3",0.75,0.75,0.06636080005243628,0.06636080005243628,0.0,False,True
3,8,4,3,"[[8,4,3]]_3",0.875,0.875,0.0531761613044156,0.0531761613044156,0.0,False,True
3,8,6,2,"[[8,6,2]]_3",1.0,1.0,0.0,0.0,0.0,True,True
3,9,1,5,"[[9,1,5]]_3",0.6666666666666666,0.6666666666666666,0.0656287901259397,0.0656287901259397,0.0,False,True
3,9,5,3,"[[9,5,3]]_3",0.8888888888888888,0.8888888888888888,0.047649217460278726,0.047649217460278726,0.0,False,True
3,9,7,2,"[[9,7,2]]_3",1.0,1.0,-2.220446049250313e-16,-2.220446049250313e-16,0.0,True,True
3,10,0,6,"[[10,0,6]]_3",0.6,0.6,0.06294345847213179,0.06294345847213179,0.0,False,True
3,10,4,4,"[[10,4,4]]_3",0.8,0.8,0.054494281465901295,0.054494281465901295,0.0,False,True
3,10,6,3,"[[10,6,3]]_3",0.9,0.9,0.043156473430222886,0.043156473430222886,0.0,True,True
3,10,8,2,"[[10,8,2]]_3",1.0,1.0,0.0,0.0,0.0,True,True
3,11,9,2,"[[11,9,2]]_3",1.0,1.0,-2.220446049250313e-16,-2.220446049250313e-16,0.0,True,True
3,12,7,3,"[[12,7,3]]_3",0.85,0.9166666666666666,0.01645549449051542,0.01520103402680617,-0.0012544604637092505,True,False
3,12,10,2,"[[12,10,2]]_3",1.0,1.0,-1.1102230246251565e-16,-1.1102230246251565e-16,0.0,True,True
3,13,6,4,"[[13,6,4]]_3",0.7912087912087913,0.8461538461538461,0.02637980908215143,0.01216762995358367,-0.014212179128567759,False,False
3,13,8,3,"[[13,8,3]]_3",0.8307692307692308,0.9230769230769231,0.023282808896851526,0.01942638807384922,-0.0038564208230023045,True,False
3,13,11,2,"[[13,11,2]]_3",1.0,1.0,-1.1102230246251565e-16,-1.1102230246251565e-16,0.0,True,True
3,14,9,3,"[[14,9,3]]_3",0.8142857142857143,0.8571428571428571,0.023302878348455458,0.014525156221395163,-0.008777722127060295,False,False
3,14,12,2,"[[14,12,2]]_3",1.0,1.0,-1.1102230246251565e-16,-1.1102230246251565e-16,0.0,True,True
3,15,10,3,"[[15,10,3]]_3",0.88,0.9333333333333333,0.010233866392903357,0.015281787166632088,0.005047920773728731,True,False
3,15,13,2,"[[15,13,2]]_3",1.0,1.0,-1.1102230246251565e-16,-1.1102230246251565e-16,0.0,True,True
3,16,11,3,"[[16,11,3]]_3",0.85,0.875,0.022224017176071253,0.019471857904408307,-0.002752159271662946,False,False
3,16,14,2,"[[16,14,2]]_3",1.0,1.0,0.0,0.0,0.0,True,True
3,17,12,3,"[[17,12,3]]_3",0.8470588235294118,0.8823529411764706,0.016167278440442967,0.012605740463141113,-0.003561537977301854,False,False
3,17,15,2,"[[17,15,2]]_3",1.0,1.0,-1.1102230246251565e-16,-1.1102230246251565e-16,0.0,True,True
3,18,13,3,"[[18,13,3]]_3",0.8444444444444444,0.8888888888888888,0.018652677352487324,0.014544864110768163,-0.00410781324171916,False,False
3,18,16,2,"[[18,16,2]]_3",1.0,1.0,-2.220446049250313e-16,-2.220446049250313e-16,0.0,True,True
3,19,14,3,"[[19,14,3]]_3",0.8315789473684211,0.8947368421052632,0.012643630030787167,0.0060647973603763505,-0.006578832670410817,True,False
3,19,17,2,"[[19,17,2]]_3",1.0,1.0,-1.1102230246251565e-16,-1.1102230246251565e-16,0.0,True,True
3,20,15,3,"[[20,15,3]]_3",0.85,0.9,0.011148031179303408,0.008259859103082356,-0.0028881720762210517,True,False
3,20,18,2,"[[20,18,2]]_3",1.0,1.0,0.0,0.0,0.0,True,True
3,21,16,3,"[[21,16,3]]_3",0.8571428571428571,0.9047619047619048,0.009798125530919966,0.008252125717192249,-0.0015459998137277164,True,False
3,21,19,2,"[[21,19,2]]_3",1.0,1.0,-1.1102230246251565e-16,-1.1102230246251565e-16,0.0,True,True
3,22,17,3,"[[22,17,3]]_3",0.8636363636363636,0.9090909090909091,0.008575140509102575,0.008188719553744672,-0.00038642095535790233,True,False
3,22,20,2,"[[22,20,2]]_3",1.0,1.0,-2.220446049250313e-16,-2.220446049250313e-16,0.0,True,True
3,23,18,3,"[[23,18,3]]_3",0.8695652173913043,0.9130434782608695,0.00746336586267049,0.008083548940965524,0.0006201830782950335,True,False
3,23,21,2,"[[23,21,2]]_3",1.0,1.0,-1.1102230246251565e-16,-1.1102230246251565e-16,0.0,True,True
3,24,19,3,"[[24,19,3]]_3",0.8666666666666667,0.9166666666666666,0.0064495528486488984,0.007298991320551895,0.0008494384719029968,True,False
3,24,22,2,"[[24,22,2]]_3",1.0,1.0,-1.1102230246251565e-16,-1.1102230246251565e-16,0.0,True,True
3,25,20,3,"[[25,20,3]]_3",0.872,0.92,0.005522449635454119,0.007335856341202263,0.001813406705748144,True,False
3,25,23,2,"[[25,23,2]]_3",1.0,1.0,-1.1102230246251565e-16,-1.1102230246251565e-16,0.0,True,True
3,26,21,3,"[[26,21,3]]_3",0.8923076923076922,0.9230769230769231,0.004672438263473633,0.007626616572077416,0.002954178308603783,True,False
3,26,24,2,"[[26,24,2]]_3",1.0,1.0,-1.1102230246251565e-16,-1.1102230246251565e-16,0.0,True,True
3,27,22,3,"[[27,22,3]]_3",0.8814814814814815,0.8888888888888888,0.014796461850516751,0.014672417727563558,-0.000124044122953193,False,False
3,27,25,2,"[[27,25,2]]_3",1.0,1.0,-1.1102230246251565e-16,-1.1102230246251565e-16,0.0,True,True
3,28,23,3,"[[28,23,3]]_3",0.8928571428571429,0.8928571428571429,0.023399899372284705,0.023399899372284705,0.0,True,True
3,28,26,2,"[[28,26,2]]_3",1.0,1.0,-1.1102230246251565e-16,-1.1102230246251565e-16,0.0,True,True
3,29,27,2,"[[29,27,2]]_3",1.0,1.0,-1.1102230246251565e-16,-1.1102230246251565e-16,0.0,True,True
3,30,28,2,"[[30,28,2]]_3",1.0,1.0,-1.1102230246251565e-16,-1.1102230246251565e-16,0.0,True,True
3,31,25,3,"[[31,25,3]]_3",0.8387096774193549,0.8709677419354839,0.0124929347713012,0.008024419692545526,-0.004468515078755675,False,False
3,31,29,2,"[[31,29,2]]_3",1.0,1.0,-1.1102230246251565e-16,-1.1102230246251565e-16,0.0,True,True
3,32,24,4,"[[32,24,4]]_3",0.828125,0.84375,0.02025001186343045,0.017044465641600448,-0.0032055462218300024,False,False
3,32,26,3,"[[32,26,3]]_3",0.84375,0.875,0.011769477895615332,0.007967483220444938,-0.003801994675170395,False,False
3,32,30,2,"[[32,30,2]]_3",1.0,1.0,0.0,0.0,0.0,True,True
3,33,25,4,"[[33,25,4]]_3",0.8181818181818182,0.8484848484848485,0.014281983487167249,0.007818210729106156,-0.006463772758061093,False,False
3,33,27,3,"[[33,27,3]]_3",0.8282828282828283,0.8787878787878788,0.014922266212009316,0.007751021340854369,-0.007171244871154947,False,False
3,33,31,2,"[[33,31,2]]_3",1.0,1.0,-2.220446049250313e-16,-2.220446049250313e-16,0.0,True,True
3,34,26,4,"[[34,26,4]]_3",0.8308823529411765,0.8529411764705882,0.013600773261471688,0.009523411974667106,-0.004077361286804582,False,False
3,34,28,3,"[[34,28,3]]_3",0.8431372549019608,0.8823529411764706,0.016021618177900487,0.011776944777817211,-0.004244673400083276,False,False
3,34,32,2,"[[34,32,2]]_3",1.0,1.0,-1.1102230246251565e-16,-1.1102230246251565e-16,0.0,True,True
3,35,27,4,"[[35,27,4]]_3",0.8285714285714286,0.8571428571428571,0.017986619193585462,0.012805194035283352,-0.005181425158302111,False,False
3,35,29,3,"[[35,29,3]]_3",0.8285714285714286,0.8857142857142857,0.017537581500866373,0.01022656363618657,-0.007311017864679803,False,False
3,35,33,2,"[[35,33,2]]_3",1.0,1.0,-1.1102230246251565e-16,-1.1102230246251565e-16,0.0,True,True
3,36,28,4,"[[36,28,4]]_3",0.8263888888888888,0.8611111111111112,0.012349710084294752,0.006170072573132512,-0.006179637511162239,False,False
3,36,30,3,"[[36,30,3]]_3",0.8240740740740741,0.8888888888888888,0.015628665148376464,0.00723102508198703,-0.008397640066389433,False,False
3,36,34,2,"[[36,34,2]]_3",1.0,1.0,-2.220446049250313e-16,-2.220446049250313e-16,0.0,True,True
3,37,29,4,"[[37,29,4]]_3",0.8378378378378378,0.8648648648648649,0.011774267931416671,0.007679873578879448,-0.004094394352537223,False,False
3,37,31,3,"[[37,31,3]]_3",0.8378378378378378,0.8918918918918919,0.01611556090766242,0.010788001259057989,-0.00532755964860443,True,False
3,37,35,2,"[[37,35,2]]_3",1.0,1.0,0.0,0.0,0.0,True,True
3,38,30,4,"[[38,30,4]]_3",0.8355263157894737,0.868421052631579,0.012455898934733756,0.007556284610685915,-0.004899614324047841,False,False
3,38,32,3,"[[38,32,3]]_3",0.8421052631578947,0.8947368421052632,0.015442844986083282,0.010992811081317111,-0.004450033904766171,True,False
3,38,36,2,"[[38,36,2]]_3",1.0,1.0,-1.1102230246251565e-16,-1.1102230246251565e-16,0.0,True,True
3,39,31,4,"[[39,31,4]]_3",0.8397435897435898,0.8717948717948718,0.010711577857889454,0.006381398491827395,-0.004330179366062059,False,False
3,39,33,3,"[[39,33,3]]_3",0.8376068376068375,0.8974358974358975,0.01332853841378523,0.00810622468183364,-0.005222313731951589,True,False
3,39,37,2,"[[39,37,2]]_3",1.0,1.0,-2.220446049250313e-16,-2.220446049250313e-16,0.0,True,True
3,40,32,4,"[[40,32,4]]_3",0.84375,0.875,0.011402993801985617,0.007600999126815222,-0.003801994675170395,False,False
3,40,34,3,"[[40,34,3]]_3",0.8416666666666666,0.9,0.012606821879496022,0.008288680098266776,-0.0043181417812292455,True,False
3,40,38,2,"[[40,38,2]]_3",1.0,1.0,0.0,0.0,0.0,True,True
3,41,33,4,"[[41,33,4]]_3",0.8414634146341463,0.8536585365853658,0.014035700009188634,0.01201771482377434,-0.002017985185414295,False,False
3,41,35,3,"[[41,35,3]]_3",0.8536585365853658,0.926829268292683,0.009732370779497623,0.010820743190821602,0.001088372411323979,True,False
3,41,39,2,"[[41,39,2]]_3",1.0,1.0,-1.1102230246251565e-16,-1.1102230246251565e-16,0.0,True,True
3,42,34,4,"[[42,34,4]]_3",0.8214285714285714,0.8333333333333334,0.014919141356983023,0.012144679002904502,-0.002774462354078522,False,False
3,42,36,3,"[[42,36,3]]_3",0.888888888888889,0.9523809523809523,0.00402338561810045,0.01556520967856545,0.011541824060465,True,False
3,42,40,2,"[[42,40,2]]_3",1.0,1.0,-1.1102230246251565e-16,-1.1102230246251565e-16,0.0,True,True
3,43,35,4,"[[43,35,4]]_3",0.8255813953488372,0.8372093023255814,0.01449015574359025,0.011930358528852714,-0.002559797214737536,False,False
3,43,37,3,"[[43,37,3]]_3",0.8914728682170543,0.9534883720930233,0.0032728915048625407,0.015267243684378706,0.011994352179516166,True,False
3,43,41,2,"[[43,41,2]]_3",1.0,1.0,-1.1102230246251565e-16,-1.1102230246251565e-16,0.0,True,True
3,44,36,4,"[[44,36,4]]_3",0.8238636363636364,0.8409090909090909,0.01408052487748257,0.010384804118167557,-0.003695720759315013,False,False
3,44,38,3,"[[44,38,3]]_3",0.8863636363636364,0.9545454545454546,-0.0012102370707466337,0.01124348993780111,0.012453727008547744,True,False
3,44,42,2,"[[44,42,2]]_3",1.0,1.0,-2.220446049250313e-16,-2.220446049250313e-16,0.0,True,True
3,45,37,4,"[[45,37,4]]_3",0.8277777777777777,0.8444444444444444,0.013689022325538036,0.010279766570394533,-0.003409255755143503,False,False
3,45,39,3,"[[45,39,3]]_3",0.8888888888888888,0.9555555555555556,-0.0020136296358759243,0.01090374700321739,0.012917376639093314,True,False
3,45,43,2,"[[45,43,2]]_3",1.0,1.0,-1.1102230246251565e-16,-1.1102230246251565e-16,0.0,True,True
3,46,38,4,"[[46,38,4]]_3",0.8315217391304348,0.8478260869565217,0.013314521094498932,0.010174031223815994,-0.0031404898706829387,False,False
3,46,40,3,"[[46,40,3]]_3",0.8768115942028986,0.9347826086956522,0.008323746245550767,0.013600515697871907,0.0052767694523211395,True,False
3,46,44,2,"[[46,44,2]]_3",1.0,1.0,-1.1102230246251565e-16,-1.1102230246251565e-16,0.0,True,True
3,47,39,4,"[[47,39,4]]_3",0.8351063829787234,0.851063829787234,0.012955983914100688,0.010067952974371797,-0.0028880309397288917,False,False
3,47,41,3,"[[47,41,3]]_3",0.8794326241134752,0.9574468085106383,-0.0006969598046244752,0.01288966456110574,0.013586624365730215,True,False
3,47,45,2,"[[47,45,2]]_3",1.0,1.0,-2.220446049250313e-16,-2.220446049250313e-16,0.0,True,True
3,48,40,4,"[[48,40,4]]_3",0.828125,0.8333333333333334,0.013619684288195044,0.012461499935215614,-0.00115818435297943,False,False
3,48,42,3,"[[48,42,3]]_3",0.8819444444444445,0.9583333333333334,-0.0015694782612630798,0.0125307644614987,0.01410024272276178,True,False
3,48,46,2,"[[48,46,2]]_3",1.0,1.0,-1.1102230246251565e-16,-1.1102230246251565e-16,0.0,True,True
3,49,41,4,"[[49,41,4]]_3",0.8367346938775511,0.8367346938775511,0.017464316782347944,0.017464316782347944,0.0,False,True
3,49,43,3,"[[49,43,3]]_3",0.8775510204081632,0.9183673469387755,0.009355016586085174,0.011249285816908317,0.0018942692308231424,True,False
3,49,47,2,"[[49,47,2]]_3",1.0,1.0,-1.1102230246251565e-16,-1.1102230246251565e-16,0.0,True,True
3,50,42,4,"[[50,42,4]]_3",0.835,0.84,0.012949782248756314,0.01194929208751383,-0.0010004901612424844,False,False
3,50,44,3,"[[50,44,3]]_3",0.88,0.92,0.00889954206656185,0.011165108312395144,0.002265566245833295,True,False
3,50,48,2,"[[50,48,2]]_3",1.0,1.0,-1.1102230246251565e-16,-1.1102230246251565e-16,0.0,True,True
3,51,43,4,"[[51,43,4]]_3",0.8431372549019608,0.8431372549019608,0.016813205398237274,0.016813205398237274,0.0,False,True
3,51,45,3,"[[51,45,3]]_3",0.8758169934640523,0.9019607843137255,0.009975665722622429,0.010002799192233569,2.713346961114027e-05,True,False
3,51,49,2,"[[51,49,2]]_3",1.0,1.0,-1.1102230246251565e-16,-1.1102230246251565e-16,0.0,True,True
3,52,44,4,"[[52,44,4]]_3",0.8413461538461539,0.8461538461538461,0.01233121050719399,0.011471287181744949,-0.0008599233254490413,False,False
3,52,46,3,"[[52,46,3]]_3",0.8782051282051282,0.9230769230769231,0.005433111389272605,0.008158509718710794,0.002725398329438189,True,False
3,52,50,2,"[[52,50,2]]_3",1.0,1.0,-1.1102230246251565e-16,-1.1102230246251565e-16,0.0,True,True
3,53,45,4,"[[53,45,4]]_3",0.8443396226415094,0.8490566037735849,0.012039438462510432,0.011244120661339174,-0.000795317801171258,False,False
3,53,47,3,"[[53,47,3]]_3",0.8742138364779874,0.9245283018867925,0.008934761473492259,0.011712466802111132,0.0027777053286188735,True,False
3,53,51,2,"[[53,51,2]]_3",1.0,1.0,-1.1102230246251565e-16,-1.1102230246251565e-16,0.0,True,True
3,54,46,4,"[[54,46,4]]_3",0.8518518518518519,0.8518518518518519,0.015922171030591015,0.015922171030591015,0.0,False,True
3,54,48,3,"[[54,48,3]]_3",0.8765432098765432,0.9259259259259259,0.008469808779257182,0.01166282102752736,0.0031930122482701773,True,False
3,54,52,2,"[[54,52,2]]_3",1.0,1.0,-1.1102230246251565e-16,-1.1102230246251565e-16,0.0,True,True
3,55,47,4,"[[55,47,4]]_3",0.85,0.8545454545454545,0.01148786689471537,0.010811673921685916,-0.0006761929730294547,False,False
3,55,49,3,"[[55,49,3]]_3",0.8666666666666666,0.8909090909090909,0.010480721718713282,0.009412706674539528,-0.0010680150441737535,True,False
3,55,53,2,"[[55,53,2]]_3",1.0,1.0,-1.1102230246251565e-16,-1.1102230246251565e-16,0.0,True,True
3,56,48,4,"[[56,48,4]]_3",0.8482142857142857,0.8571428571428571,0.01122696874088458,0.009912294150644096,-0.0013146745902404833,False,False
3,56,50,3,"[[56,50,3]]_3",0.875,0.9107142857142857,0.009327465277324754,0.010065800112167733,0.0007383348348429797,True,False
3,56,54,2,"[[56,54,2]]_3",1.0,1.0,-1.1102230246251565e-16,-1.1102230246251565e-16,0.0,True,True
3,57,49,4,"[[57,49,4]]_3",0.8508771929824561,0.8596491228070176,0.010975323983323904,0.009766459060768451,-0.0012088649225554526,False,False
3,57,51,3,"[[57,51,3]]_3",0.8713450292397661,0.9122807017543859,0.006895889345773676,0.007564637836356636,0.0006687484905829599,True,False
3,57,55,2,"[[57,55,2]]_3",1.0,1.0,-1.1102230246251565e-16,-1.1102230246251565e-16,0.0,True,True
3,58,50,4,"[[58,50,4]]_3",0.853448275862069,0.8620689655172413,0.010732470001971639,0.009624114856292887,-0.0011083551456787522,False,False
3,58,52,3,"[[58,52,3]]_3",0.8793103448275862,0.9137931034482759,0.008617114305691453,0.009945589504717134,0.0013284751990256805,True,False
3,58,56,2,"[[58,56,2]]_3",1.0,1.0,-1.1102230246251565e-16,-1.1102230246251565e-16,0.0,True,True
3,59,51,4,"[[59,51,4]]_3",0.8559322033898306,0.864406779661017,0.010497973960487239,0.009485162803718694,-0.001012811156768545,False,False
3,59,53,3,"[[59,53,3]]_3",0.8700564971751413,0.8983050847457628,0.007223286114732219,0.006652932140404633,-0.0005703539743275865,True,False
3,59,57,2,"[[59,57,2]]_3",1.0,1.0,-2.220446049250313e-16,-2.220446049250313e-16,0.0,True,True
3,60,52,4,"[[60,52,4]]_3",0.8625,0.8666666666666667,0.010271430476307408,0.009843785280056472,-0.00042764519625093644,False,False
3,60,54,3,"[[60,54,3]]_3",0.8777777777777778,0.9,0.009020380976726639,0.009037024678012373,1.6643701285734558e-05,True,False
3,60,58,2,"[[60,58,2]]_3",1.0,1.0,-1.1102230246251565e-16,-1.1102230246251565e-16,0.0,True,True
3,61,53,4,"[[61,53,4]]_3",0.8524590163934426,0.8524590163934426,0.0145282212134632,0.0145282212134632,0.0,False,True
3,61,55,3,"[[61,55,3]]_3",0.8797814207650273,0.9016393442622951,0.00875528543607973,0.008956463059559994,0.00020117762348026424,True,False
3,61,59,2,"[[61,59,2]]_3",1.0,1.0,-2.220446049250313e-16,-2.220446049250313e-16,0.0,True,True
3,62,54,4,"[[62,54,4]]_3",0.8629032258064516,0.8709677419354839,0.009840704406682721,0.009087695819705255,-0.0007530085869774661,False,False
3,62,56,3,"[[62,56,3]]_3",0.8817204301075269,0.9032258064516129,0.00849830645979377,0.008874748806859456,0.00037644234706568636,True,False
3,62,60,2,"[[62,60,2]]_3",1.0,1.0,-1.1102230246251565e-16,-1.1102230246251565e-16,0.0,True,True
3,63,55,4,"[[63,55,4]]_3",0.8611111111111112,0.873015873015873,0.009635830205538376,0.00853121985198213,-0.0011046103535562457,False,False
3,63,57,3,"[[63,57,3]]_3",0.8783068783068784,0.9047619047619048,0.006028609415913433,0.00638406568925165,0.00035545627333821717,True,False
3,63,61,2,"[[63,61,2]]_3",1.0,1.0,-1.1102230246251565e-16,-1.1102230246251565e-16,0.0,True,True
3,64,56,4,"[[64,56,4]]_3",0.859375,0.859375,0.013875774929324458,0.013875774929324458,0.0,False,True
3,64,58,3,"[[64,58,3]]_3",0.8802083333333334,0.90625,0.005752109110084502,0.006311186123087453,0.000559077013002951,True,False
3,64,62,2,"[[64,62,2]]_3",1.0,1.0,0.0,0.0,0.0,True,True
3,65,57,4,"[[65,57,4]]_3",0.8653846153846154,0.8769230769230769,0.00924548337856923,0.00836369791165359,-0.0008817854669156411,False,False
3,65,59,3,"[[65,59,3]]_3",0.8769230769230769,0.9076923076923077,0.008524237764591214,0.009062877585527485,0.0005386398209362708,True,False
3,65,63,2,"[[65,63,2]]_3",1.0,1.0,-1.1102230246251565e-16,-1.1102230246251565e-16,0.0,True,True
3,66,58,4,"[[66,58,4]]_3",0.8598484848484849,0.8787878787878788,0.007156015563059337,0.0055730865707265265,-0.0015829289923328105,False,False
3,66,60,3,"[[66,60,3]]_3",0.8737373737373737,0.9090909090909091,0.00635382987016353,0.006839963220580891,0.0004861333504173615,True,False
3,66,64,2,"[[66,64,2]]_3",1.0,1.0,-2.220446049250313e-16,-2.220446049250313e-16,0.0,True,True
3,67,59,4,"[[67,59,4]]_3",0.8582089552238806,0.8656716417910447,0.009575495385393706,0.008733785294770424,-0.0008417100906232822,False,False
3,67,61,3,"[[67,61,3]]_3",0.8756218905472637,0.9104477611940298,0.0060352205342601994,0.006781272692913287,0.0007460521586530877,True,False
3,67,65,2,"[[67,65,2]]_3",1.0,1.0,-1.1102230246251565e-16,-1.1102230246251565e-16,0.0,True,True
3,68,60,4,"[[68,60,4]]_3",0.8713235294117647,0.8823529411764706,0.00870427363323556,0.008120532976345074,-0.0005837406568904857,False,False
3,68,62,3,"[[68,62,3]]_3",0.8725490196078431,0.9117647058823529,0.008585286130350256,0.009281482332436752,0.0006961962020864965,True,False
3,68,66,2,"[[68,66,2]]_3",1.0,1.0,-1.1102230246251565e-16,-1.1102230246251565e-16,0.0,True,True
3,69,61,4,"[[69,61,4]]_3",0.8659420289855072,0.8695652173913043,0.009217759679238546,0.00889098077157191,-0.0003267789076666361,False,False
3,69,63,3,"[[69,63,3]]_3",0.8743961352657005,0.9130434782608695,0.008291843468506088,0.00926556310264004,0.0009737196341339516,True,False
3,69,67,2,"[[69,67,2]]_3",1.0,1.0,0.0,0.0,0.0,True,True
3,70,62,4,"[[70,62,4]]_3",0.8714285714285714,0.8714285714285714,0.012731459075394969,0.012731459075394969,0.0,False,True
3,70,64,3,"[[70,64,3]]_3",0.8761904761904762,0.9142857142857143,0.008002812815351867,0.00924156463784076,0.0012387518224888927,True,False
3,70,68,2,"[[70,68,2]]_3",1.0,1.0,-1.1102230246251565e-16,-1.1102230246251565e-16,0.0,True,True
3,71,63,4,"[[71,63,4]]_3",0.8661971830985915,0.8732394366197183,0.008880623942186472,0.008300980783832568,-0.0005796431583539041,False,False
3,71,65,3,"[[71,65,3]]_3",0.8779342723004695,0.9154929577464789,0.007718168351961041,0.009210131400687604,0.0014919630487265634,True,False
3,71,69,2,"[[71,69,2]]_3",1.0,1.0,-1.1102230246251565e-16,-1.1102230246251565e-16,0.0,True,True
3,72,64,4,"[[72,64,4]]_3",0.8715277777777778,0.875,0.008719256977858914,0.008483353004584693,-0.00023590397327422075,False,False
3,72,66,3,"[[72,66,3]]_3",0.8796296296296297,0.9166666666666666,0.007437889690310229,0.009171869473445282,0.0017339797831350534,True,False
3,72,70,2,"[[72,70,2]]_3",1.0,1.0,-2.220446049250313e-16,-2.220446049250313e-16,0.0,True,True
3,73,65,4,"[[73,65,4]]_3",0.8732876712328768,0.8767123287671232,0.008562433167581207,0.008354355046303108,-0.0002080781212780991,False,False
3,73,67,3,"[[73,67,3]]_3",0.8767123287671232,0.9041095890410958,0.008085379980507401,0.008310835031814623,0.00022545505130722177,True,False
3,73,71,2,"[[73,71,2]]_3",1.0,1.0,-1.1102230246251565e-16,-1.1102230246251565e-16,0.0,True,True
3,74,66,4,"[[74,66,4]]_3",0.875,0.8783783783783784,0.008409971973804553,0.008228590753802001,-0.0001813812200025522,False,False
3,74,68,3,"[[74,68,3]]_3",0.8783783783783784,0.9054054054054054,0.007858653692815576,0.008268874649104085,0.0004102209562885095,True,False
3,74,72,2,"[[74,72,2]]_3",1.0,1.0,0.0,0.0,0.0,True,True
3,75,67,4,"[[75,67,4]]_3",0.87,0.88,0.00826170213327837,0.0076551640421562706,-0.0006065380911220997,False,False
3,75,69,3,"[[75,69,3]]_3",0.8755555555555556,0.8933333333333333,0.008150412556202302,0.007800377907807188,-0.00035003464839511444,True,False
3,75,73,2,"[[75,73,2]]_3",1.0,1.0,-1.1102230246251565e-16,-1.1102230246251565e-16,0.0,True,True
3,76,68,4,"[[76,68,4]]_3",0.875,0.881578947368421,0.008117461075091037,0.007809083511543191,-0.00030837756354784585,False,False
3,76,70,3,"[[76,70,3]]_3",0.8771929824561404,0.8947368421052632,0.007969552449252681,0.007743599357232345,-0.00022595309202033675,True,False
3,76,74,2,"[[76,74,2]]_3",1.0,1.0,-1.1102230246251565e-16,-1.1102230246251565e-16,0.0,True,True
3,77,69,4,"[[77,69,4]]_3",0.8733766233766234,0.8831168831168831,0.0079770943816303,0.007519394594660556,-0.0004576997869697452,False,False
3,77,71,3,"[[77,71,3]]_3",0.8787878787878789,0.8961038961038961,0.0077931296596895905,0.007686296609882071,-0.00010683304980751984,True,False
3,77,75,2,"[[77,75,2]]_3",1.0,1.0,-2.220446049250313e-16,-2.220446049250313e-16,0.0,True,True
3,78,70,4,"[[78,70,4]]_3",0.8782051282051282,0.8846153846153846,0.007840455288843584,0.007626114984296439,-0.0002143403045471448,False,False
3,78,72,3,"[[78,72,3]]_3",0.8803418803418804,0.8974358974358975,0.007620996537914593,0.0076285627201000406,7.566182185447801e-06,True,False
3,78,76,2,"[[78,76,2]]_3",1.0,1.0,-2.220446049250313e-16,-2.220446049250313e-16,0.0,True,True
3,79,71,4,"[[79,71,4]]_3",0.879746835443038,0.8860759493670886,0.007707404222520808,0.007537373713872753,-0.0001700305086480558,False,False
3,79,73,3,"[[79,73,3]]_3",0.8818565400843883,0.8987341772151899,0.007453012022736072,0.007570483027142805,0.00011747100440673286,True,False
3,79,77,2,"[[79,77,2]]_3",1.0,1.0,0.0,0.0,0.0,True,True
3,80,72,4,"[[80,72,4]]_3",0.875,0.875,0.011445943978749096,0.011445943978749096,0.0,False,True
3,80,74,3,"[[80,74,3]]_3",0.8833333333333334,0.9,0.007289041259576079,0.007512135785378016,0.00022309452580193678,True,False
3,80,78,2,"[[80,78,2]]_3",1.0,1.0,0.0,0.0,0.0,True,True
3,81,73,4,"[[81,73,4]]_3",0.8765432098765432,0.8765432098765432,0.011309564526820748,0.011309564526820748,0.0,False,True
3,81,75,3,"[[81,75,3]]_3",0.8847736625514404,0.9012345679012346,0.007128955245904733,0.007453592738631443,0.0003246374927267093,True,False
3,81,79,2,"[[81,79,2]]_3",1.0,1.0,-1.1102230246251565e-16,-1.1102230246251565e-16,0.0,True,True
3,82,74,4,"[[82,74,4]]_3",0.8780487804878049,0.8780487804878049,0.011176384687046736,0.011176384687046736,0.0,False,True
3,82,76,3,"[[82,76,3]]_3",0.8861788617886179,0.9024390243902439,0.006972630501640098,0.007394919644177156,0.00042228914253705785,True,False
3,82,80,2,"[[82,80,2]]_3",1.0,1.0,-1.1102230246251565e-16,-1.1102230246251565e-16,0.0,True,True
3,83,77,3,"[[83,77,3]]_3",0.8835341365461847,0.891566265060241,0.007208517095659284,0.007159992584788832,-4.852451087045129e-05,True,False
3,83,81,2,"[[83,81,2]]_3",1.0,1.0,-2.220446049250313e-16,-2.220446049250313e-16,0.0,True,True
3,84,78,3,"[[84,78,3]]_3",0.8849206349206349,0.8928571428571429,0.007091535679768057,0.007092291845722132,7.561659540744614e-07,True,False
3,84,82,2,"[[84,82,2]]_3",1.0,1.0,-1.1102230246251565e-16,-1.1102230246251565e-16,0.0,True,True
3,85,79,3,"[[85,79,3]]_3",0.8823529411764706,0.8823529411764706,0.010794959558617201,0.010794959558617201,0.0,False,True
3,85,83,2,"[[85,83,2]]_3",1.0,1.0,0.0,0.0,0.0,True,True
3,86,80,3,"[[86,80,3]]_3",0.8837209302325582,0.8837209302325582,0.010673518950534588,0.010673518950534588,0.0,False,True
3,86,84,2,"[[86,84,2]]_3",1.0,1.0,-1.1102230246251565e-16,-1.1102230246251565e-16,0.0,True,True
3,87,81,3,"[[87,81,3]]_3",0.8888888888888888,0.896551724137931,0.006757473517634338,0.006895585748110333,0.0001381122304759952,True,False
3,87,85,2,"[[87,85,2]]_3",1.0,1.0,-1.1102230246251565e-16,-1.1102230246251565e-16,0.0,True,True
3,88,82,3,"[[88,82,3]]_3",0.8901515151515151,0.8977272727272727,0.006651428940665394,0.006832081869025175,0.0001806529283597813,True,False
3,88,86,2,"[[88,86,2]]_3",1.0,1.0,-2.220446049250313e-16,-2.220446049250313e-16,0.0,True,True
3,89,83,3,"[[89,83,3]]_3",0.8876404494382022,0.8876404494382022,0.01032500670310832,0.01032500670310832,0.0,False,True
3,89,87,2,"[[89,87,2]]_3",1.0,1.0,-1.1102230246251565e-16,-1.1102230246251565e-16,0.0,True,True
3,90,84,3,"[[90,84,3]]_3",0.8888888888888888,0.8888888888888888,0.010213824017739292,0.010213824017739292,0.0,False,True
3,90,88,2,"[[90,88,2]]_3",1.0,1.0,-1.1102230246251565e-16,-1.1102230246251565e-16,0.0,True,True
3,91,85,3,"[[91,85,3]]_3",0.8901098901098901,0.8901098901098901,0.01010500337652942,0.01010500337652942,0.0,True,True
3,91,89,2,"[[91,89,2]]_3",1.0,1.0,0.0,0.0,0.0,True,True
3,92,90,2,"[[92,90,2]]_3",1.0,1.0,-1.1102230246251565e-16,-1.1102230246251565e-16,0.0,True,True
3,93,86,3,"[[93,86,3]]_3",0.8755760368663594,0.9032258064516129,0.004361136157594814,0.004458926175101907,9.779001750709337e-05,True,False
3,93,91,2,"[[93,91,2]]_3",1.0,1.0,-1.1102230246251565e-16,-1.1102230246251565e-16,0.0,True,True
3,94,87,3,"[[94,87,3]]_3",0.8799392097264437,0.9148936170212766,0.0011953901880551454,0.002694246012472812,0.0014988558244176664,True,False
3,94,92,2,"[[94,92,2]]_3",1.0,1.0,-2.220446049250313e-16,-2.220446049250313e-16,0.0,True,True
3,95,88,3,"[[95,88,3]]_3",0.8827067669172933,0.9157894736842105,0.0010319546767090237,0.0027473436697152964,0.0017153889930062727,True,False
3,95,93,2,"[[95,93,2]]_3",1.0,1.0,-1.1102230246251565e-16,-1.1102230246251565e-16,0.0,True,True
3,96,89,3,"[[96,89,3]]_3",0.8630952380952381,0.875,0.005056743082593629,0.004046049063746948,-0.0010106940188466806,False,False
3,96,94,2,"[[96,94,2]]_3",1.0,1.0,-1.1102230246251565e-16,-1.1102230246251565e-16,0.0,True,True
3,97,90,3,"[[97,90,3]]_3",0.8851251840942563,0.9072164948453608,0.002591267689282306,0.003373584144904851,0.0007823164556225448,True,False
3,97,95,2,"[[97,95,2]]_3",1.0,1.0,-1.1102230246251565e-16,-1.1102230246251565e-16,0.0,True,True
3,98,91,3,"[[98,91,3]]_3",0.8629737609329445,0.8877551020408163,0.005199907271917992,0.0037497601288730698,-0.001450147143044922,False,False
3,98,96,2,"[[98,96,2]]_3",1.0,1.0,-1.1102230246251565e-16,-1.1102230246251565e-16,0.0,True,True
3,99,92,3,"[[99,92,3]]_3",0.8831168831168832,0.9090909090909091,0.0015389977749713513,0.00245875169370513,0.0009197539187337789,True,False
3,99,97,2,"[[99,97,2]]_3",1.0,1.0,-2.220446049250313e-16,-2.220446049250313e-16,0.0,True,True
3,100,93,3,"[[100,93,3]]_3",0.8785714285714286,0.91,0.0012512221520560862,0.0021022912403666494,0.0008510690883105632,True,False
3,100,98,2,"[[100,98,2]]_3",1.0,1.0,-1.1102230246251565e-16,-1.1102230246251565e-16,0.0,True,True
4,2,0,2,"[[2,0,2]]_4",1.0,1.0,0.0,0.0,0.0,True,True
4,3,1,2,"[[3,1,2]]_4",1.0,1.0,0.0,0.0,0.0,True,True
4,4,0,3,"[[4,0,3]]_4",0.75,0.75,0.07781953111478324,0.07781953111478324,0.0,False,True
4,4,2,2,"[[4,2,2]]_4",1.0,1.0,0.0,0.0,0.0,True,True
4,5,1,3,"[[5,1,3]]_4",0.8,0.8,0.06438561897747253,0.06438561897747253,0.0,False,True
4,5,3,2,"[[5,3,2]]_4",1.0,1.0,0.0,0.0,0.0,True,True
4,6,0,4,"[[6,0,4]]_4",0.6666666666666666,0.6666666666666666,0.06678685036326737,0.06678685036326737,0.0,False,True
4,6,2,3,"[[6,2,3]]_4",0.8333333333333334,0.8333333333333334,0.05479883454870704,0.05479883454870704,0.0,False,True
4,6,4,2,"[[6,4,2]]_4",1.0,1.0,0.0,0.0,0.0,True,True
4,7,3,3,"[[7,3,3]]_4",0.8571428571428571,0.8571428571428571,0.047655518857810275,0.047655518857810275,0.0,False,True
4,7,5,2,"[[7,5,2]]_4",1.0,1.0,0.0,0.0,0.0,True,True
4,8,2,4,"[[8,2,4]]_4",0.75,0.75,0.05258968980048295,0.05258968980048295,0.0,False,True
4,8,4,3,"[[8,4,3]]_4",0.875,0.875,0.04214111079989902,0.04214111079989902,0.0,False,True
4,8,6,2,"[[8,6,2]]_4",1.0,1.0,0.0,0.0,0.0,True,True
4,9,1,5,"[[9,1,5]]_4",0.6666666666666666,0.6666666666666666,0.052009585658656876,0.052009585658656876,0.0,False,True
4,9,3,4,"[[9,3,4]]_4",0.7777777777777778,0.7777777777777778,0.04744209880931327,0.04744209880931327,0.0,False,True
4,9,5,3,"[[9,5,3]]_4",0.8888888888888888,0.8888888888888888,0.03776111143162497,0.03776111143162497,0.0,False,True
4,9,7,2,"[[9,7,2]]_4",1.0,1.0,0.0,0.0,0.0,True,True
4,10,0,6,"[[10,0,6]]_4",0.6,0.6,0.049881510672014184,0.049881510672014184,0.0,False,True
4,10,4,4,"[[10,4,4]]_4",0.8,0.8,0.04318569631359859,0.04318569631359859,0.0,False,True
4,10,6,3,"[[10,6,3]]_4",0.9,0.9,0.0342006960251362,0.0342006960251362,0.0,False,True
4,10,8,2,"[[10,8,2]]_4",1.0,1.0,0.0,0.0,0.0,True,True
4,11,5,4,"[[11,5,4]]_4",0.8181818181818182,0.8181818181818182,0.03961506996601816,0.03961506996601816,0.0,False,True
4,11,7,3,"[[11,7,3]]_4",0.9090909090909091,0.9090909090909091,0.031250800852257954,0.031250800852257954,0.0,False,True
4,11,9,2,"[[11,9,2]]_4",1.0,1.0,0.0,0.0,0.0,True,True
4,12,6,4,"[[12,6,4]]_4",0.8333333333333334,0.8333333333333334,0.03658072792545419,0.03658072792545419,0.0,False,True
4,12,8,3,"[[12,8,3]]_4",0.9166666666666666,0.9166666666666666,0.028767493810884393,0.028767493810884393,0.0,False,True
4,12,10,2,"[[12,10,2]]_4",1.0,1.0,0.0,0.0,0.0,True,True
4,13,9,3,"[[13,9,3]]_4",0.9230769230769231,0.9230769230769231,0.026648588635369896,0.026648588635369896,0.0,False,True
4,13,11,2,"[[13,11,2]]_4",1.0,1.0,0.0,0.0,0.0,True,True
4,14,8,4,"[[14,8,4]]_4",0.8571428571428571,0.8571428571428571,0.03170757607060515,0.03170757607060515,0.0,False,True
4,14,10,3,"[[14,10,3]]_4",0.9285714285714286,0.9285714285714286,0.02481960090919011,0.02481960090919011,0.0,False,True
4,14,12,2,"[[14,12,2]]_4",1.0,1.0,0.0,0.0,0.0,True,True
4,15,11,3,"[[15,11,3]]_4",0.9333333333333333,0.9333333333333333,0.023224990495213316,0.023224990495213316,0.0,False,True
4,15,13,2,"[[15,13,2]]_4",1.0,1.0,0.0,0.0,0.0,True,True
4,16,10,4,"[[16,10,4]]_4",0.875,0.875,0.027970945243516065,0.027970945243516065,0.0,False,True
4,16,12,3,"[[16,12,3]]_4",0.9375,0.9375,0.021822516654253388,0.021822516654253388,0.0,False,True
4,16,14,2,"[[16,14,2]]_4",1.0,1.0,0.0,0.0,0.0,True,True
4,17,9,5,"[[17,9,5]]_4",0.8235294117647058,0.8235294117647058,0.029700308149237298,0.029700308149237298,0.0,False,True
4,17,13,3,"[[17,13,3]]_4",0.9411764705882353,0.9411764705882353,0.020579492058903415,0.020579492058903415,0.0,True,True
4,17,15,2,"[[17,15,2]]_4",1.0,1.0,0.0,0.0,0.0,True,True
4,18,12,4,"[[18,12,4]]_4",0.8888888888888888,0.8888888888888888,0.025017530323180104,0.025017530323180104,0.0,False,True
4,18,16,2,"[[18,16,2]]_4",1.0,1.0,0.0,0.0,0.0,True,True
4,19,14,3,"[[19,14,3]]_4",0.8842105263157896,0.9473684210526315,0.00703726083629308,0.0002653246574253476,-0.006771936178867732,True,False
4,19,17,2,"[[19,17,2]]_4",1.0,1.0,0.0,0.0,0.0,True,True
4,20,13,4,"[[20,13,4]]_4",0.8392857142857142,0.9,0.015154080833245542,-0.0023919310983286923,-0.017546011931574235,False,False
4,20,15,3,"[[20,15,3]]_4",0.8699999999999999,0.95,0.00531333297119585,-0.0050641719629662685,-0.010377504934162118,True,False
4,20,18,2,"[[20,18,2]]_4",1.0,1.0,0.0,0.0,0.0,True,True
4,21,16,3,"[[21,16,3]]_4",0.9047619047619048,0.9523809523809523,0.004576970042777906,0.002446595598856516,-0.00213037444392139,True,False
4,21,19,2,"[[21,19,2]]_4",1.0,1.0,0.0,0.0,0.0,True,True
4,22,17,3,"[[22,17,3]]_4",0.9136363636363637,0.9545454545454546,0.004561424116769963,0.003966891862099531,-0.0005945322546704324,True,False
4,22,20,2,"[[22,20,2]]_4",1.0,1.0,0.0,0.0,0.0,True,True
4,23,18,3,"[[23,18,3]]_4",0.9130434782608695,0.9565217391304348,0.0030454408807150113,0.00263173583786791,-0.0004137050428471012,True,False
4,23,21,2,"[[23,21,2]]_4",1.0,1.0,0.0,0.0,0.0,True,True
4,24,17,4,"[[24,17,4]]_4",0.8511904761904762,0.9166666666666666,0.011373924051425566,-0.004319091245524209,-0.015693015296949775,False,False
4,24,19,3,"[[24,19,3]]_4",0.9,0.9583333333333334,0.003266701309754705,0.0010695386461542222,-0.0021971626636004826,True,False
4,24,22,2,"[[24,22,2]]_4",1.0,1.0,0.0,0.0,0.0,True,True
4,25,20,3,"[[25,20,3]]_4",0.9159999999999999,0.96,0.0027012768694040235,0.0031821708600742182,0.0004808939906701948,True,False
4,25,23,2,"[[25,23,2]]_4",1.0,1.0,1.1102230246251565e-16,1.1102230246251565e-16,0.0,True,True
4,26,21,3,"[[26,21,3]]_4",0.9153846153846155,0.9615384615384616,0.002182319288301926,0.0028636093746308156,0.0006812900863288895,True,False
4,26,24,2,"[[26,24,2]]_4",1.0,1.0,0.0,0.0,0.0,True,True
4,27,22,3,"[[27,22,3]]_4",0.9,0.9259259259259259,0.00926069995540102,0.0059505128807628704,-0.003310187074638149,False,False
4,27,25,2,"[[27,25,2]]_4",1.0,1.0,1.1102230246251565e-16,1.1102230246251565e-16,0.0,True,True
4,28,23,3,"[[28,23,3]]_4",0.9142857142857144,0.9642857142857143,0.0012644043718016418,0.0023571934760613367,0.0010927891042596949,True,False
4,28,26,2,"[[28,26,2]]_4",1.0,1.0,0.0,0.0,0.0,True,True
4,29,24,3,"[[29,24,3]]_4",0.9275862068965517,0.9655172413793104,0.0008573644531670865,0.003426922845998659,0.0025695583928315724,True,False
4,29,27,2,"[[29,27,2]]_4",1.0,1.0,1.1102230246251565e-16,1.1102230246251565e-16,0.0,True,True
4,30,25,3,"[[30,25,3]]_4",0.91,0.9666666666666667,-0.0007242527205263416,0.0003350096947456471,0.0010592624152719887,True,False
4,30,28,2,"[[30,28,2]]_4",1.0,1.0,0.0,0.0,0.0,True,True
4,31,26,3,"[[31,26,3]]_4",0.9258064516129032,0.967741935483871,-0.0011224750505917092,0.0018655067312578488,0.002987981781849558,True,False
4,31,29,2,"[[31,29,2]]_4",1.0,1.0,1.1102230246251565e-16,1.1102230246251565e-16,0.0,True,True
4,32,25,4,"[[32,25,4]]_4",0.8928571428571429,0.9375,0.011219696518588118,0.006102825637287257,-0.005116870881300861,False,False
4,32,27,3,"[[32,27,3]]_4",0.93125,0.9375,0.008610314274932529,0.008493652671455854,-0.00011666160347667542,False,False
4,32,30,2,"[[32,30,2]]_4",1.0,1.0,0.0,0.0,0.0,True,True
4,33,28,3,"[[33,28,3]]_4",0.9212121212121211,0.9393939393939394,0.006186965572144043,0.005440289208955673,-0.0007466763631883699,True,False
4,33,31,2,"[[33,31,2]]_4",1.0,1.0,-1.1102230246251565e-16,-1.1102230246251565e-16,0.0,True,True
4,34,29,3,"[[34,29,3]]_4",0.9294117647058824,0.9705882352941176,-0.0021707886557503775,0.001781657572338724,0.0039524462280891015,True,False
4,34,32,2,"[[34,32,2]]_4",1.0,1.0,0.0,0.0,0.0,True,True
4,35,30,3,"[[35,30,3]]_4",0.9257142857142857,0.9714285714285714,-0.0024779566183201762,0.001507126310014817,0.003985082928334993,True,False
4,35,33,2,"[[35,33,2]]_4",1.0,1.0,-1.1102230246251565e-16,-1.1102230246251565e-16,0.0,True,True
4,36,31,3,"[[36,31,3]]_4",0.9027777777777778,0.9444444444444444,0.00504112409911861,0.0019904613107323277,-0.0030506627883862825,True,False
4,36,34,2,"[[36,34,2]]_4",1.0,1.0,0.0,0.0,0.0,True,True
4,37,32,3,"[[37,32,3]]_4",0.9135135135135134,0.9459459459459459,0.0038851003298080444,0.002521934403038939,-0.0013631659267691054,True,False
4,37,35,2,"[[37,35,2]]_4",1.0,1.0,-1.1102230246251565e-16,-1.1102230246251565e-16,0.0,True,True
4,38,33,3,"[[38,33,3]]_4",0.9236842105263158,0.9473684210526315,0.004381528514596389,0.004146237745091819,-0.00023529076950457029,True,False
4,38,36,2,"[[38,36,2]]_4",1.0,1.0,0.0,0.0,0.0,True,True
4,39,34,3,"[[39,34,3]]_4",0.9333333333333333,0.9487179487179487,0.006294124145912128,0.006652891460743993,0.00035876731483186486,True,False
4,39,37,2,"[[39,37,2]]_4",1.0,1.0,0.0,0.0,0.0,True,True
4,40,35,3,"[[40,35,3]]_4",0.915,0.925,0.008807151200057817,0.007851162739049067,-0.0009559884610087499,False,False
4,40,38,2,"[[40,38,2]]_4",1.0,1.0,0.0,0.0,0.0,True,True
4,41,36,3,"[[41,36,3]]_4",0.926829268292683,0.9512195121951219,0.002584288070494045,0.0028749156741493254,0.0002906276036552802,True,False
4,41,39,2,"[[41,39,2]]_4",1.0,1.0,0.0,0.0,0.0,True,True
4,42,37,3,"[[42,37,3]]_4",0.9380952380952381,0.9761904761904762,-0.004182249443296149,0.001767764056042842,0.005950013499338991,True,False
4,42,40,2,"[[42,40,2]]_4",1.0,1.0,0.0,0.0,0.0,True,True
4,43,38,3,"[[43,38,3]]_4",0.927906976744186,0.9767441860465116,-0.0012703235516056122,0.004613328010113715,0.0058836515617193275,True,False
4,43,41,2,"[[43,41,2]]_4",1.0,1.0,0.0,0.0,0.0,True,True
4,44,39,3,"[[44,39,3]]_4",0.9386363636363636,0.9772727272727273,-0.004556555298549592,0.0017922750380141572,0.006348830336563749,True,False
4,44,42,2,"[[44,42,2]]_4",1.0,1.0,0.0,0.0,0.0,True,True
4,45,40,3,"[[45,40,3]]_4",0.9266666666666667,0.9555555555555556,0.00255948949721152,0.00332566361557296,0.0007661741183614401,True,False
4,45,43,2,"[[45,43,2]]_4",1.0,1.0,0.0,0.0,0.0,True,True
4,46,41,3,"[[46,41,3]]_4",0.9260869565217391,0.9565217391304348,0.002347871933249146,0.003206748395944592,0.0008588764626954459,True,False
4,46,44,2,"[[46,44,2]]_4",1.0,1.0,0.0,0.0,0.0,True,True
4,47,42,3,"[[47,42,3]]_4",0.9361702127659575,0.9787234042553191,-0.005046841325075602,0.0018690632770573812,0.006915904602132983,True,False
4,47,45,2,"[[47,45,2]]_4",1.0,1.0,1.1102230246251565e-16,1.1102230246251565e-16,0.0,True,True
4,48,43,3,"[[48,43,3]]_4",0.9333333333333332,0.9583333333333334,0.001953688781109464,0.003404883105615153,0.001451194324505689,True,False
4,48,46,2,"[[48,46,2]]_4",1.0,1.0,0.0,0.0,0.0,True,True
4,49,44,3,"[[49,44,3]]_4",0.9326530612244899,0.9591836734693877,0.0017699562824846637,0.0033372679355558876,0.0015673116530712239,True,False
4,49,47,2,"[[49,47,2]]_4",1.0,1.0,0.0,0.0,0.0,True,True
4,50,45,3,"[[50,45,3]]_4",0.932,0.96,0.00042143074783251855,0.002103980467787925,0.0016825497199554063,True,False
4,50,48,2,"[[50,48,2]]_4",1.0,1.0,1.1102230246251565e-16,1.1102230246251565e-16,0.0,True,True
4,51,46,3,"[[51,46,3]]_4",0.9411764705882353,0.9607843137254902,0.0014266243691204439,0.0032933117674427415,0.0018666873983222976,True,False
4,51,49,2,"[[51,49,2]]_4",1.0,1.0,-1.1102230246251565e-16,-1.1102230246251565e-16,0.0,True,True
4,52,47,3,"[[52,47,3]]_4",0.9365384615384615,0.9615384615384616,0.0012661064539439826,0.0033085357870932253,0.0020424293331492427,True,False
4,52,50,2,"[[52,50,2]]_4",1.0,1.0,0.0,0.0,0.0,True,True
4,53,48,3,"[[53,48,3]]_4",0.9226415094339623,0.9433962264150944,0.003303892985976997,0.002779695432496565,-0.0005241975534804322,True,False
4,53,51,2,"[[53,51,2]]_4",1.0,1.0,0.0,0.0,0.0,True,True
4,54,49,3,"[[54,49,3]]_4",0.9351851851851852,0.9444444444444444,0.005692290413099044,0.005829848462813092,0.00013755804971404828,True,False
4,54,52,2,"[[54,52,2]]_4",1.0,1.0,1.1102230246251565e-16,1.1102230246251565e-16,0.0,True,True
4,55,50,3,"[[55,50,3]]_4",0.9272727272727272,0.9454545454545454,0.002913518806334614,0.0028097452124504763,-0.00010377359388413776,True,False
4,55,53,2,"[[55,53,2]]_4",1.0,1.0,-1.1102230246251565e-16,-1.1102230246251565e-16,0.0,True,True
4,56,51,3,"[[56,51,3]]_4",0.9428571428571428,0.9642857142857143,0.0006891246355353875,0.0031874291608167127,0.002498304525281325,True,False
4,56,54,2,"[[56,54,2]]_4",1.0,1.0,0.0,0.0,0.0,True,True
4,57,52,3,"[[57,52,3]]_4",0.9368421052631579,0.9473684210526315,0.003406672341650596,0.0037210886262891707,0.0003144162846385745,True,False
4,57,55,2,"[[57,55,2]]_4",1.0,1.0,0.0,0.0,0.0,True,True
4,58,53,3,"[[58,53,3]]_4",0.9413793103448276,0.9482758620689655,0.005092082264719022,0.005423252336996032,0.00033117007227700945,True,False
4,58,56,2,"[[58,56,2]]_4",1.0,1.0,1.1102230246251565e-16,1.1102230246251565e-16,0.0,True,True
4,59,57,2,"[[59,57,2]]_4",1.0,1.0,-1.1102230246251565e-16,-1.1102230246251565e-16,0.0,True,True
4,60,55,3,"[[60,55,3]]_4",0.9366666666666668,0.95,0.004824129848357117,0.005336245593386302,0.0005121157450291847,True,False
4,60,58,2,"[[60,58,2]]_4",1.0,1.0,0.0,0.0,0.0,True,True
4,61,59,2,"[[61,59,2]]_4",1.0,1.0,0.0,0.0,0.0,True,True
4,62,60,2,"[[62,60,2]]_4",1.0,1.0,1.1102230246251565e-16,1.1102230246251565e-16,0.0,True,True
4,63,58,3,"[[63,58,3]]_4",0.9365079365079365,0.9365079365079365,0.009160926991305662,0.009160926991305662,0.0,False,True
4,63,61,2,"[[63,61,2]]_4",1.0,1.0,-1.1102230246251565e-16,-1.1102230246251565e-16,0.0,True,True
4,64,59,3,"[[64,59,3]]_4",0.9375,0.9375,0.009020754659220254,0.009020754659220254,0.0,False,True
4,64,62,2,"[[64,62,2]]_4",1.0,1.0,0.0,0.0,0.0,True,True
4,65,63,2,"[[65,63,2]]_4",1.0,1.0,1.1102230246251565e-16,1.1102230246251565e-16,0.0,True,True
4,66,64,2,"[[66,64,2]]_4",1.0,1.0,-1.1102230246251565e-16,-1.1102230246251565e-16,0.0,True,True
4,67,65,2,"[[67,65,2]]_4",1.0,1.0,0.0,0.0,0.0,True,True
4,68,62,3,"[[68,62,3]]_4",0.9178921568627451,0.9411764705882353,0.002704103381055978,0.0016633233797159752,-0.0010407800013400026,True,False
4,68,66,2,"[[68,66,2]]_4",1.0,1.0,0.0,0.0,0.0,True,True
4,69,61,4,"[[69,61,4]]_4",0.9021739130434783,0.927536231884058,0.006292251224888856,0.0032740302874991745,-0.0030182209373896818,False,False
4,69,63,3,"[[69,63,3]]_4",0.9214975845410628,0.9565217391304348,2.0888367001092867e-05,0.0005273988442748845,0.0005065104772737916,True,False
4,69,67,2,"[[69,67,2]]_4",1.0,1.0,1.1102230246251565e-16,1.1102230246251565e-16,0.0,True,True
4,70,62,4,"[[70,62,4]]_4",0.9214285714285714,0.9428571428571428,0.002771023771811043,0.0021233241537401693,-0.0006476996180708738,True,False
4,70,64,3,"[[70,64,3]]_4",0.9273809523809524,0.9571428571428572,0.00015009033943691463,0.0011760048359228392,0.0010259144964859246,True,False
4,70,68,2,"[[70,68,2]]_4",1.0,1.0,-1.1102230246251565e-16,-1.1102230246251565e-16,0.0,True,True
4,71,63,4,"[[71,63,4]]_4",0.9295774647887324,0.9436619718309859,0.003919312298040434,0.0038539348789118355,-6.537741912859829e-05,True,False
4,71,65,3,"[[71,65,3]]_4",0.9178403755868545,0.9577464788732394,0.001184740424907238,0.0015107076107867545,0.00032596718587951656,True,False
4,71,69,2,"[[71,69,2]]_4",1.0,1.0,0.0,0.0,0.0,True,True
4,72,64,4,"[[72,64,4]]_4",0.9097222222222222,0.9305555555555556,0.006220944800728545,0.004259887762793402,-0.0019610570379351433,False,False
4,72,66,3,"[[72,66,3]]_4",0.9247685185185185,0.9444444444444444,0.002523668748030339,0.0022073864742190308,-0.000316282273811308,True,False
4,72,70,2,"[[72,70,2]]_4",1.0,1.0,0.0,0.0,0.0,True,True
4,73,65,4,"[[73,65,4]]_4",0.9041095890410958,0.9041095890410958,0.009157699655168328,0.009157699655168328,0.0,False,True
4,73,67,3,"[[73,67,3]]_4",0.9200913242009133,0.958904109589041,-0.0005168835438860153,0.00021451042331932513,0.0007313939672053404,True,False
4,73,71,2,"[[73,71,2]]_4",1.0,1.0,1.1102230246251565e-16,1.1102230246251565e-16,0.0,True,True
4,74,66,4,"[[74,66,4]]_4",0.9121621621621622,0.9459459459459459,0.004508160179014342,0.0029698957475217114,-0.0015382644314926308,True,False
4,74,68,3,"[[74,68,3]]_4",0.9211711711711712,0.9459459459459459,0.0019005404088400235,0.0013684958250205215,-0.000532044583819502,True,False
4,74,72,2,"[[74,72,2]]_4",1.0,1.0,-1.1102230246251565e-16,-1.1102230246251565e-16,0.0,True,True
4,75,67,4,"[[75,67,4]]_4",0.9033333333333333,0.92,0.005190331144580451,0.0029516295149477623,-0.002238701629632689,False,False
4,75,69,3,"[[75,69,3]]_4",0.9177777777777777,0.9466666666666667,0.0017782344326111588,0.0009542809693343646,-0.0008239534632767942,True,False
4,75,73,2,"[[75,73,2]]_4",1.0,1.0,0.0,0.0,0.0,True,True
4,76,68,4,"[[76,68,4]]_4",0.9111842105263158,0.9473684210526315,0.004844357595655935,0.0032605264358315234,-0.0015838311598244115,True,False
4,76,70,3,"[[76,70,3]]_4",0.9155701754385964,0.9736842105263158,-0.002426597993587909,0.001320545835540865,0.003747143829128774,True,False
4,76,74,2,"[[76,74,2]]_4",1.0,1.0,0.0,0.0,0.0,True,True
4,77,69,4,"[[77,69,4]]_4",0.9155844155844156,0.948051948051948,0.0033032887220054707,0.00232516468690136,-0.000978124035104111,True,False
4,77,71,3,"[[77,71,3]]_4",0.9112554112554113,0.935064935064935,0.003142330905308799,0.0012705321774333367,-0.0018717987278754622,False,False
4,77,75,2,"[[77,75,2]]_4",1.0,1.0,1.1102230246251565e-16,1.1102230246251565e-16,0.0,True,True
4,78,70,4,"[[78,70,4]]_4",0.907051282051282,0.9230769230769231,0.004859453349212561,0.0029550590179056035,-0.0019043943313069578,False,False
4,78,72,3,"[[78,72,3]]_4",0.9220085470085471,0.9487179487179487,0.0014289702859925368,0.0011522547741381617,-0.00027671551185437515,True,False
4,78,76,2,"[[78,76,2]]_4",1.0,1.0,0.0,0.0,0.0,True,True
4,79,71,4,"[[79,71,4]]_4",0.9018987341772152,0.9367088607594937,0.004546347520849925,0.0011901092853909834,-0.0033562382354589415,False,False
4,79,73,3,"[[79,73,3]]_4",0.9219409282700421,0.9493670886075949,0.0013181059243716486,0.001086241800970389,-0.00023186412340125973,True,False
4,79,77,2,"[[79,77,2]]_4",1.0,1.0,0.0,0.0,0.0,True,True
4,80,72,4,"[[80,72,4]]_4",0.915625,0.9375,0.003373649939394485,0.0020378796058942994,-0.0013357703335001858,False,False
4,80,74,3,"[[80,74,3]]_4",0.9270833333333334,0.9625,-0.0015263978342979767,0.0003826034348887175,0.0019090012691866942,True,False
4,80,78,2,"[[80,78,2]]_4",1.0,1.0,0.0,0.0,0.0,True,True
4,81,73,4,"[[81,73,4]]_4",0.9135802469135802,0.9382716049382716,0.0036769292601160908,0.0020945736860011888,-0.001582355574114902,True,False
4,81,75,3,"[[81,75,3]]_4",0.9279835390946503,0.9629629629629629,-0.0016406973586919893,0.00041057783904430156,0.002051275197736291,True,False
4,81,79,2,"[[81,79,2]]_4",1.0,1.0,0.0,0.0,0.0,True,True
4,82,74,4,"[[82,74,4]]_4",0.9115853658536586,0.926829268292683,0.0044565457361488425,0.002944854945129083,-0.0015116907910197597,False,False
4,82,76,3,"[[82,76,3]]_4",0.9227642276422765,0.9634146341463414,-0.0007614936836588537,0.0010224897262164356,0.0017839834098752894,True,False
4,82,80,2,"[[82,80,2]]_4",1.0,1.0,0.0,0.0,0.0,True,True
4,83,75,4,"[[83,75,4]]_4",0.9126506024096386,0.9397590361445783,0.005957770330835888,0.004270174676685445,-0.0016875956541504422,True,False
4,83,77,3,"[[83,77,3]]_4",0.9226907630522088,0.9397590361445783,0.0027939462846098273,0.002179403958581294,-0.0006145423260285332,True,False
4,83,81,2,"[[83,81,2]]_4",1.0,1.0,0.0,0.0,0.0,True,True
4,84,76,4,"[[84,76,4]]_4",0.9107142857142857,0.9166666666666666,0.006663803056266904,0.0059160451903580435,-0.0007477578659088602,False,False
4,84,78,3,"[[84,78,3]]_4",0.9246031746031746,0.9642857142857143,-0.0019697833153455857,0.00013722360253631827,0.002107006917881904,True,False
4,84,82,2,"[[84,82,2]]_4",1.0,1.0,0.0,0.0,0.0,True,True
4,85,77,4,"[[85,77,4]]_4",0.9205882352941176,0.9411764705882353,0.0041008703803380175,0.0033284118833676324,-0.0007724584969703852,True,False
4,85,79,3,"[[85,79,3]]_4",0.9245098039215686,0.9529411764705882,0.0010376126670856856,0.0013471954407777709,0.0003095827736920853,True,False
4,85,83,2,"[[85,83,2]]_4",1.0,1.0,0.0,0.0,0.0,True,True
4,86,78,4,"[[86,78,4]]_4",0.9127906976744186,0.9302325581395349,0.0035866944533147205,0.002058434124380115,-0.0015282603289346053,False,False
4,86,80,3,"[[86,80,3]]_4",0.9069767441860465,0.9069767441860465,0.008053722255754847,0.008053722255754847,0.0,False,True
4,86,84,2,"[[86,84,2]]_4",1.0,1.0,0.0,0.0,0.0,True,True
4,87,79,4,"[[87,79,4]]_4",0.9022988505747126,0.9080459770114943,0.006053665283565768,0.005117087322549341,-0.0009365779610164271,False,False
4,87,81,3,"[[87,81,3]]_4",0.9204980842911877,0.9540229885057471,0.00037337751360555504,0.0004704493916604102,9.707187805485518e-05,True,False
4,87,85,2,"[[87,85,2]]_4",1.0,1.0,0.0,0.0,0.0,True,True
4,88,80,4,"[[88,80,4]]_4",0.9176136363636364,0.9318181818181818,0.004852489046227593,0.003836275359551,-0.0010162136866765925,False,False
4,88,82,3,"[[88,82,3]]_4",0.9214015151515151,0.9545454545454546,0.0002773073618649313,0.0005190015740849097,0.00024169421221997833,True,False
4,88,86,2,"[[88,86,2]]_4",1.0,1.0,0.0,0.0,0.0,True,True
4,89,81,4,"[[89,81,4]]_4",0.9101123595505618,0.9213483146067416,0.004555649978923992,0.0032523016750558575,-0.0013033483038681348,False,False
4,89,83,3,"[[89,83,3]]_4",0.9353932584269663,0.9662921348314607,-0.002475763740356629,0.0005466434579862733,0.0030224071983429024,True,False
4,89,87,2,"[[89,87,2]]_4",1.0,1.0,0.0,0.0,0.0,True,True
4,90,82,4,"[[90,82,4]]_4",0.9,0.9222222222222223,0.005467952146698263,0.0024368433087691432,-0.0030311088379291196,False,False
4,90,84,3,"[[90,84,3]]_4",0.9277777777777778,0.9666666666666667,-0.002280033761595468,0.0005663217019394873,0.0028463554635349553,True,False
4,90,88,2,"[[90,88,2]]_4",1.0,1.0,0.0,0.0,0.0,True,True
4,91,83,4,"[[91,83,4]]_4",0.9010989010989011,0.9230769230769231,0.0042953472514629665,0.001393636770524509,-0.0029017104809384575,False,False
4,91,85,3,"[[91,85,3]]_4",0.9230769230769231,0.9230769230769231,0.007387253669859817,0.007387253669859817,0.0,False,True
4,91,89,2,"[[91,89,2]]_4",1.0,1.0,0.0,0.0,0.0,True,True
4,92,84,4,"[[92,84,4]]_4",0.9021739130434783,0.9130434782608695,0.00638157439079845,0.004724441518602074,-0.0016571328721963763,False,False
4,92,86,3,"[[92,86,3]]_4",0.9184782608695652,0.9565217391304348,0.00010615334917629671,0.00032320096478477556,0.00021704761560847885,True,False
4,92,90,2,"[[92,90,2]]_4",1.0,1.0,0.0,0.0,0.0,True,True
4,93,85,4,"[[93,85,4]]_4",0.9247311827956989,0.946236559139785,0.003261984769276638,0.0030350717706699726,-0.00022691299860666536,True,False
4,93,87,3,"[[93,87,3]]_4",0.9283154121863799,0.956989247311828,0.0008195679953398871,0.001875419783689325,0.0010558517883494378,True,False
4,93,91,2,"[[93,91,2]]_4",1.0,1.0,1.1102230246251565e-16,1.1102230246251565e-16,0.0,True,True
4,94,86,4,"[[94,86,4]]_4",0.9122340425531915,0.9148936170212766,0.005493718905693501,0.005157923882960658,-0.00033579502273284323,False,False
4,94,88,3,"[[94,88,3]]_4",0.9273049645390071,0.9680851063829787,-0.002315435717961445,0.0008525699658654684,0.0031680056838269133,True,False
4,94,92,2,"[[94,92,2]]_4",1.0,1.0,1.1102230246251565e-16,1.1102230246251565e-16,0.0,True,True
4,95,87,4,"[[95,87,4]]_4",0.9052631578947369,0.9263157894736842,0.006586770834013933,0.004164643954822078,-0.002422126879191855,False,False
4,95,89,3,"[[95,89,3]]_4",0.9166666666666666,0.9578947368421052,0.00019369593186768785,0.00041380666700763236,0.0002201107351399445,True,False
4,95,93,2,"[[95,93,2]]_4",1.0,1.0,-1.1102230246251565e-16,-1.1102230246251565e-16,0.0,True,True
4,96,88,4,"[[96,88,4]]_4",0.9192708333333334,0.9375,0.004857223360875573,0.003915681134320392,-0.0009415422265551809,False,False
4,96,90,3,"[[96,90,3]]_4",0.9244791666666666,0.96875,-0.0017774862138527636,0.0013757284004841663,0.00315321461433693,True,False
4,96,94,2,"[[96,94,2]]_4",1.0,1.0,0.0,0.0,0.0,True,True
4,97,89,4,"[[97,89,4]]_4",0.904639175257732,0.9175257731958762,0.004499913640038322,0.0027325293557748376,-0.0017673842842634846,False,False
4,97,91,3,"[[97,91,3]]_4",0.9278350515463918,0.9484536082474226,0.0012082139645892553,0.0013249565326073354,0.00011674256801808003,True,False
4,97,95,2,"[[97,95,2]]_4",1.0,1.0,1.1102230246251565e-16,1.1102230246251565e-16,0.0,True,True
4,98,90,4,"[[98,90,4]]_4",0.9158163265306123,0.9591836734693877,0.0025285434724231504,0.0028529631306773995,0.0003244196582542491,True,False
4,98,92,3,"[[98,92,3]]_4",0.9209183673469388,0.9387755102040817,0.0022803663200527957,0.0015009755986031825,-0.0007793907214496132,True,False
4,98,96,2,"[[98,96,2]]_4",1.0,1.0,0.0,0.0,0.0,True,True
4,99,91,4,"[[99,91,4]]_4",0.9217171717171717,0.9393939393939394,0.0037823032656371103,0.0030803710264636353,-0.000701932239173475,True,False
4,99,93,3,"[[99,93,3]]_4",0.9377104377104377,0.9595959595959596,0.0004818405892625943,0.002187186021681553,0.0017053454324189588,True,False
4,99,97,2,"[[99,97,2]]_4",1.0,1.0,0.0,0.0,0.0,True,True
4,100,92,4,"[[100,92,4]]_4",0.915,0.94,0.004445983755241634,0.0030558118037061766,-0.0013901719515354571,True,False
4,100,94,3,"[[100,94,3]]_4",0.9216666666666667,0.96,-0.000484167764038812,0.000571547019478702,0.001055714783517514,True,False
4,100,98,2,"[[100,98,2]]_4",1.0,1.0,1.1102230246251565e-16,1.1102230246251565e-16,0.0,True,True
5,2,0,2,"[[2,0,2]]_5",1.0,1.0,0.0,0.0,0.0,True,True
5,3,1,2,"[[3,1,2]]_5",1.0,1.0,-1.1102230246251565e-16,-1.1102230246251565e-16,0.0,True,True
5,4,0,3,"[[4,0,3]]_5",0.75,0.75,0.06703009562280027,0.06703009562280027,0.0,False,True
5,4,2,2,"[[4,2,2]]_5",1.0,1.0,0.0,0.0,0.0,True,True
5,5,1,3,"[[5,1,3]]_5",0.8,0.8,0.05545875354128571,0.05545875354128571,0.0,False,True
5,5,3,2,"[[5,3,2]]_5",1.0,1.0,1.1102230246251565e-16,1.1102230246251565e-16,0.0,True,True
5,6,0,4,"[[6,0,4]]_5",0.6666666666666666,0.6666666666666666,0.05752706167802957,0.05752706167802957,0.0,False,True
5,6,2,3,"[[6,2,3]]_5",0.8333333333333334,0.8333333333333334,0.047201146899740865,0.047201146899740865,0.0,False,True
5,6,4,2,"[[6,4,2]]_5",1.0,1.0,-1.1102230246251565e-16,-1.1102230246251565e-16,0.0,True,True
5,7,1,4,"[[7,1,4]]_5",0.7142857142857143,0.7142857142857143,0.05074374429287387,0.05074374429287387,0.0,False,True
5,7,3,3,"[[7,3,3]]_5",0.8571428571428571,0.8571428571428571,0.041048229669766956,0.041048229669766956,0.0,False,True
5,7,5,2,"[[7,5,2]]_5",1.0,1.0,1.1102230246251565e-16,1.1102230246251565e-16,0.0,True,True
5,8,0,5,"[[8,0,5]]_5",0.625,0.625,0.049207948810070734,0.049207948810070734,0.0,False,True
5,8,2,4,"[[8,2,4]]_5",0.75,0.75,0.04529829318683887,0.04529829318683887,0.0,False,True
5,8,4,3,"[[8,4,3]]_5",0.875,0.875,0.0362983771053802,0.0362983771053802,0.0,False,True
5,8,6,2,"[[8,6,2]]_5",1.0,1.0,0.0,0.0,0.0,True,True
5,9,1,5,"[[9,1,5]]_5",0.6666666666666666,0.6666666666666666,0.04479861867658719,0.04479861867658719,0.0,False,True
5,9,3,4,"[[9,3,4]]_5",0.7777777777777778,0.7777777777777778,0.04086439964594546,0.04086439964594546,0.0,False,True
5,9,5,3,"[[9,5,3]]_5",0.8888888888888888,0.8888888888888888,0.032525651000796185,0.032525651000796185,0.0,False,True
5,9,7,2,"[[9,7,2]]_5",1.0,1.0,0.0,0.0,0.0,True,True
5,10,0,6,"[[10,0,6]]_5",0.6,0.6,0.04296559465544847,0.04296559465544847,0.0,False,True
5,10,2,5,"[[10,2,5]]_5",0.7,0.7,0.04104387213573191,0.04104387213573191,0.0,False,True
5,10,4,4,"[[10,4,4]]_5",0.8,0.8,0.03719813409268724,0.03719813409268724,0.0,False,True
5,10,6,3,"[[10,6,3]]_5",0.9,0.9,0.02945887609564024,0.02945887609564024,0.0,False,True
5,10,8,2,"[[10,8,2]]_5",1.0,1.0,1.1102230246251565e-16,1.1102230246251565e-16,0.0,True,True
5,11,3,5,"[[11,3,5]]_5",0.7272727272727273,0.7272727272727273,0.037831766015654966,0.037831766015654966,0.0,False,True
5,11,5,4,"[[11,5,4]]_5",0.8181818181818182,0.8181818181818182,0.03412256396160285,0.03412256396160285,0.0,False,True
5,11,7,3,"[[11,7,3]]_5",0.9090909090909091,0.9090909090909091,0.026917974696175073,0.026917974696175073,0.0,False,True
5,11,9,2,"[[11,9,2]]_5",1.0,1.0,0.0,0.0,0.0,True,True
5,12,2,6,"[[12,2,6]]_5",0.6666666666666666,0.6666666666666666,0.037114724077822125,0.037114724077822125,0.0,False,True
5,12,4,5,"[[12,4,5]]_5",0.75,0.75,0.0350638510348249,0.0350638510348249,0.0,False,True
5,12,6,4,"[[12,6,4]]_5",0.8333333333333334,0.8333333333333334,0.031508923989507664,0.031508923989507664,0.0,False,True
5,12,8,3,"[[12,8,3]]_5",0.9166666666666666,0.9166666666666666,0.02477897043773858,0.02477897043773858,0.0,False,True
5,12,10,2,"[[12,10,2]]_5",1.0,1.0,-1.1102230246251565e-16,-1.1102230246251565e-16,0.0,True,True
5,13,1,7,"[[13,1,7]]_5",0.6153846153846154,0.6153846153846154,0.03588330034102316,0.03588330034102316,0.0,False,True
5,13,5,5,"[[13,5,5]]_5",0.7692307692307693,0.7692307692307693,0.03265980266672042,0.03265980266672042,0.0,False,True
5,13,7,4,"[[13,7,4]]_5",0.8461538461538461,0.8461538461538461,0.029262257647848733,0.029262257647848733,0.0,False,True
5,13,9,3,"[[13,9,3]]_5",0.9230769230769231,0.9230769230769231,0.022953844861989592,0.022953844861989592,0.0,False,True
5,13,11,2,"[[13,11,2]]_5",1.0,1.0,0.0,0.0,0.0,True,True
5,14,0,8,"[[14,0,8]]_5",0.5714285714285714,0.5714285714285714,0.034469585087140486,0.034469585087140486,0.0,False,True
5,14,4,6,"[[14,4,6]]_5",0.7142857142857143,0.7142857142857143,0.03255394431151959,0.03255394431151959,0.0,False,True
5,14,6,5,"[[14,6,5]]_5",0.7857142857142857,0.7857142857142857,0.030555562942467973,0.030555562942467973,0.0,False,True
5,14,8,4,"[[14,8,4]]_5",0.8571428571428571,0.8571428571428571,0.02731141945387716,0.02731141945387716,0.0,False,True
5,14,10,3,"[[14,10,3]]_5",0.9285714285714286,0.9285714285714286,0.02137844058465066,0.02137844058465066,0.0,False,True
5,14,12,2,"[[14,12,2]]_5",1.0,1.0,1.1102230246251565e-16,1.1102230246251565e-16,0.0,True,True
5,15,3,7,"[[15,3,7]]_5",0.6666666666666666,0.6666666666666666,0.03190234811252135,0.03190234811252135,0.0,False,True
5,15,7,5,"[[15,7,5]]_5",0.8,0.8,0.02870026699831074,0.02870026699831074,0.0,False,True
5,15,9,4,"[[15,9,4]]_5",0.8666666666666667,0.8666666666666667,0.02560224387875909,0.02560224387875909,0.0,False,True
5,15,11,3,"[[15,11,3]]_5",0.9333333333333333,0.9333333333333333,0.020004917935531497,0.020004917935531497,0.0,False,True
5,15,13,2,"[[15,13,2]]_5",1.0,1.0,1.1102230246251565e-16,1.1102230246251565e-16,0.0,True,True
5,16,2,8,"[[16,2,8]]_5",0.625,0.625,0.03100491399039218,0.03100491399039218,0.0,False,True
5,16,8,5,"[[16,8,5]]_5",0.8125,0.8125,0.027053394082856008,0.027053394082856008,0.0,False,True
5,16,10,4,"[[16,10,4]]_5",0.875,0.875,0.024092860847073738,0.024092860847073738,0.0,False,True
5,16,12,3,"[[16,12,3]]_5",0.9375,0.9375,0.018796892722306335,0.018796892722306335,0.0,False,True
5,16,14,2,"[[16,14,2]]_5",1.0,1.0,0.0,0.0,0.0,True,True
5,17,1,9,"[[17,1,9]]_5",0.5882352941176471,0.5882352941176471,0.03000509291706077,0.03000509291706077,0.0,False,True
5,17,9,5,"[[17,9,5]]_5",0.8235294117647058,0.8235294117647058,0.0255824529748655,0.0255824529748655,0.0,False,True
5,17,11,4,"[[17,11,4]]_5",0.8823529411764706,0.8823529411764706,0.022750445173666645,0.022750445173666645,0.0,False,True
5,17,13,3,"[[17,13,3]]_5",0.9411764705882353,0.9411764705882353,0.017726209613654453,0.017726209613654453,0.0,False,True
5,17,15,2,"[[17,15,2]]_5",1.0,1.0,1.1102230246251565e-16,1.1102230246251565e-16,0.0,True,True
5,18,0,10,"[[18,0,10]]_5",0.5555555555555556,0.5555555555555556,0.028976276499477094,0.028976276499477094,0.0,False,True
5,18,10,5,"[[18,10,5]]_5",0.8333333333333334,0.8333333333333334,0.024261185876851776,0.024261185876851776,0.0,False,True
5,18,12,4,"[[18,12,4]]_5",0.8888888888888888,0.8888888888888888,0.021548927702167875,0.021548927702167875,0.0,False,True
5,18,14,3,"[[18,14,3]]_5",0.9444444444444444,0.9444444444444444,0.01677074523575517,0.01677074523575517,0.0,False,True
5,18,16,2,"[[18,16,2]]_5",1.0,1.0,0.0,0.0,0.0,True,True
5,19,11,5,"[[19,11,5]]_5",0.8421052631578947,0.8421052631578947,0.023068196986027023,0.023068196986027023,0.0,False,True
5,19,13,4,"[[19,13,4]]_5",0.8947368421052632,0.8947368421052632,0.020467358721841133,0.020467358721841133,0.0,False,True
5,19,15,3,"[[19,15,3]]_5",0.9473684210526315,0.9473684210526315,0.015912877921478108,0.015912877921478108,0.0,False,True
5,19,17,2,"[[19,17,2]]_5",1.0,1.0,1.1102230246251565e-16,1.1102230246251565e-16,0.0,True,True
5,20,12,5,"[[20,12,5]]_5",0.85,0.85,0.021985908928146336,0.021985908928146336,0.0,False,True
5,20,14,4,"[[20,14,4]]_5",0.9,0.9,0.019488720036596296,0.019488720036596296,0.0,False,True
5,20,16,3,"[[20,16,3]]_5",0.95,0.95,0.015138399963027016,0.015138399963027016,0.0,False,True
5,20,18,2,"[[20,18,2]]_5",1.0,1.0,1.1102230246251565e-16,1.1102230246251565e-16,0.0,True,True
5,21,13,5,"[[21,13,5]]_5",0.8571428571428571,0.8571428571428571,0.02099976661585712,0.02099976661585712,0.0,False,True
5,21,15,4,"[[21,15,4]]_5",0.9047619047619048,0.9047619047619048,0.01859905023035746,0.01859905023035746,0.0,False,True
5,21,17,3,"[[21,17,3]]_5",0.9523809523809523,0.9523809523809523,0.014435730219698462,0.014435730219698462,0.0,False,True
5,21,19,2,"[[21,19,2]]_5",1.0,1.0,0.0,0.0,0.0,True,True
5,22,14,5,"[[22,14,5]]_5",0.8636363636363636,0.8636363636363636,0.020097626480100494,0.020097626480100494,0.0,False,True
5,22,16,4,"[[22,16,4]]_5",0.9090909090909091,0.9090909090909091,0.017786791805193825,0.017786791805193825,0.0,False,True
5,22,18,3,"[[22,18,3]]_5",0.9545454545454546,0.9545454545454546,0.013795334733513465,0.013795334733513465,0.0,False,True
5,22,20,2,"[[22,20,2]]_5",1.0,1.0,0.0,0.0,0.0,True,True
5,23,15,5,"[[23,15,5]]_5",0.8695652173913043,0.8695652173913043,0.0192692846160768,0.0192692846160768,0.0,False,True
5,23,17,4,"[[23,17,4]]_5",0.9130434782608695,0.9130434782608695,0.01704229773776922,0.01704229773776922,0.0,False,True
5,23,19,3,"[[23,19,3]]_5",0.9565217391304348,0.9565217391304348,0.013209294037743402,0.013209294037743402,0.0,False,True
5,23,21,2,"[[23,21,2]]_5",1.0,1.0,1.1102230246251565e-16,1.1102230246251565e-16,0.0,True,True
5,24,16,5,"[[24,16,5]]_5",0.875,0.875,0.01850610945056763,0.01850610945056763,0.0,False,True
5,24,18,4,"[[24,18,4]]_5",0.9166666666666666,0.9166666666666666,0.016357454128705262,0.016357454128705262,0.0,False,True
5,24,20,3,"[[24,20,3]]_5",0.9583333333333334,0.9583333333333334,0.012670975635730164,0.012670975635730164,0.0,False,True
5,24,22,2,"[[24,22,2]]_5",1.0,1.0,-1.1102230246251565e-16,-1.1102230246251565e-16,0.0,True,True
5,25,17,5,"[[25,17,5]]_5",0.88,0.88,0.017800753528094293,0.017800753528094293,0.0,False,True
5,25,19,4,"[[25,19,4]]_5",0.92,0.92,0.01572538846987437,0.01572538846987437,0.0,False,True
5,25,21,3,"[[25,21,3]]_5",0.96,0.96,0.012174783021041025,0.012174783021041025,0.0,False,True
5,25,23,2,"[[25,23,2]]_5",1.0,1.0,1.1102230246251565e-16,1.1102230246251565e-16,0.0,True,True
5,26,16,6,"[[26,16,6]]_5",0.8461538461538461,0.8461538461538461,0.018519747931426966,0.018519747931426966,0.0,False,True
5,26,18,5,"[[26,18,5]]_5",0.8846153846153846,0.8846153846153846,0.017146925609238806,0.017146925609238806,0.0,False,True
5,26,20,4,"[[26,20,4]]_5",0.9230769230769231,0.9230769230769231,0.01514024180751039,0.01514024180751039,0.0,False,True
5,26,22,3,"[[26,22,3]]_5",0.9615384615384616,0.9615384615384616,0.011715961173305312,0.011715961173305312,0.0,True,True
5,26,24,2,"[[26,24,2]]_5",1.0,1.0,0.0,0.0,0.0,True,True
5,27,25,2,"[[27,25,2]]_5",1.0,1.0,0.0,0.0,0.0,True,True
5,28,23,3,"[[28,23,3]]_5",0.9142857142857144,0.9285714285714286,0.013094090806077374,0.009921883603327353,-0.0031722072027500214,False,False
5,28,26,2,"[[28,26,2]]_5",1.0,1.0,1.1102230246251565e-16,1.1102230246251565e-16,0.0,True,True
5,29,24,3,"[[29,24,3]]_5",0.9310344827586207,0.9655172413793104,0.004216652592730408,0.0015361570291606563,-0.0026804955635697514,True,False
5,29,27,2,"[[29,27,2]]_5",1.0,1.0,1.1102230246251565e-16,1.1102230246251565e-16,0.0,True,True
5,30,25,3,"[[30,25,3]]_5",0.9066666666666666,0.9333333333333333,0.008991210903042557,0.0029346610184046718,-0.006056549884637885,False,False
5,30,28,2,"[[30,28,2]]_5",1.0,1.0,1.1102230246251565e-16,1.1102230246251565e-16,0.0,True,True
5,31,26,3,"[[31,26,3]]_5",0.9354838709677419,0.967741935483871,0.003549230779530732,0.0017452969258358042,-0.0018039338536949279,True,False
5,31,29,2,"[[31,29,2]]_5",1.0,1.0,0.0,0.0,0.0,True,True
5,32,27,3,"[[32,27,3]]_5",0.94375,0.96875,0.0047179010685037825,0.004099654961125188,-0.000618246107378595,True,False
5,32,30,2,"[[32,30,2]]_5",1.0,1.0,0.0,0.0,0.0,True,True
5,33,28,3,"[[33,28,3]]_5",0.9333333333333333,0.9696969696969697,0.0025425461470703903,0.0005451016547665111,-0.001997444492303879,True,False
5,33,31,2,"[[33,31,2]]_5",1.0,1.0,2.220446049250313e-16,2.220446049250313e-16,0.0,True,True
5,34,29,3,"[[34,29,3]]_5",0.9294117647058824,0.9705882352941176,0.002258359881181171,-0.00034956388956119966,-0.002607923770742371,True,False
5,34,32,2,"[[34,32,2]]_5",1.0,1.0,1.1102230246251565e-16,1.1102230246251565e-16,0.0,True,True
5,35,30,3,"[[35,30,3]]_5",0.9485714285714286,0.9714285714285714,0.003994810982119845,0.0040937176974583656,9.890671533852036e-05,True,False
5,35,33,2,"[[35,33,2]]_5",1.0,1.0,1.1102230246251565e-16,1.1102230246251565e-16,0.0,True,True
5,36,31,3,"[[36,31,3]]_5",0.9444444444444444,0.9722222222222222,0.0022156193295626014,0.002013479431778653,-0.00020213989778394836,True,False
5,36,34,2,"[[36,34,2]]_5",1.0,1.0,0.0,0.0,0.0,True,True
5,37,32,3,"[[37,32,3]]_5",0.9405405405405405,0.9459459459459459,0.007414321499472187,0.006797810260216863,-0.000616511239255324,False,False
5,37,35,2,"[[37,35,2]]_5",1.0,1.0,0.0,0.0,0.0,True,True
5,38,33,3,"[[38,33,3]]_5",0.9526315789473685,0.9736842105263158,0.0033950631659829256,0.004045532209692948,0.0006504690437100225,True,False
5,38,36,2,"[[38,36,2]]_5",1.0,1.0,1.1102230246251565e-16,1.1102230246251565e-16,0.0,True,True
5,39,34,3,"[[39,34,3]]_5",0.9538461538461539,0.9743589743589743,0.0015875528134148276,0.002393130196041815,0.0008055773826269874,True,False
5,39,37,2,"[[39,37,2]]_5",1.0,1.0,1.1102230246251565e-16,1.1102230246251565e-16,0.0,True,True
5,40,35,3,"[[40,35,3]]_5",0.945,0.95,0.006659946003120698,0.006217768279503044,-0.00044217772361765384,False,False
5,40,38,2,"[[40,38,2]]_5",1.0,1.0,1.1102230246251565e-16,1.1102230246251565e-16,0.0,True,True
5,41,36,3,"[[41,36,3]]_5",0.9414634146341464,0.9512195121951219,0.006433754669694869,0.005504132940050921,-0.000929621729643948,False,False
5,41,39,2,"[[41,39,2]]_5",1.0,1.0,2.220446049250313e-16,2.220446049250313e-16,0.0,True,True
5,42,37,3,"[[42,37,3]]_5",0.9571428571428572,0.9761904761904762,0.001055439849849571,0.002257741067905661,0.00120230121805609,True,False
5,42,40,2,"[[42,40,2]]_5",1.0,1.0,0.0,0.0,0.0,True,True
5,43,38,3,"[[43,38,3]]_5",0.9488372093023255,0.9767441860465116,0.0042191088443016556,0.005083373146486658,0.0008642643021850027,True,False
5,43,41,2,"[[43,41,2]]_5",1.0,1.0,0.0,0.0,0.0,True,True
5,44,39,3,"[[44,39,3]]_5",0.95,0.9545454545454546,0.0058190181758535076,0.005558723869287019,-0.00026029430656648866,False,False
5,44,42,2,"[[44,42,2]]_5",1.0,1.0,0.0,0.0,0.0,True,True
5,45,40,3,"[[45,40,3]]_5",0.951111111111111,0.9555555555555556,0.005633034606828624,0.0054110909122471185,-0.00022194369458150565,False,False
5,45,43,2,"[[45,43,2]]_5",1.0,1.0,1.1102230246251565e-16,1.1102230246251565e-16,0.0,True,True
5,46,41,3,"[[46,41,3]]_5",0.9478260869565218,0.9565217391304348,0.005455490965702747,0.004954370808422537,-0.0005011201572802104,False,False
5,46,44,2,"[[46,44,2]]_5",1.0,1.0,1.1102230246251565e-16,1.1102230246251565e-16,0.0,True,True
5,47,42,3,"[[47,42,3]]_5",0.9446808510638297,0.9787234042553191,-0.0003412856559404931,0.0005078009857488741,0.0008490866416893672,True,False
5,47,45,2,"[[47,45,2]]_5",1.0,1.0,-1.1102230246251565e-16,-1.1102230246251565e-16,0.0,True,True
5,48,43,3,"[[48,43,3]]_5",0.9541666666666666,0.9583333333333334,0.005123618394043183,0.00500304231427251,-0.00012057607977067342,False,False
5,48,46,2,"[[48,46,2]]_5",1.0,1.0,-1.1102230246251565e-16,-1.1102230246251565e-16,0.0,True,True
5,49,44,3,"[[49,44,3]]_5",0.946938775510204,0.9591836734693877,0.00386944584235549,0.0032441462699938084,-0.0006252995723616817,False,False
5,49,47,2,"[[49,47,2]]_5",1.0,1.0,1.1102230246251565e-16,1.1102230246251565e-16,0.0,True,True
5,50,45,3,"[[50,45,3]]_5",0.9520000000000001,0.96,0.004819605863457532,0.004575775072063304,-0.00024383079139422836,False,False
5,50,48,2,"[[50,48,2]]_5",1.0,1.0,1.1102230246251565e-16,1.1102230246251565e-16,0.0,True,True
5,51,46,3,"[[51,46,3]]_5",0.9411764705882353,0.9803921568627451,0.0007083186681591247,0.0015097019758121277,0.000801383307653003,True,False
5,51,49,2,"[[51,49,2]]_5",1.0,1.0,1.1102230246251565e-16,1.1102230246251565e-16,0.0,True,True
5,52,47,3,"[[52,47,3]]_5",0.9576923076923076,0.9807692307692307,-0.0002355160433806791,0.001889510819494733,0.002125026862875412,True,False
5,52,50,2,"[[52,50,2]]_5",1.0,1.0,0.0,0.0,0.0,True,True
5,53,48,3,"[[53,48,3]]_5",0.9547169811320755,0.9811320754716981,-0.0011035151159758394,0.001020297219148425,0.0021238123351242644,True,False
5,53,51,2,"[[53,51,2]]_5",1.0,1.0,0.0,0.0,0.0,True,True
5,54,49,3,"[[54,49,3]]_5",0.9555555555555556,0.9814814814814815,0.0011085077669690246,0.003348493763886351,0.0022399859969173264,True,False
5,54,52,2,"[[54,52,2]]_5",1.0,1.0,0.0,0.0,0.0,True,True
5,55,50,3,"[[55,50,3]]_5",0.9636363636363636,0.9818181818181818,-0.0005197209360343624,0.001826207650314049,0.0023459285863484114,True,False
5,55,53,2,"[[55,53,2]]_5",1.0,1.0,0.0,0.0,0.0,True,True
5,56,51,3,"[[56,51,3]]_5",0.9571428571428572,0.9821428571428571,0.0007961447487963014,0.0032476151133060682,0.002451470364509767,True,False
5,56,54,2,"[[56,54,2]]_5",1.0,1.0,1.1102230246251565e-16,1.1102230246251565e-16,0.0,True,True
5,57,52,3,"[[57,52,3]]_5",0.943859649122807,0.9824561403508771,0.0006476874627114881,0.0022728659936139817,0.0016251785309024935,True,False
5,57,55,2,"[[57,55,2]]_5",1.0,1.0,-1.1102230246251565e-16,-1.1102230246251565e-16,0.0,True,True
5,58,53,3,"[[58,53,3]]_5",0.9551724137931035,0.9827586206896551,-4.32308698099515e-05,0.002511724557575201,0.0025549554273851527,True,False
5,58,56,2,"[[58,56,2]]_5",1.0,1.0,1.1102230246251565e-16,1.1102230246251565e-16,0.0,True,True
5,59,54,3,"[[59,54,3]]_5",0.9627118644067796,0.9830508474576272,0.0016863992745288492,0.004381100036678909,0.0026947007621500596,True,False
5,59,57,2,"[[59,57,2]]_5",1.0,1.0,1.1102230246251565e-16,1.1102230246251565e-16,0.0,True,True
5,60,55,3,"[[60,55,3]]_5",0.9600000000000001,0.9833333333333333,0.00023081885593778662,0.0030341213551720037,0.002803302499234217,True,False
5,60,58,2,"[[60,58,2]]_5",1.0,1.0,1.1102230246251565e-16,1.1102230246251565e-16,0.0,True,True
5,61,56,3,"[[61,56,3]]_5",0.9606557377049181,0.9836065573770492,0.00010075886027216541,0.002979373978625799,0.0028786151183536335,True,False
5,61,59,2,"[[61,59,2]]_5",1.0,1.0,1.1102230246251565e-16,1.1102230246251565e-16,0.0,True,True
5,62,57,3,"[[62,57,3]]_5",0.9483870967741935,0.9838709677419355,-2.5132766035218523e-05,0.0024299601272242954,0.002455092893259514,True,False
5,62,60,2,"[[62,60,2]]_5",1.0,1.0,0.0,0.0,0.0,True,True
5,63,58,3,"[[63,58,3]]_5",0.9619047619047619,0.9841269841269841,-0.0001470115888435597,0.0028692293636917166,0.0030162409525352762,True,False
5,63,61,2,"[[63,61,2]]_5",1.0,1.0,0.0,0.0,0.0,True,True
5,64,59,3,"[[64,59,3]]_5",0.946875,0.96875,0.0020004536255046057,0.0017006783710368234,-0.0002997752544677823,True,False
5,64,62,2,"[[64,62,2]]_5",1.0,1.0,0.0,0.0,0.0,True,True
5,65,60,3,"[[65,60,3]]_5",0.9538461538461539,0.9692307692307692,0.0019081029374369285,0.0021354138048909066,0.0002273108674539781,True,False
5,65,63,2,"[[65,63,2]]_5",1.0,1.0,0.0,0.0,0.0,True,True
5,66,61,3,"[[66,61,3]]_5",0.9484848484848485,0.9696969696969697,0.0012772966995090451,0.0011981869079715768,-7.910979153746833e-05,True,False
5,66,64,2,"[[66,64,2]]_5",1.0,1.0,2.220446049250313e-16,2.220446049250313e-16,0.0,True,True
5,67,62,3,"[[67,62,3]]_5",0.9432835820895523,0.9701492537313433,0.002970106948378959,0.0024208010695284665,-0.0005493058788504923,True,False
5,67,65,2,"[[67,65,2]]_5",1.0,1.0,1.1102230246251565e-16,1.1102230246251565e-16,0.0,True,True
5,68,63,3,"[[68,63,3]]_5",0.95,0.9705882352941176,0.001648605110831869,0.0017707913928831642,0.00012218628205129534,True,False
5,68,66,2,"[[68,66,2]]_5",1.0,1.0,1.1102230246251565e-16,1.1102230246251565e-16,0.0,True,True
5,69,64,3,"[[69,64,3]]_5",0.9507246376811593,0.9565217391304348,0.0042795725628145265,0.004002340955318484,-0.00027723160749604236,False,False
5,69,67,2,"[[69,67,2]]_5",1.0,1.0,1.1102230246251565e-16,1.1102230246251565e-16,0.0,True,True
5,70,65,3,"[[70,65,3]]_5",0.9514285714285714,0.9571428571428572,0.004192557711449552,0.003946063051895821,-0.00024649465955373095,False,False
5,70,68,2,"[[70,68,2]]_5",1.0,1.0,1.1102230246251565e-16,1.1102230246251565e-16,0.0,True,True
5,71,66,3,"[[71,66,3]]_5",0.9549295774647887,0.971830985915493,0.0019409551925479995,0.0024703114365356438,0.0005293562439876442,True,False
5,71,69,2,"[[71,69,2]]_5",1.0,1.0,1.1102230246251565e-16,1.1102230246251565e-16,0.0,True,True
5,72,67,3,"[[72,67,3]]_5",0.9555555555555555,0.9722222222222222,0.0018582668550505277,0.0024554235112760336,0.000597156656225506,True,False
5,72,70,2,"[[72,70,2]]_5",1.0,1.0,0.0,0.0,0.0,True,True
5,73,68,3,"[[73,68,3]]_5",0.9506849315068494,0.9726027397260274,0.0006622392959106937,0.0010544848629813197,0.00039224556707062597,True,False
5,73,71,2,"[[73,71,2]]_5",1.0,1.0,0.0,0.0,0.0,True,True
5,74,69,3,"[[74,69,3]]_5",0.9621621621621622,0.972972972972973,0.002519082559752417,0.003265477214480339,0.0007463946547279221,True,False
5,74,72,2,"[[74,72,2]]_5",1.0,1.0,0.0,0.0,0.0,True,True
5,75,70,3,"[[75,70,3]]_5",0.9546666666666666,0.9733333333333334,0.001130698928493934,0.0018320387674256589,0.0007013398389317249,True,False
5,75,73,2,"[[75,73,2]]_5",1.0,1.0,1.1102230246251565e-16,1.1102230246251565e-16,0.0,True,True
5,76,71,3,"[[76,71,3]]_5",0.9500000000000001,0.9736842105263158,0.0019719714524317755,0.0024544829783149646,0.00048251152588318913,True,False
5,76,74,2,"[[76,74,2]]_5",1.0,1.0,1.1102230246251565e-16,1.1102230246251565e-16,0.0,True,True
5,77,72,3,"[[77,72,3]]_5",0.9636363636363636,0.974025974025974,0.00100177838506188,0.0018515769690888861,0.0008497985840270061,True,False
5,77,75,2,"[[77,75,2]]_5",1.0,1.0,0.0,0.0,0.0,True,True
5,78,73,3,"[[78,73,3]]_5",0.9615384615384616,0.9743589743589743,0.0014031375473596563,0.002345212789416906,0.0009420752420572498,True,False
5,78,76,2,"[[78,76,2]]_5",1.0,1.0,1.1102230246251565e-16,1.1102230246251565e-16,0.0,True,True
5,79,74,3,"[[79,74,3]]_5",0.9620253164556962,0.9746835443037974,0.0008801564182503441,0.0018620515660080494,0.0009818951477577054,True,False
5,79,77,2,"[[79,77,2]]_5",1.0,1.0,1.1102230246251565e-16,1.1102230246251565e-16,0.0,True,True
5,80,75,3,"[[80,75,3]]_5",0.9550000000000001,0.9875,-0.0008193831754076397,0.0032309460835355797,0.004050329258943219,True,False
5,80,78,2,"[[80,78,2]]_5",1.0,1.0,1.1102230246251565e-16,1.1102230246251565e-16,0.0,True,True
5,81,76,3,"[[81,76,3]]_5",0.9506172839506173,0.9629629629629629,0.0024146569764925685,0.00211885778660581,-0.00029579918988675846,True,False
5,81,79,2,"[[81,79,2]]_5",1.0,1.0,1.1102230246251565e-16,1.1102230246251565e-16,0.0,True,True
5,82,77,3,"[[82,77,3]]_5",0.9609756097560975,0.975609756097561,0.001133812848234772,0.0022701503146601576,0.0011363374664253856,True,False
5,82,80,2,"[[82,80,2]]_5",1.0,1.0,2.220446049250313e-16,2.220446049250313e-16,0.0,True,True
5,83,78,3,"[[83,78,3]]_5",0.96144578313253,0.9759036144578314,0.0010702154515436213,0.002249078887468836,0.0011788634359252148,True,False
5,83,81,2,"[[83,81,2]]_5",1.0,1.0,1.1102230246251565e-16,1.1102230246251565e-16,0.0,True,True
5,84,79,3,"[[84,79,3]]_5",0.95,0.9761904761904762,0.0012527148353356221,0.0021115755683578374,0.0008588607330222153,True,False
5,84,82,2,"[[84,82,2]]_5",1.0,1.0,0.0,0.0,0.0,True,True
5,85,80,3,"[[85,80,3]]_5",0.9458823529411765,0.9529411764705882,0.003994856819492187,0.003457321376508782,-0.0005375354429834056,False,False
5,85,83,2,"[[85,83,2]]_5",1.0,1.0,1.1102230246251565e-16,1.1102230246251565e-16,0.0,True,True
5,86,81,3,"[[86,81,3]]_5",0.9627906976744186,0.9767441860465116,-0.00020500699338199535,0.0010915412589580509,0.0012965482523400462,True,False
5,86,84,2,"[[86,84,2]]_5",1.0,1.0,0.0,0.0,0.0,True,True
5,87,82,3,"[[87,82,3]]_5",0.960919540229885,0.9655172413793104,0.0030345515866345707,0.003160074418606773,0.00012552283197220238,True,False
5,87,85,2,"[[87,85,2]]_5",1.0,1.0,1.1102230246251565e-16,1.1102230246251565e-16,0.0,True,True
5,88,83,3,"[[88,83,3]]_5",0.9590909090909091,0.9772727272727273,0.0020258662702377084,0.003445140609018016,0.0014192743387803075,True,False
5,88,86,2,"[[88,86,2]]_5",1.0,1.0,0.0,0.0,0.0,True,True
5,89,84,3,"[[89,84,3]]_5",0.9617977528089887,0.9775280898876404,-0.0003667546576172631,0.0010892935542520243,0.0014560482118692875,True,False
5,89,87,2,"[[89,87,2]]_5",1.0,1.0,0.0,0.0,0.0,True,True
5,90,85,3,"[[90,85,3]]_5",0.9533333333333333,0.9777777777777777,0.0007954051609639912,0.002140353129144512,0.001344947968180521,True,False
5,90,88,2,"[[90,88,2]]_5",1.0,1.0,1.1102230246251565e-16,1.1102230246251565e-16,0.0,True,True
5,91,86,3,"[[91,86,3]]_5",0.9516483516483516,0.967032967032967,0.0013242246944862313,0.0012715722576878141,-5.2652436798417135e-05,True,False
5,91,89,2,"[[91,89,2]]_5",1.0,1.0,0.0,0.0,0.0,True,True
5,92,87,3,"[[92,87,3]]_5",0.9500000000000001,0.9565217391304348,0.0035816087106782524,0.0032535105011032295,-0.0003280982095750229,False,False
5,92,90,2,"[[92,90,2]]_5",1.0,1.0,1.1102230246251565e-16,1.1102230246251565e-16,0.0,True,True
5,93,88,3,"[[93,88,3]]_5",0.956989247311828,0.967741935483871,0.001708687417163235,0.0019319638410860707,0.00022327642392283575,True,False
5,93,91,2,"[[93,91,2]]_5",1.0,1.0,0.0,0.0,0.0,True,True
5,94,89,3,"[[94,89,3]]_5",0.9595744680851064,0.9680851063829787,0.0026868563910488197,0.002969598553237196,0.00028274216218837633,True,False
5,94,92,2,"[[94,92,2]]_5",1.0,1.0,-1.1102230246251565e-16,-1.1102230246251565e-16,0.0,True,True
5,95,90,3,"[[95,90,3]]_5",0.9578947368421052,0.968421052631579,0.001609585997492391,0.001900434798829953,0.0002908488013375621,True,False
5,95,93,2,"[[95,93,2]]_5",1.0,1.0,0.0,0.0,0.0,True,True
5,96,91,3,"[[96,91,3]]_5",0.9583333333333334,0.96875,0.001561717704632315,0.0018847127350545279,0.0003229950304222129,True,False
5,96,94,2,"[[96,94,2]]_5",1.0,1.0,-1.1102230246251565e-16,-1.1102230246251565e-16,0.0,True,True
5,97,92,3,"[[97,92,3]]_5",0.9587628865979382,0.9690721649484536,0.0015149253451941513,0.0018690294451544354,0.000354104099960284,True,False
5,97,95,2,"[[97,95,2]]_5",1.0,1.0,2.220446049250313e-16,2.220446049250313e-16,0.0,True,True
5,98,93,3,"[[98,93,3]]_5",0.9591836734693877,0.9693877551020408,0.0014691763640080069,0.0018533920078275257,0.0003842156438195188,True,False
5,98,96,2,"[[98,96,2]]_5",1.0,1.0,1.1102230246251565e-16,1.1102230246251565e-16,0.0,True,True
5,99,94,3,"[[99,94,3]]_5",0.9595959595959596,0.9696969696969697,0.0014244394877651612,0.0018378069357882776,0.0004133674480231164,True,False
5,99,97,2,"[[99,97,2]]_5",1.0,1.0,0.0,0.0,0.0,True,True
5,100,95,3,"[[100,95,3]]_5",0.96,0.97,0.001380684662356746,0.0018222802156691031,0.0004415955533123572,True,False
5,100,98,2,"[[100,98,2]]_5",1.0,1.0,1.1102230246251565e-16,1.1102230246251565e-16,0.0,True,True
7,2,0,2,"[[2,0,2]]_7",1.0,1.0,0.0,0.0,0.0,True,True
7,3,1,2,"[[3,1,2]]_7",1.0,1.0,1.1102230246251565e-16,1.1102230246251565e-16,0.0,True,True
7,4,0,3,"[[4,0,3]]_7",0.75,0.75,0.05543975256092437,0.05543975256092437,0.0,False,True
7,4,2,2,"[[4,2,2]]_7",1.0,1.0,0.0,0.0,0.0,True,True
7,5,1,3,"[[5,1,3]]_7",0.8,0.8,0.04586924045234886,0.04586924045234886,0.0,False,True
7,5,3,2,"[[5,3,2]]_7",1.0,1.0,0.0,0.0,0.0,True,True
7,6,0,4,"[[6,0,4]]_7",0.6666666666666666,0.6666666666666666,0.04757991220740776,0.04757991220740776,0.0,False,True
7,6,2,3,"[[6,2,3]]_7",0.8333333333333334,0.8333333333333334,0.039039477422785684,0.039039477422785684,0.0,False,True
7,6,4,2,"[[6,4,2]]_7",1.0,1.0,1.1102230246251565e-16,1.1102230246251565e-16,0.0,True,True
7,7,1,4,"[[7,1,4]]_7",0.7142857142857143,0.7142857142857143,0.04196951535684257,0.04196951535684257,0.0,False,True
7,7,3,3,"[[7,3,3]]_7",0.8571428571428571,0.8571428571428571,0.033950476645027816,0.033950476645027816,0.0,False,True
7,7,5,2,"[[7,5,2]]_7",1.0,1.0,0.0,0.0,0.0,True,True
7,8,0,5,"[[8,0,5]]_7",0.625,0.625,0.04069927814832164,0.04069927814832164,0.0,False,True
7,8,2,4,"[[8,2,4]]_7",0.75,0.75,0.03746565094942711,0.03746565094942711,0.0,False,True
7,8,4,3,"[[8,4,3]]_7",0.875,0.875,0.03002193307927925,0.03002193307927925,0.0,False,True
7,8,6,2,"[[8,6,2]]_7",1.0,1.0,0.0,0.0,0.0,True,True
7,9,1,5,"[[9,1,5]]_7",0.6666666666666666,0.6666666666666666,0.037052376420247835,0.037052376420247835,0.0,False,True
7,9,3,4,"[[9,3,4]]_7",0.7777777777777778,0.7777777777777778,0.03379843313473263,0.03379843313473263,0.0,False,True
7,9,5,3,"[[9,5,3]]_7",0.8888888888888888,0.8888888888888888,0.02690155857026344,0.02690155857026344,0.0,False,True
7,9,7,2,"[[9,7,2]]_7",1.0,1.0,0.0,0.0,0.0,True,True
7,10,0,6,"[[10,0,6]]_7",0.6,0.6,0.03553630521035389,0.03553630521035389,0.0,False,True
7,10,2,5,"[[10,2,5]]_7",0.7,0.7,0.03394687258320406,0.03394687258320406,0.0,False,True
7,10,4,4,"[[10,4,4]]_7",0.8,0.8,0.030766110814336556,0.030766110814336556,0.0,False,True
7,10,6,3,"[[10,6,3]]_7",0.9,0.9,0.024365067456500578,0.024365067456500578,0.0,False,True
7,10,8,2,"[[10,8,2]]_7",1.0,1.0,0.0,0.0,0.0,True,True
7,11,1,6,"[[11,1,6]]_7",0.6363636363636364,0.6363636363636364,0.03296440296821557,0.03296440296821557,0.0,False,True
7,11,3,5,"[[11,3,5]]_7",0.7272727272727273,0.7272727272727273,0.031290179841803156,0.031290179841803156,0.0,False,True
7,11,5,4,"[[11,5,4]]_7",0.8181818181818182,0.8181818181818182,0.028222345279365735,0.028222345279365735,0.0,False,True
7,11,7,3,"[[11,7,3]]_7",0.9090909090909091,0.9090909090909091,0.022263519732911408,0.022263519732911408,0.0,False,True
7,11,9,2,"[[11,9,2]]_7",1.0,1.0,1.1102230246251565e-16,1.1102230246251565e-16,0.0,True,True
7,12,0,7,"[[12,0,7]]_7",0.5833333333333334,0.5833333333333334,0.031599561966763945,0.031599561966763945,0.0,False,True
7,12,2,6,"[[12,2,6]]_7",0.6666666666666666,0.6666666666666666,0.030697123435723284,0.030697123435723284,0.0,False,True
7,12,4,5,"[[12,4,5]]_7",0.75,0.75,0.0290008720283339,0.0290008720283339,0.0,False,True
7,12,6,4,"[[12,6,4]]_7",0.8333333333333334,0.8333333333333334,0.026060636393379744,0.026060636393379744,0.0,False,True
7,12,8,3,"[[12,8,3]]_7",0.9166666666666666,0.9166666666666666,0.020494376101045098,0.020494376101045098,0.0,False,True
7,12,10,2,"[[12,10,2]]_7",1.0,1.0,1.1102230246251565e-16,1.1102230246251565e-16,0.0,True,True
7,13,1,7,"[[13,1,7]]_7",0.6153846153846154,0.6153846153846154,0.029678628286172182,0.029678628286172182,0.0,False,True
7,13,5,5,"[[13,5,5]]_7",0.7692307692307693,0.7692307692307693,0.02701251373294644,0.02701251373294644,0.0,False,True
7,13,7,4,"[[13,7,4]]_7",0.8461538461538461,0.8461538461538461,0.024202446800910216,0.024202446800910216,0.0,False,True
7,13,9,3,"[[13,9,3]]_7",0.9230769230769231,0.9230769230769231,0.0189848375964079,0.0189848375964079,0.0,False,True
7,13,11,2,"[[13,11,2]]_7",1.0,1.0,1.1102230246251565e-16,1.1102230246251565e-16,0.0,True,True
7,14,0,8,"[[14,0,8]]_7",0.5714285714285714,0.5714285714285714,0.028509362105978764,0.028509362105978764,0.0,False,True
7,14,4,6,"[[14,4,6]]_7",0.7142857142857143,0.7142857142857143,0.02692495961319885,0.02692495961319885,0.0,False,True
7,14,6,5,"[[14,6,5]]_7",0.7857142857142857,0.7857142857142857,0.025272123411889558,0.025272123411889558,0.0,False,True
7,14,8,4,"[[14,8,4]]_7",0.8571428571428571,0.8571428571428571,0.0225889329642478,0.0225889329642478,0.0,False,True
7,14,10,3,"[[14,10,3]]_7",0.9285714285714286,0.9285714285714286,0.017681840450012865,0.017681840450012865,0.0,False,True
7,14,12,2,"[[14,12,2]]_7",1.0,1.0,0.0,0.0,0.0,True,True
7,15,3,7,"[[15,3,7]]_7",0.6666666666666666,0.6666666666666666,0.02638603255802363,0.02638603255802363,0.0,False,True
7,15,7,5,"[[15,7,5]]_7",0.8,0.8,0.023737631373415224,0.023737631373415224,0.0,False,True
7,15,9,4,"[[15,9,4]]_7",0.8666666666666667,0.8666666666666667,0.021175295252899073,0.021175295252899073,0.0,False,True
7,15,11,3,"[[15,11,3]]_7",0.9333333333333333,0.9333333333333333,0.016545817069821167,0.016545817069821167,0.0,False,True
7,15,13,2,"[[15,13,2]]_7",1.0,1.0,1.1102230246251565e-16,1.1102230246251565e-16,0.0,True,True
7,16,2,8,"[[16,2,8]]_7",0.625,0.625,0.025643776035661703,0.025643776035661703,0.0,False,True
7,16,6,6,"[[16,6,6]]_7",0.75,0.75,0.023940765818404874,0.023940765818404874,0.0,False,True
7,16,8,5,"[[16,8,5]]_7",0.8125,0.8125,0.022375523411554576,0.022375523411554576,0.0,False,True
7,16,10,4,"[[16,10,4]]_7",0.875,0.875,0.019926903451890743,0.019926903451890743,0.0,False,True
7,16,12,3,"[[16,12,3]]_7",0.9375,0.9375,0.015546674546059291,0.015546674546059291,0.0,False,True
7,16,14,2,"[[16,14,2]]_7",1.0,1.0,0.0,0.0,0.0,True,True
7,17,1,9,"[[17,1,9]]_7",0.5882352941176471,0.5882352941176471,0.024816836548321564,0.024816836548321564,0.0,False,True
7,17,9,5,"[[17,9,5]]_7",0.8235294117647058,0.8235294117647058,0.021158926444162618,0.021158926444162618,0.0,False,True
7,17,11,4,"[[17,11,4]]_7",0.8823529411764706,0.8823529411764706,0.01881660826170628,0.01881660826170628,0.0,False,True
7,17,13,3,"[[17,13,3]]_7",0.9411764705882353,0.9411764705882353,0.01466112595682767,0.01466112595682767,0.0,False,True
7,17,15,2,"[[17,15,2]]_7",1.0,1.0,0.0,0.0,0.0,True,True
7,18,0,10,"[[18,0,10]]_7",0.5555555555555556,0.5555555555555556,0.023965915374906555,0.023965915374906555,0.0,False,True
7,18,8,6,"[[18,8,6]]_7",0.7777777777777778,0.7777777777777778,0.021534358853786517,0.021534358853786517,0.0,False,True
7,18,10,5,"[[18,10,5]]_7",0.8333333333333334,0.8333333333333334,0.020066122975807676,0.020066122975807676,0.0,False,True
7,18,12,4,"[[18,12,4]]_7",0.8888888888888888,0.8888888888888888,0.017822848209619324,0.017822848209619324,0.0,False,True
7,18,14,3,"[[18,14,3]]_7",0.9444444444444444,0.9444444444444444,0.013870873336727207,0.013870873336727207,0.0,False,True
7,18,16,2,"[[18,16,2]]_7",1.0,1.0,0.0,0.0,0.0,True,True
7,19,9,6,"[[19,9,6]]_7",0.7894736842105263,0.7894736842105263,0.020499826410886324,0.020499826410886324,0.0,False,True
7,19,11,5,"[[19,11,5]]_7",0.8421052631578947,0.8421052631578947,0.019079416805978355,0.019079416805978355,0.0,False,True
7,19,13,4,"[[19,13,4]]_7",0.8947368421052632,0.8947368421052632,0.0169282960522672,0.0169282960522672,0.0,False,True
7,19,15,3,"[[19,15,3]]_7",0.9473684210526315,0.9473684210526315,0.01316134202557906,0.01316134202557906,0.0,False,True
7,19,17,2,"[[19,17,2]]_7",1.0,1.0,1.1102230246251565e-16,1.1102230246251565e-16,0.0,True,True
7,20,10,6,"[[20,10,6]]_7",0.8,0.8,0.019558276459706536,0.019558276459706536,0.0,False,True
7,20,12,5,"[[20,12,5]]_7",0.85,0.85,0.01818426990858768,0.01818426990858768,0.0,False,True
7,20,14,4,"[[20,14,4]]_7",0.9,0.9,0.016118876252811165,0.016118876252811165,0.0,False,True
7,20,16,3,"[[20,16,3]]_7",0.95,0.95,0.012520781006211679,0.012520781006211679,0.0,False,True
7,20,18,2,"[[20,18,2]]_7",1.0,1.0,0.0,0.0,0.0,True,True
7,21,11,6,"[[21,11,6]]_7",0.8095238095238095,0.8095238095238095,0.018698011087345034,0.018698011087345034,0.0,False,True
7,21,13,5,"[[21,13,5]]_7",0.8571428571428571,0.8571428571428571,0.017368643953183605,0.017368643953183605,0.0,False,True
7,21,15,4,"[[21,15,4]]_7",0.9047619047619048,0.9047619047619048,0.015383041498876926,0.015383041498876926,0.0,False,True
7,21,17,3,"[[21,17,3]]_7",0.9523809523809523,0.9523809523809523,0.01193961166219959,0.01193961166219959,0.0,False,True
7,21,19,2,"[[21,19,2]]_7",1.0,1.0,1.1102230246251565e-16,1.1102230246251565e-16,0.0,True,True
7,22,12,6,"[[22,12,6]]_7",0.8181818181818182,0.8181818181818182,0.017909153702360125,0.017909153702360125,0.0,False,True
7,22,14,5,"[[22,14,5]]_7",0.8636363636363636,0.8636363636363636,0.016622495145891758,0.016622495145891758,0.0,False,True
7,22,16,4,"[[22,16,4]]_7",0.9090909090909091,0.9090909090909091,0.014711232728678802,0.014711232728678802,0.0,False,True
7,22,18,3,"[[22,18,3]]_7",0.9545454545454546,0.9545454545454546,0.01140994857630706,0.01140994857630706,0.0,False,True
7,22,20,2,"[[22,20,2]]_7",1.0,1.0,1.1102230246251565e-16,1.1102230246251565e-16,0.0,True,True
7,23,13,6,"[[23,13,6]]_7",0.8260869565217391,0.8260869565217391,0.017183323524875616,0.017183323524875616,0.0,False,True
7,23,15,5,"[[23,15,5]]_7",0.8695652173913043,0.8695652173913043,0.015937383964852114,0.015937383964852114,0.0,False,True
7,23,17,4,"[[23,17,4]]_7",0.9130434782608695,0.9130434782608695,0.014095471010041938,0.014095471010041938,0.0,False,True
7,23,19,3,"[[23,19,3]]_7",0.9565217391304348,0.9565217391304348,0.010925241656792206,0.010925241656792206,0.0,False,True
7,23,21,2,"[[23,21,2]]_7",1.0,1.0,1.1102230246251565e-16,1.1102230246251565e-16,0.0,True,True
7,24,12,7,"[[24,12,7]]_7",0.7916666666666666,0.7916666666666666,0.017391265199171335,0.017391265199171335,0.0,False,True
7,24,14,6,"[[24,14,6]]_7",0.8333333333333334,0.8333333333333334,0.016513372788234282,0.016513372788234282,0.0,False,True
7,24,16,5,"[[24,16,5]]_7",0.875,0.875,0.015306171343963726,0.015306171343963726,0.0,False,True
7,24,18,4,"[[24,18,4]]_7",0.9166666666666666,0.9166666666666666,0.0135290454384136,0.0135290454384136,0.0,False,True
7,24,20,3,"[[24,20,3]]_7",0.9583333333333334,0.9583333333333334,0.010480005248738267,0.010480005248738267,0.0,False,True
7,24,22,2,"[[24,22,2]]_7",1.0,1.0,1.1102230246251565e-16,1.1102230246251565e-16,0.0,True,True
7,25,13,7,"[[25,13,7]]_7",0.8,0.8,0.016748600338004516,0.016748600338004516,0.0,False,True
7,25,15,6,"[[25,15,6]]_7",0.84,0.84,0.015893174632226503,0.015893174632226503,0.0,False,True
7,25,17,5,"[[25,17,5]]_7",0.88,0.88,0.014722780294824322,0.014722780294824322,0.0,False,True
7,25,19,4,"[[25,19,4]]_7",0.92,0.92,0.013006271848397866,0.013006271848397866,0.0,False,True
7,25,21,3,"[[25,21,3]]_7",0.96,0.96,0.010069610551769359,0.010069610551769359,0.0,False,True
7,25,23,2,"[[25,23,2]]_7",1.0,1.0,1.1102230246251565e-16,1.1102230246251565e-16,0.0,True,True
7,26,16,6,"[[26,16,6]]_7",0.8461538461538461,0.8461538461538461,0.015317451560665107,0.015317451560665107,0.0,False,True
7,26,18,5,"[[26,18,5]]_7",0.8846153846153846,0.8846153846153846,0.014182007412106734,0.014182007412106734,0.0,False,True
7,26,20,4,"[[26,20,4]]_7",0.9230769230769231,0.9230769230769231,0.01252230437271562,0.01252230437271562,0.0,False,True
7,26,22,3,"[[26,22,3]]_7",0.9615384615384616,0.9615384615384616,0.009690124748091944,0.009690124748091944,0.0,False,True
7,26,24,2,"[[26,24,2]]_7",1.0,1.0,1.1102230246251565e-16,1.1102230246251565e-16,0.0,True,True
7,27,17,6,"[[27,17,6]]_7",0.8518518518518519,0.8518518518518519,0.014781636235276396,0.014781636235276396,0.0,False,True
7,27,19,5,"[[27,19,5]]_7",0.8888888888888888,0.8888888888888888,0.013679372689867852,0.013679372689867852,0.0,False,True
7,27,21,4,"[[27,21,4]]_7",0.9259259259259259,0.9259259259259259,0.012072986880657832,0.012072986880657832,0.0,False,True
7,27,23,3,"[[27,23,3]]_7",0.9629629629629629,0.9629629629629629,0.009338185032643942,0.009338185032643942,0.0,False,True
7,27,25,2,"[[27,25,2]]_7",1.0,1.0,0.0,0.0,0.0,True,True
7,28,16,7,"[[28,16,7]]_7",0.8214285714285714,0.8214285714285714,0.015073683887047884,0.015073683887047884,0.0,False,True
7,28,18,6,"[[28,18,6]]_7",0.8571428571428571,0.8571428571428571,0.01428175804033438,0.01428175804033438,0.0,False,True
7,28,20,5,"[[28,20,5]]_7",0.8928571428571429,0.8928571428571429,0.013210998984958033,0.013210998984958033,0.0,False,True
7,28,22,4,"[[28,22,4]]_7",0.9285714285714286,0.9285714285714286,0.011654734824071533,0.011654734824071533,0.0,False,True
7,28,24,3,"[[28,24,3]]_7",0.9642857142857143,0.9642857142857143,0.009010899026665298,0.009010899026665298,0.0,False,True
7,28,26,2,"[[28,26,2]]_7",1.0,1.0,0.0,0.0,0.0,True,True
7,29,19,6,"[[29,19,6]]_7",0.8620689655172413,0.8620689655172413,0.013814350223835481,0.013814350223835481,0.0,False,True
7,29,21,5,"[[29,21,5]]_7",0.896551724137931,0.896551724137931,0.01277351459601872,0.01277351459601872,0.0,False,True
7,29,23,4,"[[29,23,4]]_7",0.9310344827586207,0.9310344827586207,0.011264440494783257,0.011264440494783257,0.0,False,True
7,29,25,3,"[[29,25,3]]_7",0.9655172413793104,0.9655172413793104,0.008705765350210393,0.008705765350210393,0.0,False,True
7,29,27,2,"[[29,27,2]]_7",1.0,1.0,0.0,0.0,0.0,True,True
7,30,18,7,"[[30,18,7]]_7",0.8333333333333334,0.8333333333333334,0.014129608225765478,0.014129608225765478,0.0,False,True
7,30,20,6,"[[30,20,6]]_7",0.8666666666666667,0.8666666666666667,0.013376373519477625,0.013376373519477625,0.0,False,True
7,30,22,5,"[[30,22,5]]_7",0.9,0.9,0.012363973998221311,0.012363973998221311,0.0,False,True
7,30,24,4,"[[30,24,4]]_7",0.9333333333333333,0.9333333333333333,0.010899396471519052,0.010899396471519052,0.0,False,True
7,30,26,3,"[[30,26,3]]_7",0.9666666666666667,0.9666666666666667,0.008420609751449426,0.008420609751449426,0.0,False,True
7,30,28,2,"[[30,28,2]]_7",1.0,1.0,1.1102230246251565e-16,1.1102230246251565e-16,0.0,True,True
7,31,19,7,"[[31,19,7]]_7",0.8387096774193549,0.8387096774193549,0.01370014636298622,0.01370014636298622,0.0,False,True
7,31,21,6,"[[31,21,6]]_7",0.8709677419354839,0.8709677419354839,0.01296515302041712,0.01296515302041712,0.0,False,True
7,31,23,5,"[[31,23,5]]_7",0.9032258064516129,0.9032258064516129,0.011979792939677547,0.011979792939677547,0.0,False,True
7,31,25,4,"[[31,25,4]]_7",0.9354838709677419,0.9354838709677419,0.010557233319982706,0.010557233319982706,0.0,False,True
7,31,27,3,"[[31,27,3]]_7",0.967741935483871,0.967741935483871,0.008153533352580511,0.008153533352580511,0.0,False,True
7,31,29,2,"[[31,29,2]]_7",1.0,1.0,0.0,0.0,0.0,True,True
7,32,20,7,"[[32,20,7]]_7",0.84375,0.84375,0.013295793582288162,0.013295793582288162,0.0,False,True
7,32,22,6,"[[32,22,6]]_7",0.875,0.875,0.012578325754635578,0.012578325754635578,0.0,False,True
7,32,24,5,"[[32,24,5]]_7",0.90625,0.90625,0.011618694976123,0.011618694976123,0.0,False,True
7,32,26,4,"[[32,26,4]]_7",0.9375,0.9375,0.010235868551187965,0.010235868551187965,0.0,False,True
7,32,28,3,"[[32,28,3]]_7",0.96875,0.96875,0.0079028704144386,0.0079028704144386,0.0,False,True
7,32,30,2,"[[32,30,2]]_7",1.0,1.0,0.0,0.0,0.0,True,True
7,33,21,7,"[[33,21,7]]_7",0.8484848484848485,0.8484848484848485,0.012914433090290611,0.012914433090290611,0.0,False,True
7,33,23,6,"[[33,23,6]]_7",0.8787878787878788,0.8787878787878788,0.012213796941976995,0.012213796941976995,0.0,False,True
7,33,25,5,"[[33,25,5]]_7",0.9090909090909091,0.9090909090909091,0.011278667175316781,0.011278667175316781,0.0,False,True
7,33,27,4,"[[33,27,4]]_7",0.9393939393939394,0.9393939393939394,0.009933464539424897,0.009933464539424897,0.0,False,True
7,33,29,3,"[[33,29,3]]_7",0.9696969696969697,0.9696969696969697,0.007667153639181912,0.007667153639181912,0.0,False,True
7,33,31,2,"[[33,31,2]]_7",1.0,1.0,1.1102230246251565e-16,1.1102230246251565e-16,0.0,True,True
7,34,22,7,"[[34,22,7]]_7",0.8529411764705882,0.8529411764705882,0.012554176570628184,0.012554176570628184,0.0,False,True
7,34,24,6,"[[34,24,6]]_7",0.8823529411764706,0.8823529411764706,0.011869703327047731,0.011869703327047731,0.0,False,True
7,34,26,5,"[[34,26,5]]_7",0.9117647058823529,0.9117647058823529,0.010957923218627319,0.010957923218627319,0.0,False,True
7,34,28,4,"[[34,28,4]]_7",0.9411764705882353,0.9411764705882353,0.00964839362108405,0.00964839362108405,0.0,False,True
7,34,30,3,"[[34,30,3]]_7",0.9705882352941176,0.9705882352941176,0.007445085487584269,0.007445085487584269,0.0,False,True
7,34,32,2,"[[34,32,2]]_7",1.0,1.0,0.0,0.0,0.0,True,True
7,35,23,7,"[[35,23,7]]_7",0.8571428571428571,0.8571428571428571,0.012213334639519124,0.012213334639519124,0.0,False,True
7,35,25,6,"[[35,25,6]]_7",0.8857142857142857,0.8857142857142857,0.011544382306140744,0.011544382306140744,0.0,False,True
7,35,27,5,"[[35,27,5]]_7",0.9142857142857143,0.9142857142857143,0.01065487250561703,0.01065487250561703,0.0,False,True
7,35,29,4,"[[35,29,4]]_7",0.9428571428571428,0.9428571428571428,0.009379208987118415,0.009379208987118415,0.0,False,True
7,35,31,3,"[[35,31,3]]_7",0.9714285714285714,0.9714285714285714,0.007235514329294146,0.007235514329294146,0.0,False,True
7,35,33,2,"[[35,33,2]]_7",1.0,1.0,1.1102230246251565e-16,1.1102230246251565e-16,0.0,True,True
7,36,24,7,"[[36,24,7]]_7",0.8611111111111112,0.8611111111111112,0.011890391681616985,0.011890391681616985,0.0,False,True
7,36,26,6,"[[36,26,6]]_7",0.8888888888888888,0.8888888888888888,0.011236345820497595,0.011236345820497595,0.0,False,True
7,36,28,5,"[[36,28,5]]_7",0.9166666666666666,0.9166666666666666,0.010368094158017094,0.010368094158017094,0.0,False,True
7,36,30,4,"[[36,30,4]]_7",0.9444444444444444,0.9444444444444444,0.009124620279342022,0.009124620279342022,0.0,False,True
7,36,32,3,"[[36,32,3]]_7",0.9722222222222222,0.9722222222222222,0.007037414502361949,0.007037414502361949,0.0,False,True
7,36,34,2,"[[36,34,2]]_7",1.0,1.0,0.0,0.0,0.0,True,True
7,37,25,7,"[[37,25,7]]_7",0.8648648648648649,0.8648648648648649,0.011583984345903797,0.011583984345903797,0.0,False,True
7,37,27,6,"[[37,27,6]]_7",0.8918918918918919,0.8918918918918919,0.010944258188302247,0.010944258188302247,0.0,False,True
7,37,29,5,"[[37,29,5]]_7",0.918918918918919,0.918918918918919,0.01009631504413544,0.01009631504413544,0.0,False,True
7,37,31,4,"[[37,31,4]]_7",0.9459459459459459,0.9459459459459459,0.008883473028467037,0.008883473028467037,0.0,False,True
7,37,33,3,"[[37,33,3]]_7",0.972972972972973,0.972972972972973,0.006849869554655941,0.006849869554655941,0.0,False,True
7,37,35,2,"[[37,35,2]]_7",1.0,1.0,1.1102230246251565e-16,1.1102230246251565e-16,0.0,True,True
7,38,26,7,"[[38,26,7]]_7",0.868421052631579,0.868421052631579,0.011292883108944718,0.011292883108944718,0.0,False,True
7,38,28,6,"[[38,28,6]]_7",0.8947368421052632,0.8947368421052632,0.010666917205888637,0.010666917205888637,0.0,False,True
7,38,30,5,"[[38,30,5]]_7",0.9210526315789473,0.9210526315789473,0.009838391119531109,0.009838391119531109,0.0,False,True
7,38,32,4,"[[38,32,4]]_7",0.9473684210526315,0.9473684210526315,0.008654731247439762,0.008654731247439762,0.0,False,True
7,38,34,3,"[[38,34,3]]_7",0.9736842105263158,0.9736842105263158,0.006672058090380295,0.006672058090380295,0.0,False,True
7,38,36,2,"[[38,36,2]]_7",1.0,1.0,1.1102230246251565e-16,1.1102230246251565e-16,0.0,True,True
7,39,27,7,"[[39,27,7]]_7",0.8717948717948718,0.8717948717948718,0.011015976416790085,0.011015976416790085,0.0,False,True
7,39,29,6,"[[39,29,6]]_7",0.8974358974358975,0.8974358974358975,0.010403237974135116,0.010403237974135116,0.0,False,True
7,39,31,5,"[[39,31,5]]_7",0.9230769230769231,0.9230769230769231,0.009593291516665103,0.009593291516665103,0.0,False,True
7,39,33,4,"[[39,33,4]]_7",0.9487179487179487,0.9487179487179487,0.008437462630082826,0.008437462630082826,0.0,False,True
7,39,35,3,"[[39,35,3]]_7",0.9743589743589743,0.9743589743589743,0.006503241761353529,0.006503241761353529,0.0,False,True
7,39,37,2,"[[39,37,2]]_7",1.0,1.0,1.1102230246251565e-16,1.1102230246251565e-16,0.0,True,True
7,40,28,7,"[[40,28,7]]_7",0.875,0.875,0.010752257001574561,0.010752257001574561,0.0,False,True
7,40,30,6,"[[40,30,6]]_7",0.9,0.9,0.010152239005992492,0.010152239005992492,0.0,False,True
7,40,32,5,"[[40,32,5]]_7",0.925,0.925,0.009360084924028178,0.009360084924028178,0.0,False,True
7,40,34,4,"[[40,34,4]]_7",0.95,0.95,0.008230825911805906,0.008230825911805906,0.0,False,True
7,40,36,3,"[[40,36,3]]_7",0.975,0.975,0.006342755033336589,0.006342755033336589,0.0,False,True
7,40,38,2,"[[40,38,2]]_7",1.0,1.0,0.0,0.0,0.0,True,True
7,41,29,7,"[[41,29,7]]_7",0.8780487804878049,0.8780487804878049,0.010500810037984531,0.010500810037984531,0.0,False,True
7,41,31,6,"[[41,31,6]]_7",0.9024390243902439,0.9024390243902439,0.00991303025114254,0.00991303025114254,0.0,False,True
7,41,33,5,"[[41,33,5]]_7",0.926829268292683,0.926829268292683,0.009137927880636387,0.009137927880636387,0.0,False,True
7,41,35,4,"[[41,35,4]]_7",0.9512195121951219,0.9512195121951219,0.008034060033143109,0.008034060033143109,0.0,False,True
7,41,37,3,"[[41,37,3]]_7",0.975609756097561,0.975609756097561,0.006189996428766165,0.006189996428766165,0.0,False,True
7,41,39,2,"[[41,39,2]]_7",1.0,1.0,0.0,0.0,0.0,True,True
7,42,30,7,"[[42,30,7]]_7",0.8809523809523809,0.8809523809523809,0.010260802861283391,0.010260802861283391,0.0,False,True
7,42,32,6,"[[42,32,6]]_7",0.9047619047619048,0.9047619047619048,0.009684802738123555,0.009684802738123555,0.0,False,True
7,42,34,5,"[[42,34,5]]_7",0.9285714285714286,0.9285714285714286,0.008926054679812001,0.008926054679812001,0.0,False,True
7,42,36,4,"[[42,36,4]]_7",0.9523809523809523,0.9523809523809523,0.007846474813433146,0.007846474813433146,0.0,False,True
7,42,38,3,"[[42,38,3]]_7",0.9761904761904762,0.9761904761904762,0.006044421003304712,0.006044421003304712,0.0,False,True
7,42,40,2,"[[42,40,2]]_7",1.0,1.0,1.1102230246251565e-16,1.1102230246251565e-16,0.0,True,True
7,43,31,7,"[[43,31,7]]_7",0.8837209302325582,0.8837209302325582,0.010031476014845775,0.010031476014845775,0.0,False,True
7,43,33,6,"[[43,33,6]]_7",0.9069767441860465,0.9069767441860465,0.009466819586216979,0.009466819586216979,0.0,False,True
7,43,35,5,"[[43,35,5]]_7",0.9302325581395349,0.9302325581395349,0.008723768630640838,0.008723768630640838,0.0,False,True
7,43,37,4,"[[43,37,4]]_7",0.9534883720930233,0.9534883720930233,0.007667442894970011,0.007667442894970011,0.0,False,True
7,43,39,3,"[[43,39,3]]_7",0.9767441860465116,0.9767441860465116,0.005905533858114431,0.005905533858114431,0.0,False,True
7,43,41,2,"[[43,41,2]]_7",1.0,1.0,0.0,0.0,0.0,True,True
7,44,32,7,"[[44,32,7]]_7",0.8863636363636364,0.8863636363636364,0.009812135433135194,0.009812135433135194,0.0,False,True
7,44,34,6,"[[44,34,6]]_7",0.9090909090909091,0.9090909090909091,0.009258408181505251,0.009258408181505251,0.0,False,True
7,44,36,5,"[[44,36,5]]_7",0.9318181818181818,0.9318181818181818,0.008530434469329995,0.008530434469329995,0.0,False,True
7,44,38,4,"[[44,38,4]]_7",0.9545454545454546,0.9545454545454546,0.007496392760392601,0.007496392760392601,0.0,False,True
7,44,40,3,"[[44,40,3]]_7",0.9772727272727273,0.9772727272727273,0.00577288452528113,0.00577288452528113,0.0,False,True
7,44,42,2,"[[44,42,2]]_7",1.0,1.0,1.1102230246251565e-16,1.1102230246251565e-16,0.0,True,True
7,45,33,7,"[[45,33,7]]_7",0.8888888888888888,0.8888888888888888,0.00960214559732453,0.00960214559732453,0.0,False,True
7,45,35,6,"[[45,35,6]]_7",0.9111111111111111,0.9111111111111111,0.009058953345821075,0.009058953345821075,0.0,False,True
7,45,37,5,"[[45,37,5]]_7",0.9333333333333333,0.9333333333333333,0.008345471748152145,0.008345471748152145,0.0,False,True
7,45,39,4,"[[45,39,4]]_7",0.9555555555555556,0.9555555555555556,0.007332802660299342,0.007332802660299342,0.0,False,True
7,45,41,3,"[[45,41,3]]_7",0.9777777777777777,0.9777777777777777,0.0056460620923359794,0.0056460620923359794,0.0,False,True
7,45,43,2,"[[45,43,2]]_7",1.0,1.0,0.0,0.0,0.0,True,True
7,46,34,7,"[[46,34,7]]_7",0.8913043478260869,0.8913043478260869,0.009400923526575178,0.009400923526575178,0.0,False,True
7,46,36,6,"[[46,36,6]]_7",0.9130434782608695,0.9130434782608695,0.008867891355334834,0.008867891355334834,0.0,False,True
7,46,38,5,"[[46,38,5]]_7",0.9347826086956522,0.9347826086956522,0.00816834905848196,0.00816834905848196,0.0,False,True
7,46,40,4,"[[46,40,4]]_7",0.9565217391304348,0.9565217391304348,0.007176195315725553,0.007176195315725553,0.0,False,True
7,46,42,3,"[[46,42,3]]_7",0.9782608695652174,0.9782608695652174,0.005524690954831768,0.005524690954831768,0.0,False,True
7,46,44,2,"[[46,44,2]]_7",1.0,1.0,1.1102230246251565e-16,1.1102230246251565e-16,0.0,True,True
7,47,35,7,"[[47,35,7]]_7",0.8936170212765957,0.8936170212765957,0.009207933489343456,0.009207933489343456,0.0,False,True
7,47,37,6,"[[47,37,6]]_7",0.9148936170212766,0.9148936170212766,0.008684704688552425,0.008684704688552425,0.0,False,True
7,47,39,5,"[[47,39,5]]_7",0.9361702127659575,0.9361702127659575,0.007998578967942538,0.007998578967942538,0.0,False,True
7,47,41,4,"[[47,41,4]]_7",0.9574468085106383,0.9574468085106383,0.007026133282632685,0.007026133282632685,0.0,False,True
7,47,43,3,"[[47,43,3]]_7",0.9787234042553191,0.9787234042553191,0.00540842710458489,0.00540842710458489,0.0,False,True
7,47,45,2,"[[47,45,2]]_7",1.0,1.0,0.0,0.0,0.0,True,True
7,48,36,7,"[[48,36,7]]_7",0.8958333333333334,0.8958333333333334,0.009022682336836896,0.009022682336836896,0.0,False,True
7,48,38,6,"[[48,38,6]]_7",0.9166666666666666,0.9166666666666666,0.008508917402448968,0.008508917402448968,0.0,False,True
7,48,40,5,"[[48,40,5]]_7",0.9375,0.9375,0.007835713570961134,0.007835713570961134,0.0,False,True
7,48,42,4,"[[48,42,4]]_7",0.9583333333333334,0.9583333333333334,0.00688221488394658,0.00688221488394658,0.0,False,True
7,48,44,3,"[[48,44,3]]_7",0.9791666666666666,0.9791666666666666,0.005296954876415905,0.005296954876415905,0.0,False,True
7,48,46,2,"[[48,46,2]]_7",1.0,1.0,1.1102230246251565e-16,1.1102230246251565e-16,0.0,True,True
7,49,37,7,"[[49,37,7]]_7",0.8979591836734694,0.8979591836734694,0.008844715375505574,0.008844715375505574,0.0,False,True
7,49,39,6,"[[49,39,6]]_7",0.9183673469387755,0.9183673469387755,0.008340091051150966,0.008340091051150966,0.0,False,True
7,49,41,5,"[[49,41,5]]_7",0.9387755102040817,0.9387755102040817,0.007679340567915083,0.007679340567915083,0.0,False,True
7,49,43,4,"[[49,43,4]]_7",0.9591836734693877,0.9591836734693877,0.0067440706297532405,0.0067440706297532405,0.0,False,True
7,49,45,3,"[[49,45,3]]_7",0.9795918367346939,0.9795918367346939,0.005189984088652233,0.005189984088652233,0.0,False,True
7,49,47,2,"[[49,47,2]]_7",1.0,1.0,1.1102230246251565e-16,1.1102230246251565e-16,0.0,True,True
7,50,36,8,"[[50,36,8]]_7",0.88,0.88,0.009070331300169876,0.009070331300169876,0.0,False,True
7,50,38,7,"[[50,38,7]]_7",0.9,0.9,0.008673612707801759,0.008673612707801759,0.0,False,True
7,50,40,6,"[[50,40,6]]_7",0.92,0.92,0.008177821074591418,0.008177821074591418,0.0,False,True
7,50,42,5,"[[50,42,5]]_7",0.94,0.94,0.007529079801155691,0.007529079801155691,0.0,False,True
7,50,44,4,"[[50,44,4]]_7",0.96,0.96,0.00661136005870766,0.00661136005870766,0.0,False,True
7,50,46,3,"[[50,46,3]]_7",0.98,0.98,0.005087247522908789,0.005087247522908789,0.0,True,True
7,50,48,2,"[[50,48,2]]_7",1.0,1.0,1.1102230246251565e-16,1.1102230246251565e-16,0.0,True,True
7,51,49,2,"[[51,49,2]]_7",1.0,1.0,0.0,0.0,0.0,True,True
7,52,47,3,"[[52,47,3]]_7",0.9653846153846154,0.9807692307692307,0.0022260412802895813,0.0011595842365548226,-0.0010664570437347587,True,False
7,52,50,2,"[[52,50,2]]_7",1.0,1.0,1.1102230246251565e-16,1.1102230246251565e-16,0.0,True,True
7,53,48,3,"[[53,48,3]]_7",0.9547169811320755,0.9811320754716981,0.001997163326112661,-0.000950881317473784,-0.002948044643586445,True,False
7,53,51,2,"[[53,51,2]]_7",1.0,1.0,1.1102230246251565e-16,1.1102230246251565e-16,0.0,True,True
7,54,49,3,"[[54,49,3]]_7",0.9555555555555556,0.9814814814814815,0.001905484823660042,-0.0008593513869599168,-0.0027648362106199587,True,False
7,54,52,2,"[[54,52,2]]_7",1.0,1.0,0.0,0.0,0.0,True,True
7,55,50,3,"[[55,50,3]]_7",0.96,0.9818181818181818,0.001962805786574373,6.278457718400521e-05,-0.001900021209390368,True,False
7,55,53,2,"[[55,53,2]]_7",1.0,1.0,1.1102230246251565e-16,1.1102230246251565e-16,0.0,True,True
7,56,51,3,"[[56,51,3]]_7",0.9571428571428572,0.9642857142857143,0.004451967316473349,0.0032167642554228326,-0.001235203061050516,False,False
7,56,54,2,"[[56,54,2]]_7",1.0,1.0,0.0,0.0,0.0,True,True
7,57,52,3,"[[57,52,3]]_7",0.9543859649122807,0.9824561403508771,0.0035613707310642173,0.0005827137746041711,-0.0029786569564600462,True,False
7,57,55,2,"[[57,55,2]]_7",1.0,1.0,0.0,0.0,0.0,True,True
7,58,53,3,"[[58,53,3]]_7",0.9551724137931035,0.9655172413793104,0.00425673694645079,0.002445817598435096,-0.0018109193480156938,False,False
7,58,56,2,"[[58,56,2]]_7",1.0,1.0,0.0,0.0,0.0,True,True
7,59,54,3,"[[59,54,3]]_7",0.9627118644067796,0.9830508474576272,0.0016545393786874252,0.0002608466582794122,-0.001393692720408013,True,False
7,59,57,2,"[[59,57,2]]_7",1.0,1.0,1.1102230246251565e-16,1.1102230246251565e-16,0.0,True,True
7,60,55,3,"[[60,55,3]]_7",0.9600000000000001,0.9833333333333333,0.0014183431613770114,-0.00041883096815786836,-0.0018371741295348798,True,False
7,60,58,2,"[[60,58,2]]_7",1.0,1.0,1.1102230246251565e-16,1.1102230246251565e-16,0.0,True,True
7,61,56,3,"[[61,56,3]]_7",0.9606557377049181,0.9836065573770492,0.0013463022696091898,-0.00036045467827294786,-0.0017067569478821376,True,False
7,61,59,2,"[[61,59,2]]_7",1.0,1.0,1.1102230246251565e-16,1.1102230246251565e-16,0.0,True,True
7,62,57,3,"[[62,57,3]]_7",0.964516129032258,0.9838709677419355,0.0012765478802966301,0.00020365986301151828,-0.0010728880172851119,True,False
7,62,60,2,"[[62,60,2]]_7",1.0,1.0,0.0,0.0,0.0,True,True
7,63,58,3,"[[63,58,3]]_7",0.965079365079365,0.9841269841269841,0.0013867116319699058,0.0004112236700412053,-0.0009754879619287005,True,False
7,63,61,2,"[[63,61,2]]_7",1.0,1.0,1.1102230246251565e-16,1.1102230246251565e-16,0.0,True,True
7,64,59,3,"[[64,59,3]]_7",0.9625,0.984375,0.0011434831066383655,-0.00020586076453410485,-0.0013493438711724703,True,False
7,64,62,2,"[[64,62,2]]_7",1.0,1.0,0.0,0.0,0.0,True,True
7,65,60,3,"[[65,60,3]]_7",0.9661538461538461,0.9846153846153847,0.0012656690281531713,0.0004722547162628876,-0.0007934143118902837,True,False
7,65,63,2,"[[65,63,2]]_7",1.0,1.0,1.1102230246251565e-16,1.1102230246251565e-16,0.0,True,True
7,66,61,3,"[[66,61,3]]_7",0.9606060606060606,0.9848484848484849,0.0010183800352853156,-0.0006131991086603117,-0.0016315791439456273,True,False
7,66,64,2,"[[66,64,2]]_7",1.0,1.0,1.1102230246251565e-16,1.1102230246251565e-16,0.0,True,True
7,67,62,3,"[[67,62,3]]_7",0.9761194029850747,0.9850746268656716,0.0017996097223699214,0.0019389408204744107,0.0001393310981044893,True,False
7,67,65,2,"[[67,65,2]]_7",1.0,1.0,1.1102230246251565e-16,1.1102230246251565e-16,0.0,True,True
7,68,63,3,"[[68,63,3]]_7",0.9647058823529411,0.9852941176470589,0.0009005592012814034,-4.020177104546718e-05,-0.0009407609723268706,True,False
7,68,66,2,"[[68,66,2]]_7",1.0,1.0,0.0,0.0,0.0,True,True
7,69,64,3,"[[69,64,3]]_7",0.9623188405797102,0.9855072463768116,0.0008441885529399951,-0.0004443257902059239,-0.001288514343145919,True,False
7,69,67,2,"[[69,67,2]]_7",1.0,1.0,0.0,0.0,0.0,True,True
7,70,65,3,"[[70,65,3]]_7",0.962857142857143,0.9857142857142858,0.000789417795437064,-0.0003939313842344916,-0.0011833491796715556,True,False
7,70,68,2,"[[70,68,2]]_7",1.0,1.0,1.1102230246251565e-16,1.1102230246251565e-16,0.0,True,True
7,71,66,3,"[[71,66,3]]_7",0.9746478873239437,0.9859154929577465,0.0016114869549781474,0.001753462027668351,0.0001419750726902036,True,False
7,71,69,2,"[[71,69,2]]_7",1.0,1.0,-1.1102230246251565e-16,-1.1102230246251565e-16,0.0,True,True
7,72,67,3,"[[72,67,3]]_7",0.963888888888889,0.9861111111111112,0.0006844190809528472,-0.00030101207416788345,-0.0009854311551207307,True,False
7,72,70,2,"[[72,70,2]]_7",1.0,1.0,0.0,0.0,0.0,True,True
7,73,68,3,"[[73,68,3]]_7",0.9671232876712328,0.9863013698630136,0.0006340713550383459,0.00011604064554715521,-0.0005180307094911907,True,False
7,73,71,2,"[[73,71,2]]_7",1.0,1.0,2.220446049250313e-16,2.220446049250313e-16,0.0,True,True
7,74,69,3,"[[74,69,3]]_7",0.9621621621621622,0.9864864864864865,0.0007400797693022376,-0.000477462264482198,-0.0012175420337844356,True,False
7,74,72,2,"[[74,72,2]]_7",1.0,1.0,1.1102230246251565e-16,1.1102230246251565e-16,0.0,True,True
7,75,70,3,"[[75,70,3]]_7",0.9626666666666667,0.9866666666666667,0.0006940945638230778,-0.00042226600634687195,-0.0011163605701699497,True,False
7,75,73,2,"[[75,73,2]]_7",1.0,1.0,1.1102230246251565e-16,1.1102230246251565e-16,0.0,True,True
7,76,71,3,"[[76,71,3]]_7",0.9631578947368421,0.9868421052631579,0.0006493198864241378,-0.00036966103224345126,-0.001018980918667589,True,False
7,76,74,2,"[[76,74,2]]_7",1.0,1.0,1.1102230246251565e-16,1.1102230246251565e-16,0.0,True,True
7,77,72,3,"[[77,72,3]]_7",0.9636363636363636,0.987012987012987,0.0006057084943672519,-0.00031951631316162743,-0.0009252248075288794,True,False
7,77,75,2,"[[77,75,2]]_7",1.0,1.0,0.0,0.0,0.0,True,True
7,78,73,3,"[[78,73,3]]_7",0.9641025641025641,0.9871794871794872,0.0005632155492708568,-0.0002717087392312134,-0.0008349242885020702,True,False
7,78,76,2,"[[78,76,2]]_7",1.0,1.0,1.1102230246251565e-16,1.1102230246251565e-16,0.0,True,True
7,79,74,3,"[[79,74,3]]_7",0.9645569620253165,0.9873417721518988,0.000521798466818435,-0.0002261225557019797,-0.0007479210225204147,True,False
7,79,77,2,"[[79,77,2]]_7",1.0,1.0,1.1102230246251565e-16,1.1102230246251565e-16,0.0,True,True
7,80,75,3,"[[80,75,3]]_7",0.9650000000000001,0.9875,0.0008731431342343665,0.00020907751139631614,-0.0006640656228380504,True,False
7,80,78,2,"[[80,78,2]]_7",1.0,1.0,0.0,0.0,0.0,True,True
7,81,76,3,"[[81,76,3]]_7",0.9654320987654321,0.9876543209876543,0.00044203199829773165,-0.00014118505206672793,-0.0005832170503644596,True,False
7,81,79,2,"[[81,79,2]]_7",1.0,1.0,0.0,0.0,0.0,True,True
7,82,77,3,"[[82,77,3]]_7",0.9634146341463414,0.9878048780487805,0.0010924836005083982,0.0002331524930208051,-0.0008593311074875931,True,False
7,82,80,2,"[[82,80,2]]_7",1.0,1.0,0.0,0.0,0.0,True,True
7,83,78,3,"[[83,78,3]]_7",0.9662650602409639,0.9879518072289156,0.00036610845666951164,-6.390621235785598e-05,-0.0004300146690273676,True,False
7,83,81,2,"[[83,81,2]]_7",1.0,1.0,-1.1102230246251565e-16,-1.1102230246251565e-16,0.0,True,True
7,84,79,3,"[[84,79,3]]_7",0.9666666666666667,0.9880952380952381,0.0003295016232890413,-2.791409457869598e-05,-0.0003574157178677373,True,False
7,84,82,2,"[[84,82,2]]_7",1.0,1.0,1.1102230246251565e-16,1.1102230246251565e-16,0.0,True,True
7,85,80,3,"[[85,80,3]]_7",0.9694117647058824,0.9882352941176471,0.00012276069302674664,0.00010982171970241872,-1.2938973324327918e-05,True,False
7,85,83,2,"[[85,83,2]]_7",1.0,1.0,1.1102230246251565e-16,1.1102230246251565e-16,0.0,True,True
7,86,81,3,"[[86,81,3]]_7",0.9697674418604652,0.9883720930232558,8.668111777210274e-05,0.0001310091107863398,4.4327993014237066e-05,True,False
7,86,84,2,"[[86,84,2]]_7",1.0,1.0,0.0,0.0,0.0,True,True
7,87,82,3,"[[87,82,3]]_7",0.9678160919540231,0.9885057471264368,0.00022472517220373245,7.043434504927504e-05,-0.0001542908271544574,True,False
7,87,85,2,"[[87,85,2]]_7",1.0,1.0,1.1102230246251565e-16,1.1102230246251565e-16,0.0,True,True
7,88,83,3,"[[88,83,3]]_7",0.9681818181818183,0.9886363636363636,0.00019138495098480757,0.0001002496713036205,-9.113527968118706e-05,True,False
7,88,86,2,"[[88,86,2]]_7",1.0,1.0,1.1102230246251565e-16,1.1102230246251565e-16,0.0,True,True
7,89,84,3,"[[89,84,3]]_7",0.9685393258426966,0.9887640449438202,0.0001587925485558861,0.00012869245794144835,-3.0100090614437747e-05,True,False
7,89,87,2,"[[89,87,2]]_7",1.0,1.0,0.0,0.0,0.0,True,True
7,90,85,3,"[[90,85,3]]_7",0.9711111111111111,0.9888888888888889,-4.9406716817634866e-05,0.00020496675882408777,0.00025437347564172264,True,False
7,90,88,2,"[[90,88,2]]_7",1.0,1.0,0.0,0.0,0.0,True,True
7,91,86,3,"[[91,86,3]]_7",0.9736263736263736,0.989010989010989,0.00020173760128183726,0.0006760526710199999,0.0004743150697381626,True,False
7,91,89,2,"[[91,89,2]]_7",1.0,1.0,1.1102230246251565e-16,1.1102230246251565e-16,0.0,True,True
7,92,87,3,"[[92,87,3]]_7",0.9717391304347827,0.9891304347826086,6.525672985946418e-05,0.00041430187899371695,0.0003490451491342528,True,False
7,92,90,2,"[[92,90,2]]_7",1.0,1.0,1.1102230246251565e-16,1.1102230246251565e-16,0.0,True,True
7,93,88,3,"[[93,88,3]]_7",0.9698924731182796,0.989247311827957,3.541535783024852e-05,0.00022991919195991528,0.00019450383412966676,True,False
7,93,91,2,"[[93,91,2]]_7",1.0,1.0,0.0,0.0,0.0,True,True
7,94,89,3,"[[94,89,3]]_7",0.9702127659574469,0.9893617021276596,6.2067673417542935e-06,0.00025235877523432926,0.00024615200789257496,True,False
7,94,92,2,"[[94,92,2]]_7",1.0,1.0,0.0,0.0,0.0,True,True
7,95,90,3,"[[95,90,3]]_7",0.9705263157894737,0.9894736842105263,-2.238918253438804e-05,0.0002737496267879447,0.0002961388093223327,True,False
7,95,93,2,"[[95,93,2]]_7",1.0,1.0,2.220446049250313e-16,2.220446049250313e-16,0.0,True,True
7,96,91,3,"[[96,91,3]]_7",0.9708333333333333,0.9895833333333334,-5.0391791157511356e-05,0.0002941365047244293,0.00034452829588194067,True,False
7,96,94,2,"[[96,94,2]]_7",1.0,1.0,1.1102230246251565e-16,1.1102230246251565e-16,0.0,True,True
7,97,92,3,"[[97,92,3]]_7",0.9690721649484536,0.9690721649484536,0.003921102425706979,0.003921102425706979,0.0,False,True
7,97,95,2,"[[97,95,2]]_7",1.0,1.0,1.1102230246251565e-16,1.1102230246251565e-16,0.0,True,True
7,98,93,3,"[[98,93,3]]_7",0.9714285714285714,0.9897959183673469,-0.00010469022895753799,0.00033206638221960905,0.00043675661117714704,True,False
7,98,96,2,"[[98,96,2]]_7",1.0,1.0,1.1102230246251565e-16,1.1102230246251565e-16,0.0,True,True
7,99,94,3,"[[99,94,3]]_7",0.9717171717171718,0.98989898989899,-0.00013102082220017852,0.0003496882884596042,0.0004807091106597827,True,False
7,99,97,2,"[[99,97,2]]_7",1.0,1.0,0.0,0.0,0.0,True,True
7,100,95,3,"[[100,95,3]]_7",0.9740000000000001,0.99,-0.00034026159772382325,0.0003302238092315335,0.0006704854069553567,True,False
7,100,98,2,"[[100,98,2]]_7",1.0,1.0,1.1102230246251565e-16,1.1102230246251565e-16,0.0,True,True
8,2,0,2,"[[2,0,2]]_8",1.0,1.0,0.0,0.0,0.0,True,True
8,3,1,2,"[[3,1,2]]_8",1.0,1.0,-1.1102230246251565e-16,-1.1102230246251565e-16,0.0,True,True
8,4,0,3,"[[4,0,3]]_8",0.75,0.75,0.05187968740985549,0.05187968740985549,0.0,False,True
8,4,2,2,"[[4,2,2]]_8",1.0,1.0,0.0,0.0,0.0,True,True
8,5,1,3,"[[5,1,3]]_8",0.8,0.8,0.04292374598498183,0.04292374598498183,0.0,False,True
8,5,3,2,"[[5,3,2]]_8",1.0,1.0,0.0,0.0,0.0,True,True
8,6,0,4,"[[6,0,4]]_8",0.6666666666666666,0.6666666666666666,0.044524566908844876,0.044524566908844876,0.0,False,True
8,6,2,3,"[[6,2,3]]_8",0.8333333333333334,0.8333333333333334,0.03653255636580455,0.03653255636580455,0.0,False,True
8,6,4,2,"[[6,4,2]]_8",1.0,1.0,-1.1102230246251565e-16,-1.1102230246251565e-16,0.0,True,True
8,7,1,4,"[[7,1,4]]_8",0.7142857142857143,0.7142857142857143,0.039274441837801266,0.039274441837801266,0.0,False,True
8,7,3,3,"[[7,3,3]]_8",0.8571428571428571,0.8571428571428571,0.031770345905206776,0.031770345905206776,0.0,False,True
8,7,5,2,"[[7,5,2]]_8",1.0,1.0,0.0,0.0,0.0,True,True
8,8,0,5,"[[8,0,5]]_8",0.625,0.625,0.03808577294462734,0.03808577294462734,0.0,False,True
8,8,2,4,"[[8,2,4]]_8",0.75,0.75,0.03505979320032204,0.03505979320032204,0.0,False,True
8,8,4,3,"[[8,4,3]]_8",0.875,0.875,0.028094073866599456,0.028094073866599456,0.0,False,True
8,8,6,2,"[[8,6,2]]_8",1.0,1.0,0.0,0.0,0.0,True,True
8,9,1,5,"[[9,1,5]]_8",0.6666666666666666,0.6666666666666666,0.034673057105771066,0.034673057105771066,0.0,False,True
8,9,3,4,"[[9,3,4]]_8",0.7777777777777778,0.7777777777777778,0.031628065872875255,0.031628065872875255,0.0,False,True
8,9,5,3,"[[9,5,3]]_8",0.8888888888888888,0.8888888888888888,0.02517407428774976,0.02517407428774976,0.0,False,True
8,9,7,2,"[[9,7,2]]_8",1.0,1.0,-2.220446049250313e-16,-2.220446049250313e-16,0.0,True,True
8,10,0,6,"[[10,0,6]]_8",0.6,0.6,0.033254340448009345,0.033254340448009345,0.0,False,True
8,10,2,5,"[[10,2,5]]_8",0.7,0.7,0.03176697327830669,0.03176697327830669,0.0,False,True
8,10,4,4,"[[10,4,4]]_8",0.8,0.8,0.028790464209065947,0.028790464209065947,0.0,False,True
8,10,6,3,"[[10,6,3]]_8",0.9,0.9,0.022800464016757505,0.022800464016757505,0.0,False,True
8,10,8,2,"[[10,8,2]]_8",1.0,1.0,0.0,0.0,0.0,True,True
8,11,1,6,"[[11,1,6]]_8",0.6363636363636364,0.6363636363636364,0.030847592975170035,0.030847592975170035,0.0,False,True
8,11,3,5,"[[11,3,5]]_8",0.7272727272727273,0.7272727272727273,0.029280880130317932,0.029280880130317932,0.0,False,True
8,11,5,4,"[[11,5,4]]_8",0.8181818181818182,0.8181818181818182,0.026410046644012142,0.026410046644012142,0.0,False,True
8,11,7,3,"[[11,7,3]]_8",0.9090909090909091,0.9090909090909091,0.0208338672348386,0.0208338672348386,0.0,False,True
8,11,9,2,"[[11,9,2]]_8",1.0,1.0,0.0,0.0,0.0,True,True
8,12,0,7,"[[12,0,7]]_8",0.5833333333333334,0.5833333333333334,0.029570395274086447,0.029570395274086447,0.0,False,True
8,12,2,6,"[[12,2,6]]_8",0.6666666666666666,0.6666666666666666,0.028725906856762462,0.028725906856762462,0.0,False,True
8,12,4,5,"[[12,4,5]]_8",0.75,0.75,0.027138580277568547,0.027138580277568547,0.0,False,True
8,12,6,4,"[[12,6,4]]_8",0.8333333333333334,0.8333333333333334,0.0243871519503025,0.0243871519503025,0.0,False,True
8,12,8,3,"[[12,8,3]]_8",0.9166666666666666,0.9166666666666666,0.01917832920725615,0.01917832920725615,0.0,False,True
8,12,10,2,"[[12,10,2]]_8",1.0,1.0,-1.1102230246251565e-16,-1.1102230246251565e-16,0.0,True,True
8,13,1,7,"[[13,1,7]]_8",0.6153846153846154,0.6153846153846154,0.02777281439970103,0.02777281439970103,0.0,False,True
8,13,5,5,"[[13,5,5]]_8",0.7692307692307693,0.7692307692307693,0.025277904461778578,0.025277904461778578,0.0,False,True
8,13,7,4,"[[13,7,4]]_8",0.8461538461538461,0.8461538461538461,0.022648286050790722,0.022648286050790722,0.0,False,True
8,13,9,3,"[[13,9,3]]_8",0.9230769230769231,0.9230769230769231,0.017765725756913264,0.017765725756913264,0.0,False,True
8,13,11,2,"[[13,11,2]]_8",1.0,1.0,0.0,0.0,0.0,True,True
8,14,0,8,"[[14,0,8]]_8",0.5714285714285714,0.5714285714285714,0.02667863267764725,0.02667863267764725,0.0,False,True
8,14,4,6,"[[14,4,6]]_8",0.7142857142857143,0.7142857142857143,0.025195972632105157,0.025195972632105157,0.0,False,True
8,14,6,5,"[[14,6,5]]_8",0.7857142857142857,0.7857142857142857,0.023649273350404898,0.023649273350404898,0.0,False,True
8,14,8,4,"[[14,8,4]]_8",0.8571428571428571,0.8571428571428571,0.021138384047070136,0.021138384047070136,0.0,False,True
8,14,10,3,"[[14,10,3]]_8",0.9285714285714286,0.9285714285714286,0.016546400606126777,0.016546400606126777,0.0,False,True
8,14,12,2,"[[14,12,2]]_8",1.0,1.0,0.0,0.0,0.0,True,True
8,15,7,5,"[[15,7,5]]_8",0.8,0.8,0.022213318758048772,0.022213318758048772,0.0,False,True
8,15,9,4,"[[15,9,4]]_8",0.8666666666666667,0.8666666666666667,0.019815523118082767,0.019815523118082767,0.0,False,True
8,15,11,3,"[[15,11,3]]_8",0.9333333333333333,0.9333333333333333,0.015483326996808988,0.015483326996808988,0.0,False,True
8,15,13,2,"[[15,13,2]]_8",1.0,1.0,0.0,0.0,0.0,True,True
8,16,6,6,"[[16,6,6]]_8",0.75,0.75,0.022403408919375645,0.022403408919375645,0.0,False,True
8,16,8,5,"[[16,8,5]]_8",0.8125,0.8125,0.020938678594347504,0.020938678594347504,0.0,False,True
8,16,10,4,"[[16,10,4]]_8",0.875,0.875,0.018647296829010673,0.018647296829010673,0.0,False,True
8,16,12,3,"[[16,12,3]]_8",0.9375,0.9375,0.014548344436168925,0.014548344436168925,0.0,False,True
8,16,14,2,"[[16,14,2]]_8",1.0,1.0,0.0,0.0,0.0,True,True
8,17,9,5,"[[17,9,5]]_8",0.8235294117647058,0.8235294117647058,0.01980020543282479,0.01980020543282479,0.0,False,True
8,17,11,4,"[[17,11,4]]_8",0.8823529411764706,0.8823529411764706,0.0176082992733102,0.0176082992733102,0.0,False,True
8,17,13,3,"[[17,13,3]]_8",0.9411764705882353,0.9411764705882353,0.013719661372602165,0.013719661372602165,0.0,False,True
8,17,15,2,"[[17,15,2]]_8",1.0,1.0,-1.1102230246251565e-16,-1.1102230246251565e-16,0.0,True,True
8,18,8,6,"[[18,8,6]]_8",0.7777777777777778,0.7777777777777778,0.020151529440510574,0.020151529440510574,0.0,False,True
8,18,10,5,"[[18,10,5]]_8",0.8333333333333334,0.8333333333333334,0.01877757636758204,0.01877757636758204,0.0,False,True
8,18,12,4,"[[18,12,4]]_8",0.8888888888888888,0.8888888888888888,0.016678353548786662,0.016678353548786662,0.0,False,True
8,18,14,3,"[[18,14,3]]_8",0.9444444444444444,0.9444444444444444,0.012980154845032676,0.012980154845032676,0.0,False,True
8,18,16,2,"[[18,16,2]]_8",1.0,1.0,-2.220446049250313e-16,-2.220446049250313e-16,0.0,True,True
8,19,9,6,"[[19,9,6]]_8",0.7894736842105263,0.7894736842105263,0.01918342952530927,0.01918342952530927,0.0,False,True
8,19,11,5,"[[19,11,5]]_8",0.8421052631578947,0.8421052631578947,0.017854231560084144,0.017854231560084144,0.0,False,True
8,19,13,4,"[[19,13,4]]_8",0.8947368421052632,0.8947368421052632,0.01584124508146012,0.01584124508146012,0.0,False,True
8,19,15,3,"[[19,15,3]]_8",0.9473684210526315,0.9473684210526315,0.012316186105464144,0.012316186105464144,0.0,False,True
8,19,17,2,"[[19,17,2]]_8",1.0,1.0,1.1102230246251565e-16,1.1102230246251565e-16,0.0,True,True
8,20,10,6,"[[20,10,6]]_8",0.8,0.8,0.018302341228706775,0.018302341228706775,0.0,False,True
8,20,12,5,"[[20,12,5]]_8",0.85,0.85,0.017016566543965772,0.017016566543965772,0.0,False,True
8,20,14,4,"[[20,14,4]]_8",0.9,0.9,0.015083802195455687,0.015083802195455687,0.0,False,True
8,20,16,3,"[[20,16,3]]_8",0.95,0.95,0.011716758728597898,0.011716758728597898,0.0,False,True
8,20,18,2,"[[20,18,2]]_8",1.0,1.0,0.0,0.0,0.0,True,True
8,21,11,6,"[[21,11,6]]_8",0.8095238095238095,0.8095238095238095,0.01749731781958197,0.01749731781958197,0.0,False,True
8,21,13,5,"[[21,13,5]]_8",0.8571428571428571,0.8571428571428571,0.01625331603047875,0.01625331603047875,0.0,False,True
8,21,15,4,"[[21,15,4]]_8",0.9047619047619048,0.9047619047619048,0.01439521908936292,0.01439521908936292,0.0,False,True
8,21,17,3,"[[21,17,3]]_8",0.9523809523809523,0.9523809523809523,0.011172909189110847,0.011172909189110847,0.0,False,True
8,21,19,2,"[[21,19,2]]_8",1.0,1.0,-1.1102230246251565e-16,-1.1102230246251565e-16,0.0,True,True
8,22,12,6,"[[22,12,6]]_8",0.8181818181818182,0.8181818181818182,0.016759116932068774,0.016759116932068774,0.0,False,True
8,22,14,5,"[[22,14,5]]_8",0.8636363636363636,0.8636363636363636,0.015555081188232567,0.015555081188232567,0.0,False,True
8,22,16,4,"[[22,16,4]]_8",0.9090909090909091,0.9090909090909091,0.013766550536797206,0.013766550536797206,0.0,False,True
8,22,18,3,"[[22,18,3]]_8",0.9545454545454546,0.9545454545454546,0.010677258432039816,0.010677258432039816,0.0,False,True
8,22,20,2,"[[22,20,2]]_8",1.0,1.0,0.0,0.0,0.0,True,True
8,23,13,6,"[[23,13,6]]_8",0.8260869565217391,0.8260869565217391,0.01607989595828907,0.01607989595828907,0.0,False,True
8,23,15,5,"[[23,15,5]]_8",0.8695652173913043,0.8695652173913043,0.014913964439483007,0.014913964439483007,0.0,False,True
8,23,17,4,"[[23,17,4]]_8",0.9130434782608695,0.9130434782608695,0.013190329972920356,0.013190329972920356,0.0,False,True
8,23,19,3,"[[23,19,3]]_8",0.9565217391304348,0.9565217391304348,0.010223676979954521,0.010223676979954521,0.0,False,True
8,23,21,2,"[[23,21,2]]_8",1.0,1.0,-1.1102230246251565e-16,-1.1102230246251565e-16,0.0,True,True
8,24,12,7,"[[24,12,7]]_8",0.7916666666666666,0.7916666666666666,0.016274484652567645,0.016274484652567645,0.0,False,True
8,24,14,6,"[[24,14,6]]_8",0.8333333333333334,0.8333333333333334,0.015452966125606982,0.015452966125606982,0.0,False,True
8,24,16,5,"[[24,16,5]]_8",0.875,0.875,0.014323285153444498,0.014323285153444498,0.0,False,True
8,24,18,4,"[[24,18,4]]_8",0.9166666666666666,0.9166666666666666,0.012660277434090483,0.012660277434090483,0.0,False,True
8,24,20,3,"[[24,20,3]]_8",0.9583333333333334,0.9583333333333334,0.009807031439411529,0.009807031439411529,0.0,False,True
8,24,22,2,"[[24,22,2]]_8",1.0,1.0,-1.1102230246251565e-16,-1.1102230246251565e-16,0.0,True,True
8,25,13,7,"[[25,13,7]]_8",0.8,0.8,0.015673088532157542,0.015673088532157542,0.0,False,True
8,25,15,6,"[[25,15,6]]_8",0.84,0.84,0.014872594010300721,0.014872594010300721,0.0,False,True
8,25,17,5,"[[25,17,5]]_8",0.88,0.88,0.013777356575682354,0.013777356575682354,0.0,False,True
8,25,19,4,"[[25,19,4]]_8",0.92,0.92,0.012171073763739493,0.012171073763739493,0.0,False,True
8,25,21,3,"[[25,21,3]]_8",0.96,0.96,0.009422990248570962,0.009422990248570962,0.0,False,True
8,25,23,2,"[[25,23,2]]_8",1.0,1.0,1.1102230246251565e-16,1.1102230246251565e-16,0.0,True,True
8,26,14,7,"[[26,14,7]]_8",0.8076923076923077,0.8076923076923077,0.015113877763813122,0.015113877763813122,0.0,False,True
8,26,16,6,"[[26,16,6]]_8",0.8461538461538461,0.8461538461538461,0.014333841010737314,0.014333841010737314,0.0,False,True
8,26,18,5,"[[26,18,5]]_8",0.8846153846153846,0.8846153846153846,0.01327130943767818,0.01327130943767818,0.0,False,True
8,26,20,4,"[[26,20,4]]_8",0.9230769230769231,0.9230769230769231,0.011718184272082266,0.011718184272082266,0.0,False,True
8,26,22,3,"[[26,22,3]]_8",0.9615384615384616,0.9615384615384616,0.009067873135635729,0.009067873135635729,0.0,False,True
8,26,24,2,"[[26,24,2]]_8",1.0,1.0,0.0,0.0,0.0,True,True
8,27,15,7,"[[27,15,7]]_8",0.8148148148148148,0.8148148148148148,0.01459264939942817,0.01459264939942817,0.0,False,True
8,27,17,6,"[[27,17,6]]_8",0.8518518518518519,0.8518518518518519,0.013832433080389395,0.013832433080389395,0.0,False,True
8,27,19,5,"[[27,19,5]]_8",0.8888888888888888,0.8888888888888888,0.012800951417187068,0.012800951417187068,0.0,False,True
8,27,21,4,"[[27,21,4]]_8",0.9259259259259259,0.9259259259259259,0.011297719714450483,0.011297719714450483,0.0,False,True
8,27,23,3,"[[27,23,3]]_8",0.9629629629629629,0.9629629629629629,0.008738533238159096,0.008738533238159096,0.0,False,True
8,27,25,2,"[[27,25,2]]_8",1.0,1.0,-1.1102230246251565e-16,-1.1102230246251565e-16,0.0,True,True
8,28,16,7,"[[28,16,7]]_8",0.8214285714285714,0.8214285714285714,0.014105726884614755,0.014105726884614755,0.0,False,True
8,28,18,6,"[[28,18,6]]_8",0.8571428571428571,0.8571428571428571,0.013364654576722756,0.013364654576722756,0.0,False,True
8,28,20,5,"[[28,20,5]]_8",0.8928571428571429,0.8928571428571429,0.012362654341906643,0.012362654341906643,0.0,False,True
8,28,22,4,"[[28,22,4]]_8",0.9285714285714286,0.9285714285714286,0.010906325724544308,0.010906325724544308,0.0,False,True
8,28,24,3,"[[28,24,3]]_8",0.9642857142857143,0.9642857142857143,0.008432263911557492,0.008432263911557492,0.0,False,True
8,28,26,2,"[[28,26,2]]_8",1.0,1.0,0.0,0.0,0.0,True,True
8,29,17,7,"[[29,17,7]]_8",0.8275862068965517,0.8275862068965517,0.013649882961488835,0.013649882961488835,0.0,False,True
8,29,19,6,"[[29,19,6]]_8",0.8620689655172413,0.8620689655172413,0.012927261365303866,0.012927261365303866,0.0,False,True
8,29,21,5,"[[29,21,5]]_8",0.896551724137931,0.896551724137931,0.011953263024369165,0.011953263024369165,0.0,False,True
8,29,23,4,"[[29,23,4]]_8",0.9310344827586207,0.9310344827586207,0.01054109415575144,0.01054109415575144,0.0,False,True
8,29,25,3,"[[29,25,3]]_8",0.9655172413793104,0.9655172413793104,0.008146724402063765,0.008146724402063765,0.0,False,True
8,29,27,2,"[[29,27,2]]_8",1.0,1.0,-1.1102230246251565e-16,-1.1102230246251565e-16,0.0,True,True
8,30,18,7,"[[30,18,7]]_8",0.8333333333333334,0.8333333333333334,0.01322227506644924,0.01322227506644924,0.0,False,True
8,30,20,6,"[[30,20,6]]_8",0.8666666666666667,0.8666666666666667,0.012517409346395225,0.012517409346395225,0.0,False,True
8,30,22,5,"[[30,22,5]]_8",0.9,0.9,0.011570021086699467,0.011570021086699467,0.0,False,True
8,30,24,4,"[[30,24,4]]_8",0.9333333333333333,0.9333333333333333,0.01019949144392529,0.01019949144392529,0.0,False,True
8,30,26,3,"[[30,26,3]]_8",0.9666666666666667,0.9666666666666667,0.007879880077485968,0.007879880077485968,0.0,False,True
8,30,28,2,"[[30,28,2]]_8",1.0,1.0,0.0,0.0,0.0,True,True
8,31,19,7,"[[31,19,7]]_8",0.8387096774193549,0.8387096774193549,0.012820391108346096,0.012820391108346096,0.0,False,True
8,31,21,6,"[[31,21,6]]_8",0.8709677419354839,0.8709677419354839,0.012132595382365774,0.012132595382365774,0.0,False,True
8,31,23,5,"[[31,23,5]]_8",0.9032258064516129,0.9032258064516129,0.011210510224811343,0.011210510224811343,0.0,False,True
8,31,25,4,"[[31,25,4]]_8",0.9354838709677419,0.9354838709677419,0.009879300308054506,0.009879300308054506,0.0,False,True
8,31,27,3,"[[31,27,3]]_8",0.967741935483871,0.967741935483871,0.007629953996509009,0.007629953996509009,0.0,False,True
8,31,29,2,"[[31,29,2]]_8",1.0,1.0,-1.1102230246251565e-16,-1.1102230246251565e-16,0.0,True,True
8,32,18,8,"[[32,18,8]]_8",0.8125,0.8125,0.012965286953074417,0.012965286953074417,0.0,False,True
8,32,20,7,"[[32,20,7]]_8",0.84375,0.84375,0.012442003851966033,0.012442003851966033,0.0,False,True
8,32,22,6,"[[32,22,6]]_8",0.875,0.875,0.011770608239506708,0.011770608239506708,0.0,False,True
8,32,24,5,"[[32,24,5]]_8",0.90625,0.90625,0.010872600176368263,0.010872600176368263,0.0,False,True
8,32,26,4,"[[32,26,4]]_8",0.9375,0.9375,0.009578571986237239,0.009578571986237239,0.0,False,True
8,32,28,3,"[[32,28,3]]_8",0.96875,0.96875,0.007395387385452312,0.007395387385452312,0.0,False,True
8,32,30,2,"[[32,30,2]]_8",1.0,1.0,0.0,0.0,0.0,True,True
8,33,21,7,"[[33,21,7]]_8",0.8484848484848485,0.8484848484848485,0.012085132433870327,0.012085132433870327,0.0,False,True
8,33,23,6,"[[33,23,6]]_8",0.8787878787878788,0.8787878787878788,0.011429487654023851,0.011429487654023851,0.0,False,True
8,33,25,5,"[[33,25,5]]_8",0.9090909090909091,0.9090909090909091,0.010554407269625088,0.010554407269625088,0.0,False,True
8,33,27,4,"[[33,27,4]]_8",0.9393939393939394,0.9393939393939394,0.009295586855946447,0.009295586855946447,0.0,False,True
8,33,29,3,"[[33,29,3]]_8",0.9696969696969697,0.9696969696969697,0.007174807169043063,0.007174807169043063,0.0,False,True
8,33,31,2,"[[33,31,2]]_8",1.0,1.0,0.0,0.0,0.0,True,True
8,34,22,7,"[[34,22,7]]_8",0.8529411764705882,0.8529411764705882,0.011748009795977676,0.011748009795977676,0.0,False,True
8,34,24,6,"[[34,24,6]]_8",0.8823529411764706,0.8823529411764706,0.011107490019516941,0.011107490019516941,0.0,False,True
8,34,26,5,"[[34,26,5]]_8",0.9117647058823529,0.9117647058823529,0.010254259894447393,0.010254259894447393,0.0,False,True
8,34,28,4,"[[34,28,4]]_8",0.9411764705882353,0.9411764705882353,0.00902882177403308,0.00902882177403308,0.0,False,True
8,34,30,3,"[[34,30,3]]_8",0.9705882352941176,0.9705882352941176,0.006966999129569551,0.006966999129569551,0.0,False,True
8,34,32,2,"[[34,32,2]]_8",1.0,1.0,-1.1102230246251565e-16,-1.1102230246251565e-16,0.0,True,True
8,35,23,7,"[[35,23,7]]_8",0.8571428571428571,0.8571428571428571,0.01142905503833025,0.01142905503833025,0.0,False,True
8,35,25,6,"[[35,25,6]]_8",0.8857142857142857,0.8857142857142857,0.010803059496419465,0.010803059496419465,0.0,False,True
8,35,27,5,"[[35,27,5]]_8",0.9142857142857143,0.9142857142857143,0.009970669590846581,0.009970669590846581,0.0,False,True
8,35,29,4,"[[35,29,4]]_8",0.9428571428571428,0.9428571428571428,0.008776922838331203,0.008776922838331203,0.0,False,True
8,35,31,3,"[[35,31,3]]_8",0.9714285714285714,0.9714285714285714,0.006770885588653908,0.006770885588653908,0.0,False,True
8,35,33,2,"[[35,33,2]]_8",1.0,1.0,-1.1102230246251565e-16,-1.1102230246251565e-16,0.0,True,True
8,36,22,8,"[[36,22,8]]_8",0.8333333333333334,0.8333333333333334,0.011608328640219767,0.011608328640219767,0.0,False,True
8,36,24,7,"[[36,24,7]]_8",0.8611111111111112,0.8611111111111112,0.011126849870859767,0.011126849870859767,0.0,False,True
8,36,26,6,"[[36,26,6]]_8",0.8888888888888888,0.8888888888888888,0.010514803581705201,0.010514803581705201,0.0,False,True
8,36,28,5,"[[36,28,5]]_8",0.9166666666666666,0.9166666666666666,0.009702306722288556,0.009702306722288556,0.0,False,True
8,36,30,4,"[[36,30,4]]_8",0.9444444444444444,0.9444444444444444,0.008538682551038845,0.008538682551038845,0.0,False,True
8,36,32,3,"[[36,32,3]]_8",0.9722222222222222,0.9722222222222222,0.006585506747254999,0.006585506747254999,0.0,False,True
8,36,34,2,"[[36,34,2]]_8",1.0,1.0,-2.220446049250313e-16,-2.220446049250313e-16,0.0,True,True
8,37,25,7,"[[37,25,7]]_8",0.8648648648648649,0.8648648648648649,0.010840118490170414,0.010840118490170414,0.0,False,True
8,37,27,6,"[[37,27,6]]_8",0.8918918918918919,0.8918918918918919,0.010241472364399873,0.010241472364399873,0.0,False,True
8,37,29,5,"[[37,29,5]]_8",0.918918918918919,0.918918918918919,0.009447979911266002,0.009447979911266002,0.0,False,True
8,37,31,4,"[[37,31,4]]_8",0.9459459459459459,0.9459459459459459,0.008313020577144226,0.008313020577144226,0.0,False,True
8,37,33,3,"[[37,33,3]]_8",0.972972972972973,0.972972972972973,0.006410005003238628,0.006410005003238628,0.0,False,True
8,37,35,2,"[[37,35,2]]_8",1.0,1.0,0.0,0.0,0.0,True,True
8,38,24,8,"[[38,24,8]]_8",0.8421052631578947,0.8421052631578947,0.011030165547326165,0.011030165547326165,0.0,False,True
8,38,26,7,"[[38,26,7]]_8",0.868421052631579,0.868421052631579,0.010567710326705448,0.010567710326705448,0.0,False,True
8,38,28,6,"[[38,28,6]]_8",0.8947368421052632,0.8947368421052632,0.009981940840377401,0.009981940840377401,0.0,False,True
8,38,30,5,"[[38,30,5]]_8",0.9210526315789473,0.9210526315789473,0.00920661857818117,0.00920661857818117,0.0,False,True
8,38,32,4,"[[38,32,4]]_8",0.9473684210526315,0.9473684210526315,0.008098967455528405,0.008098967455528405,0.0,False,True
8,38,34,3,"[[38,34,3]]_8",0.9736842105263158,0.9736842105263158,0.006243611706761132,0.006243611706761132,0.0,False,True
8,38,36,2,"[[38,36,2]]_8",1.0,1.0,1.1102230246251565e-16,1.1102230246251565e-16,0.0,True,True
8,39,27,7,"[[39,27,7]]_8",0.8717948717948718,0.8717948717948718,0.010308585204981902,0.010308585204981902,0.0,False,True
8,39,29,6,"[[39,29,6]]_8",0.8974358974358975,0.8974358974358975,0.009735193777341444,0.009735193777341444,0.0,False,True
8,39,31,5,"[[39,31,5]]_8",0.9230769230769231,0.9230769230769231,0.008977258052681014,0.008977258052681014,0.0,False,True
8,39,33,4,"[[39,33,4]]_8",0.9487179487179487,0.9487179487179487,0.007895650748079963,0.007895650748079963,0.0,False,True
8,39,35,3,"[[39,35,3]]_8",0.9743589743589743,0.9743589743589743,0.006085635922688848,0.006085635922688848,0.0,False,True
8,39,37,2,"[[39,37,2]]_8",1.0,1.0,0.0,0.0,0.0,True,True
8,40,26,8,"[[40,26,8]]_8",0.85,0.85,0.010506441974067693,0.010506441974067693,0.0,False,True
8,40,28,7,"[[40,28,7]]_8",0.875,0.875,0.010061800538866406,0.010061800538866406,0.0,False,True
8,40,30,6,"[[40,30,6]]_8",0.9,0.9,0.009500312714459391,0.009500312714459391,0.0,False,True
8,40,32,5,"[[40,32,5]]_8",0.925,0.925,0.008759026827449334,0.008759026827449334,0.0,False,True
8,40,34,4,"[[40,34,4]]_8",0.95,0.95,0.007702283212035921,0.007702283212035921,0.0,False,True
8,40,36,3,"[[40,36,3]]_8",0.975,0.975,0.00593545485408109,0.00593545485408109,0.0,False,True
8,40,38,2,"[[40,38,2]]_8",1.0,1.0,0.0,0.0,0.0,True,True
8,41,27,8,"[[41,27,8]]_8",0.8536585365853658,0.8536585365853658,0.010262668656047857,0.010262668656047857,0.0,False,True
8,41,29,7,"[[41,29,7]]_8",0.8780487804878049,0.8780487804878049,0.009826500248575676,0.009826500248575676,0.0,False,True
8,41,31,6,"[[41,31,6]]_8",0.9024390243902439,0.9024390243902439,0.009276464756016845,0.009276464756016845,0.0,False,True
8,41,33,5,"[[41,33,5]]_8",0.926829268292683,0.926829268292683,0.008551135604370486,0.008551135604370486,0.0,False,True
8,41,35,4,"[[41,35,4]]_8",0.9512195121951219,0.9512195121951219,0.007518152659383159,0.007518152659383159,0.0,False,True
8,41,37,3,"[[41,37,3]]_8",0.975609756097561,0.975609756097561,0.0057925056472716285,0.0057925056472716285,0.0,False,True
8,41,39,2,"[[41,39,2]]_8",1.0,1.0,-1.1102230246251565e-16,-1.1102230246251565e-16,0.0,True,True
8,42,28,8,"[[42,28,8]]_8",0.8571428571428571,0.8571428571428571,0.010029877684795352,0.010029877684795352,0.0,False,True
8,42,30,7,"[[42,30,7]]_8",0.8809523809523809,0.8809523809523809,0.009601905138962086,0.009601905138962086,0.0,False,True
8,42,32,6,"[[42,32,6]]_8",0.9047619047619048,0.9047619047619048,0.009062892878676121,0.009062892878676121,0.0,False,True
8,42,34,5,"[[42,34,5]]_8",0.9285714285714286,0.9285714285714286,0.008352867846641798,0.008352867846641798,0.0,False,True
8,42,36,4,"[[42,36,4]]_8",0.9523809523809523,0.9523809523809523,0.007342613229430861,0.007342613229430861,0.0,False,True
8,42,38,3,"[[42,38,3]]_8",0.9761904761904762,0.9761904761904762,0.005656278351538702,0.005656278351538702,0.0,False,True
8,42,40,2,"[[42,40,2]]_8",1.0,1.0,-1.1102230246251565e-16,-1.1102230246251565e-16,0.0,True,True
8,43,29,8,"[[43,29,8]]_8",0.8604651162790697,0.8604651162790697,0.009807348862905796,0.009807348862905796,0.0,False,True
8,43,31,7,"[[43,31,7]]_8",0.8837209302325582,0.8837209302325582,0.00938730452192682,0.00938730452192682,0.0,False,True
8,43,33,6,"[[43,33,6]]_8",0.9069767441860465,0.9069767441860465,0.008858907520532422,0.008858907520532422,0.0,False,True
8,43,35,5,"[[43,35,5]]_8",0.9302325581395349,0.9302325581395349,0.008163571601373931,0.008163571601373931,0.0,False,True
8,43,37,4,"[[43,37,4]]_8",0.9534883720930233,0.9534883720930233,0.007175077850263278,0.007175077850263278,0.0,False,True
8,43,39,3,"[[43,39,3]]_8",0.9767441860465116,0.9767441860465116,0.0055263098479853,0.0055263098479853,0.0,False,True
8,43,41,2,"[[43,41,2]]_8",1.0,1.0,1.1102230246251565e-16,1.1102230246251565e-16,0.0,True,True
8,44,30,8,"[[44,30,8]]_8",0.8636363636363636,0.8636363636363636,0.00959442305568825,0.00959442305568825,0.0,False,True
8,44,32,7,"[[44,32,7]]_8",0.8863636363636364,0.8863636363636364,0.00918204890136931,0.00918204890136931,0.0,False,True
8,44,34,6,"[[44,34,6]]_8",0.9090909090909091,0.9090909090909091,0.008663879259589002,0.008663879259589002,0.0,False,True
8,44,36,5,"[[44,36,5]]_8",0.9318181818181818,0.9318181818181818,0.007982652398254464,0.007982652398254464,0.0,False,True
8,44,38,4,"[[44,38,4]]_8",0.9545454545454546,0.9545454545454546,0.007015011704521679,0.007015011704521679,0.0,False,True
8,44,40,3,"[[44,40,3]]_8",0.9772727272727273,0.9772727272727273,0.0054021785955058466,0.0054021785955058466,0.0,False,True
8,44,42,2,"[[44,42,2]]_8",1.0,1.0,0.0,0.0,0.0,True,True
8,45,31,8,"[[45,31,8]]_8",0.8666666666666667,0.8666666666666667,0.009390495923174536,0.009390495923174536,0.0,False,True
8,45,33,7,"[[45,33,7]]_8",0.8888888888888888,0.8888888888888888,0.008985543568321042,0.008985543568321042,0.0,False,True
8,45,35,6,"[[45,35,6]]_8",0.9111111111111111,0.9111111111111111,0.008477232421360337,0.008477232421360337,0.0,False,True
8,45,37,5,"[[45,37,5]]_8",0.9333333333333333,0.9333333333333333,0.007809567063022493,0.007809567063022493,0.0,False,True
8,45,39,4,"[[45,39,4]]_8",0.9555555555555556,0.9555555555555556,0.006861926546956276,0.006861926546956276,0.0,False,True
8,45,41,3,"[[45,41,3]]_8",0.9777777777777777,0.9777777777777777,0.005283500068387292,0.005283500068387292,0.0,False,True
8,45,43,2,"[[45,43,2]]_8",1.0,1.0,0.0,0.0,0.0,True,True
8,46,32,8,"[[46,32,8]]_8",0.8695652173913043,0.8695652173913043,0.009195012398579339,0.009195012398579339,0.0,False,True
8,46,34,7,"[[46,34,7]]_8",0.8913043478260869,0.8913043478260869,0.008797242978072384,0.008797242978072384,0.0,False,True
8,46,36,6,"[[46,36,6]]_8",0.9130434782608695,0.9130434782608695,0.00829843948155684,0.00829843948155684,0.0,False,True
8,46,38,5,"[[46,38,5]]_8",0.9347826086956522,0.9347826086956522,0.007643818311471207,0.007643818311471207,0.0,False,True
8,46,40,4,"[[46,40,4]]_8",0.9565217391304348,0.9565217391304348,0.006715375747082475,0.006715375747082475,0.0,False,True
8,46,42,3,"[[46,42,3]]_8",0.9782608695652174,0.9782608695652174,0.005169922781631087,0.005169922781631087,0.0,False,True
8,46,44,2,"[[46,44,2]]_8",1.0,1.0,-1.1102230246251565e-16,-1.1102230246251565e-16,0.0,True,True
8,47,33,8,"[[47,33,8]]_8",0.8723404255319149,0.8723404255319149,0.009007461813218987,0.009007461813218987,0.0,False,True
8,47,35,7,"[[47,35,7]]_8",0.8936170212765957,0.8936170212765957,0.008616645801095668,0.008616645801095668,0.0,False,True
8,47,37,6,"[[47,37,6]]_8",0.9148936170212766,0.9148936170212766,0.00812701615134137,0.00812701615134137,0.0,False,True
8,47,39,5,"[[47,39,5]]_8",0.9361702127659575,0.9361702127659575,0.00748495001170657,0.00748495001170657,0.0,False,True
8,47,41,4,"[[47,41,4]]_8",0.9574468085106383,0.9574468085106383,0.006574949951343778,0.006574949951343778,0.0,False,True
8,47,43,3,"[[47,43,3]]_8",0.9787234042553191,0.9787234042553191,0.005061124817548723,0.005061124817548723,0.0,False,True
8,47,45,2,"[[47,45,2]]_8",1.0,1.0,0.0,0.0,0.0,True,True
8,48,34,8,"[[48,34,8]]_8",0.875,0.875,0.008827373582588227,0.008827373582588227,0.0,False,True
8,48,36,7,"[[48,36,7]]_8",0.8958333333333334,0.8958333333333334,0.008443290556160443,0.008443290556160443,0.0,False,True
8,48,38,6,"[[48,38,6]]_8",0.9166666666666666,0.9166666666666666,0.0079625170503822,0.0079625170503822,0.0,False,True
8,48,40,5,"[[48,40,5]]_8",0.9375,0.9375,0.007332543020423632,0.007332543020423632,0.0,False,True
8,48,42,4,"[[48,42,4]]_8",0.9583333333333334,0.9583333333333334,0.0064402732763682025,0.0064402732763682025,0.0,False,True
8,48,44,3,"[[48,44,3]]_8",0.9791666666666666,0.9791666666666666,0.004956810781407528,0.004956810781407528,0.0,False,True
8,48,46,2,"[[48,46,2]]_8",1.0,1.0,-1.1102230246251565e-16,-1.1102230246251565e-16,0.0,True,True
8,49,35,8,"[[49,35,8]]_8",0.8775510204081632,0.8775510204081632,0.008654313380679346,0.008654313380679346,0.0,False,True
8,49,37,7,"[[49,37,7]]_8",0.8979591836734694,0.8979591836734694,0.008276751747874678,0.008276751747874678,0.0,False,True
8,49,39,6,"[[49,39,6]]_8",0.9183673469387755,0.9183673469387755,0.007804531887618982,0.007804531887618982,0.0,False,True
8,49,41,5,"[[49,41,5]]_8",0.9387755102040817,0.9387755102040817,0.00718621151383092,0.00718621151383092,0.0,False,True
8,49,43,4,"[[49,43,4]]_8",0.9591836734693877,0.9591836734693877,0.00631099995904727,0.00631099995904727,0.0,False,True
8,49,45,3,"[[49,45,3]]_8",0.9795918367346939,0.9795918367346939,0.004856709125559466,0.004856709125559466,0.0,False,True
8,49,47,2,"[[49,47,2]]_8",1.0,1.0,-1.1102230246251565e-16,-1.1102230246251565e-16,0.0,True,True
8,50,36,8,"[[50,36,8]]_8",0.88,0.88,0.00848787974007481,0.00848787974007481,0.0,False,True
8,50,38,7,"[[50,38,7]]_8",0.9,0.9,0.008116636442422887,0.008116636442422887,0.0,False,True
8,50,40,6,"[[50,40,6]]_8",0.92,0.92,0.007652682081820239,0.007652682081820239,0.0,False,True
8,50,42,5,"[[50,42,5]]_8",0.94,0.94,0.007045599746112741,0.007045599746112741,0.0,False,True
8,50,44,4,"[[50,44,4]]_8",0.96,0.96,0.006186811400769265,0.006186811400769265,0.0,False,True
8,50,46,3,"[[50,46,3]]_8",0.98,0.98,0.004760569791054325,0.004760569791054325,0.0,False,True
8,50,48,2,"[[50,48,2]]_8",1.0,1.0,1.1102230246251565e-16,1.1102230246251565e-16,0.0,True,True
8,51,37,8,"[[51,37,8]]_8",0.8823529411764706,0.8823529411764706,0.008327701024171241,0.008327701024171241,0.0,False,True
8,51,39,7,"[[51,39,7]]_8",0.9019607843137255,0.9019607843137255,0.007962581224951637,0.007962581224951637,0.0,False,True
8,51,41,6,"[[51,41,6]]_8",0.9215686274509803,0.9215686274509803,0.007506617764169388,0.007506617764169388,0.0,False,True
8,51,43,5,"[[51,43,5]]_8",0.9411764705882353,0.9411764705882353,0.0069103791785196655,0.0069103791785196655,0.0,False,True
8,51,45,4,"[[51,45,4]]_8",0.9607843137254902,0.9607843137254902,0.00606741355279361,0.00606741355279361,0.0,False,True
8,51,47,3,"[[51,47,3]]_8",0.9803921568627451,0.9803921568627451,0.004668162123655395,0.004668162123655395,0.0,False,True
8,51,49,2,"[[51,49,2]]_8",1.0,1.0,0.0,0.0,0.0,True,True
8,52,38,8,"[[52,38,8]]_8",0.8846153846153846,0.8846153846153846,0.008173432725370522,0.008173432725370522,0.0,False,True
8,52,40,7,"[[52,40,7]]_8",0.9038461538461539,0.9038461538461539,0.007814249490178948,0.007814249490178948,0.0,False,True
8,52,42,6,"[[52,42,6]]_8",0.9230769230769231,0.9230769230769231,0.007366015113589586,0.007366015113589586,0.0,False,True
8,52,44,5,"[[52,44,5]]_8",0.9423076923076923,0.9423076923076923,0.0067802459306474105,0.0067802459306474105,0.0,False,True
8,52,46,4,"[[52,46,4]]_8",0.9615384615384616,0.9615384615384616,0.005952534597717718,0.005952534597717718,0.0,False,True
8,52,48,3,"[[52,48,3]]_8",0.9807692307692307,0.9807692307692307,0.004579273027722541,0.004579273027722541,0.0,False,True
8,52,50,2,"[[52,50,2]]_8",1.0,1.0,0.0,0.0,0.0,True,True
8,53,39,8,"[[53,39,8]]_8",0.8867924528301887,0.8867924528301887,0.008024755049422794,0.008024755049422794,0.0,False,True
8,53,41,7,"[[53,41,7]]_8",0.9056603773584906,0.9056603773584906,0.007671329024654172,0.007671329024654172,0.0,False,True
8,53,43,6,"[[53,43,6]]_8",0.9245283018867925,0.9245283018867925,0.007230573982625721,0.007230573982625721,0.0,False,True
8,53,45,5,"[[53,45,5]]_8",0.9433962264150944,0.9433962264150944,0.006654918512563501,0.006654918512563501,0.0,False,True
8,53,47,4,"[[53,47,4]]_8",0.9622641509433962,0.9622641509433962,0.005841922888676021,0.005841922888676021,0.0,False,True
8,53,49,3,"[[53,49,3]]_8",0.9811320754716981,0.9811320754716981,0.004493705326885311,0.004493705326885311,0.0,False,True
8,53,51,2,"[[53,51,2]]_8",1.0,1.0,-1.1102230246251565e-16,-1.1102230246251565e-16,0.0,True,True
8,54,40,8,"[[54,40,8]]_8",0.8888888888888888,0.8888888888888888,0.007881370751497974,0.007881370751497974,0.0,False,True
8,54,42,7,"[[54,42,7]]_8",0.9074074074074074,0.9074074074074074,0.007533529844875875,0.007533529844875875,0.0,False,True
8,54,44,6,"[[54,44,6]]_8",0.9259259259259259,0.9259259259259259,0.007100015777694368,0.007100015777694368,0.0,False,True
8,54,46,5,"[[54,46,5]]_8",0.9444444444444444,0.9444444444444444,0.006534135802379493,0.006534135802379493,0.0,False,True
8,54,48,4,"[[54,48,4]]_8",0.9629629629629629,0.9629629629629629,0.005735345113468626,0.005735345113468626,0.0,False,True
8,54,50,3,"[[54,50,3]]_8",0.9814814814814815,0.9814814814814815,0.004411276304982281,0.004411276304982281,0.0,False,True
8,54,52,2,"[[54,52,2]]_8",1.0,1.0,-1.1102230246251565e-16,-1.1102230246251565e-16,0.0,True,True
8,55,41,8,"[[55,41,8]]_8",0.8909090909090909,0.8909090909090909,0.007743003194167097,0.007743003194167097,0.0,False,True
8,55,43,7,"[[55,43,7]]_8",0.9090909090909091,0.9090909090909091,0.007400582260387423,0.007400582260387423,0.0,False,True
8,55,45,6,"[[55,45,6]]_8",0.9272727272727272,0.9272727272727272,0.006974081562541645,0.006974081562541645,0.0,False,True
8,55,47,5,"[[55,47,5]]_8",0.9454545454545454,0.9454545454545454,0.006417655238866171,0.006417655238866171,0.0,False,True
8,55,49,4,"[[55,49,4]]_8",0.9636363636363636,0.9636363636363636,0.005632584655510975,0.005632584655510975,0.0,False,True
8,55,51,3,"[[55,51,3]]_8",0.9818181818181818,0.9818181818181818,0.004331816404558597,0.004331816404558597,0.0,False,True
8,55,53,2,"[[55,53,2]]_8",1.0,1.0,0.0,0.0,0.0,True,True
8,56,42,8,"[[56,42,8]]_8",0.8928571428571429,0.8928571428571429,0.007609394601401198,0.007609394601401198,0.0,False,True
8,56,44,7,"[[56,44,7]]_8",0.9107142857142857,0.9107142857142857,0.007272235135122651,0.007272235135122651,0.0,False,True
8,56,46,6,"[[56,46,6]]_8",0.9285714285714286,0.9285714285714286,0.006852530358039455,0.006852530358039455,0.0,False,True
8,56,48,5,"[[56,48,5]]_8",0.9464285714285714,0.9464285714285714,0.006305251202941009,0.006305251202941009,0.0,False,True
8,56,50,4,"[[56,50,4]]_8",0.9642857142857143,0.9642857142857143,0.00553344012742929,0.00553344012742929,0.0,False,True
8,56,52,3,"[[56,52,3]]_8",0.9821428571428571,0.9821428571428571,0.004255168063428405,0.004255168063428405,0.0,False,True
8,56,54,2,"[[56,54,2]]_8",1.0,1.0,0.0,0.0,0.0,True,True
8,57,43,8,"[[57,43,8]]_8",0.8947368421052632,0.8947368421052632,0.007480304486058409,0.007480304486058409,0.0,False,True
8,57,45,7,"[[57,45,7]]_8",0.9122807017543859,0.9122807017543859,0.007148254323834813,0.007148254323834813,0.0,False,True
8,57,47,6,"[[57,47,6]]_8",0.9298245614035088,0.9298245614035088,0.006735137615062614,0.006735137615062614,0.0,False,True
8,57,49,5,"[[57,49,5]]_8",0.9473684210526315,0.9473684210526315,0.0061967135654199534,0.0061967135654199534,0.0,False,True
8,57,51,4,"[[57,51,4]]_8",0.9649122807017544,0.9649122807017544,0.005437724056466808,0.005437724056466808,0.0,False,True
8,57,53,3,"[[57,53,3]]_8",0.9824561403508771,0.9824561403508771,0.004181184672513716,0.004181184672513716,0.0,False,True
8,57,55,2,"[[57,55,2]]_8",1.0,1.0,0.0,0.0,0.0,True,True
8,58,44,8,"[[58,44,8]]_8",0.896551724137931,0.896551724137931,0.007355508231218,0.007355508231218,0.0,False,True
8,58,46,7,"[[58,46,7]]_8",0.9137931034482759,0.9137931034482759,0.007028421263457707,0.007028421263457707,0.0,False,True
8,58,48,6,"[[58,48,6]]_8",0.9310344827586207,0.9310344827586207,0.006621693840282883,0.006621693840282883,0.0,False,True
8,58,50,5,"[[58,50,5]]_8",0.9482758620689655,0.9482758620689655,0.006091846381467314,0.006091846381467314,0.0,False,True
8,58,52,4,"[[58,52,4]]_8",0.9655172413793104,0.9655172413793104,0.005345261703680992,0.005345261703680992,0.0,False,True
8,58,54,3,"[[58,54,3]]_8",0.9827586206896551,0.9827586206896551,0.004109729640463522,0.004109729640463522,0.0,False,True
8,58,56,2,"[[58,56,2]]_8",1.0,1.0,-1.1102230246251565e-16,-1.1102230246251565e-16,0.0,True,True
8,59,45,8,"[[59,45,8]]_8",0.8983050847457628,0.8983050847457628,0.007234795808197525,0.007234795808197525,0.0,False,True
8,59,47,7,"[[59,47,7]]_8",0.9152542372881356,0.9152542372881356,0.006912531701854685,0.006912531701854685,0.0,False,True
8,59,49,6,"[[59,49,6]]_8",0.9322033898305084,0.9322033898305084,0.006512003357349583,0.006512003357349583,0.0,False,True
8,59,51,5,"[[59,51,5]]_8",0.9491525423728814,0.9491525423728814,0.005990466714763665,0.005990466714763665,0.0,False,True
8,59,53,4,"[[59,53,4]]_8",0.9661016949152542,0.9661016949152542,0.005255890001324759,0.005255890001324759,0.0,False,True
8,59,55,3,"[[59,55,3]]_8",0.9830508474576272,0.9830508474576272,0.004040675552507311,0.004040675552507311,0.0,False,True
8,59,57,2,"[[59,57,2]]_8",1.0,1.0,0.0,0.0,0.0,True,True
8,60,46,8,"[[60,46,8]]_8",0.9,0.9,0.007117970616226765,0.007117970616226765,0.0,False,True
8,60,48,7,"[[60,48,7]]_8",0.9166666666666666,0.9166666666666666,0.006800394548628574,0.006800394548628574,0.0,False,True
8,60,50,6,"[[60,50,6]]_8",0.9333333333333333,0.9333333333333333,0.006405883188177142,0.006405883188177142,0.0,False,True
8,60,52,5,"[[60,52,5]]_8",0.95,0.95,0.0058924035766126925,0.0058924035766126925,0.0,False,True
8,60,54,4,"[[60,54,4]]_8",0.9666666666666667,0.9666666666666667,0.005169456594837918,0.005169456594837918,0.0,False,True
8,60,56,3,"[[60,56,3]]_8",0.9833333333333333,0.9833333333333333,0.003973903412650026,0.003973903412650026,0.0,False,True
8,60,58,2,"[[60,58,2]]_8",1.0,1.0,0.0,0.0,0.0,True,True
8,61,47,8,"[[61,47,8]]_8",0.9016393442622951,0.9016393442622951,0.007004848430599342,0.007004848430599342,0.0,False,True
8,61,49,7,"[[61,49,7]]_8",0.9180327868852459,0.9180327868852459,0.006691830834580359,0.006691830834580359,0.0,False,True
8,61,51,6,"[[61,51,6]]_8",0.9344262295081968,0.9344262295081968,0.006303162041000232,0.006303162041000232,0.0,False,True
8,61,53,5,"[[61,53,5]]_8",0.9508196721311475,0.9508196721311475,0.005797496967107185,0.005797496967107185,0.0,False,True
8,61,55,4,"[[61,55,4]]_8",0.9672131147540983,0.9672131147540983,0.005085818977639378,0.005085818977639378,0.0,False,True
8,61,57,3,"[[61,57,3]]_8",0.9836065573770492,0.9836065573770492,0.003909301959732381,0.003909301959732381,0.0,False,True
8,61,59,2,"[[61,59,2]]_8",1.0,1.0,-1.1102230246251565e-16,-1.1102230246251565e-16,0.0,True,True
8,62,48,8,"[[62,48,8]]_8",0.9032258064516129,0.9032258064516129,0.006895256447716935,0.006895256447716935,0.0,False,True
8,62,50,7,"[[62,50,7]]_8",0.9193548387096774,0.9193548387096774,0.00658667276806435,0.00658667276806435,0.0,False,True
8,62,52,6,"[[62,52,6]]_8",0.9354838709677419,0.9354838709677419,0.006203679393516404,0.006203679393516404,0.0,False,True
8,62,54,5,"[[62,54,5]]_8",0.9516129032258065,0.9516129032258065,0.005705597007088725,0.005705597007088725,0.0,False,True
8,62,56,4,"[[62,56,4]]_8",0.967741935483871,0.967741935483871,0.005004843708401596,0.005004843708401596,0.0,False,True
8,62,58,3,"[[62,58,3]]_8",0.9838709677419355,0.9838709677419355,0.0038467670490947015,0.0038467670490947015,0.0,False,True
8,62,60,2,"[[62,60,2]]_8",1.0,1.0,-1.1102230246251565e-16,-1.1102230246251565e-16,0.0,True,True
8,63,49,8,"[[63,49,8]]_8",0.9047619047619048,0.9047619047619048,0.00678903241682427,0.00678903241682427,0.0,False,True
8,63,51,7,"[[63,51,7]]_8",0.9206349206349206,0.9206349206349206,0.006484762877902561,0.006484762877902561,0.0,False,True
8,63,53,6,"[[63,53,6]]_8",0.9365079365079365,0.9365079365079365,0.0061072846608704046,0.0061072846608704046,0.0,False,True
8,63,55,5,"[[63,55,5]]_8",0.9523809523809523,0.9523809523809523,0.00561656315103598,0.00561656315103598,0.0,False,True
8,63,57,4,"[[63,57,4]]_8",0.9682539682539683,0.9682539682539683,0.004926405701777381,0.004926405701777381,0.0,False,True
8,63,59,3,"[[63,59,3]]_8",0.9841269841269841,0.9841269841269841,0.0037862010926151823,0.0037862010926151823,0.0,False,True
8,63,61,2,"[[63,61,2]]_8",1.0,1.0,-1.1102230246251565e-16,-1.1102230246251565e-16,0.0,True,True
8,64,50,8,"[[64,50,8]]_8",0.90625,0.90625,0.0066860238494361734,0.0066860238494361734,0.0,False,True
8,64,52,7,"[[64,52,7]]_8",0.921875,0.921875,0.006385953233762676,0.006385953233762676,0.0,False,True
8,64,54,6,"[[64,54,6]]_8",0.9375,0.9375,0.006013836439480058,0.006013836439480058,0.0,False,True
8,64,56,5,"[[64,56,5]]_8",0.953125,0.953125,0.00553026347222596,0.00553026347222596,0.0,False,True
8,64,58,4,"[[64,58,4]]_8",0.96875,0.96875,0.004850387584671267,0.004850387584671267,0.0,False,True
8,64,60,3,"[[64,60,3]]_8",0.984375,0.984375,0.0037275125507947315,0.0037275125507947315,0.0,False,True
8,64,62,2,"[[64,62,2]]_8",1.0,1.0,0.0,0.0,0.0,True,True
8,65,49,9,"[[65,49,9]]_8",0.8923076923076924,0.8923076923076924,0.006832355548682001,0.006832355548682001,0.0,False,True
8,65,51,8,"[[65,51,8]]_8",0.9076923076923077,0.9076923076923077,0.006586087298505183,0.006586087298505183,0.0,False,True
8,65,53,7,"[[65,53,7]]_8",0.9230769230769231,0.9230769230769231,0.006290104735979574,0.006290104735979574,0.0,False,True
8,65,55,6,"[[65,55,6]]_8",0.9384615384615385,0.9384615384615385,0.005923201818767598,0.005923201818767598,0.0,False,True
8,65,57,5,"[[65,57,5]]_8",0.9538461538461539,0.9538461538461539,0.0054465740125452244,0.0054465740125452244,0.0,False,True
8,65,59,4,"[[65,59,4]]_8",0.9692307692307692,0.9692307692307692,0.004776679111093363,0.004776679111093363,0.0,False,True
8,65,61,3,"[[65,61,3]]_8",0.9846153846153847,0.9846153846153847,0.0036706154713360695,0.0036706154713360695,0.0,True,True
8,65,63,2,"[[65,63,2]]_8",1.0,1.0,-1.1102230246251565e-16,-1.1102230246251565e-16,0.0,True,True
8,66,60,4,"[[66,60,4]]_8",0.9696969696969697,0.9696969696969697,0.00470517662947223,0.00470517662947223,0.0,False,True
8,66,64,2,"[[66,64,2]]_8",1.0,1.0,0.0,0.0,0.0,True,True
8,67,62,3,"[[67,62,3]]_8",0.9691542288557214,0.9850746268656716,0.0016492211470943152,0.00024008802690156372,-0.0014091331201927515,True,False
8,67,65,2,"[[67,65,2]]_8",1.0,1.0,0.0,0.0,0.0,True,True
8,68,63,3,"[[68,63,3]]_8",0.9676470588235294,0.9852941176470589,0.0015974975545469672,-6.99033473390287e-05,-0.0016674009018859959,True,False
8,68,66,2,"[[68,66,2]]_8",1.0,1.0,-1.1102230246251565e-16,-1.1102230246251565e-16,0.0,True,True
8,69,64,3,"[[69,64,3]]_8",0.9690821256038646,0.9855072463768116,0.001447867545021464,3.303623208228412e-05,-0.0014148313129391799,True,False
8,69,67,2,"[[69,67,2]]_8",1.0,1.0,0.0,0.0,0.0,True,True
8,70,65,3,"[[70,65,3]]_8",0.9685714285714285,0.9857142857142858,0.0013969667397430996,-0.000100467807964022,-0.0014974345477071216,True,False
8,70,68,2,"[[70,68,2]]_8",1.0,1.0,-1.1102230246251565e-16,-1.1102230246251565e-16,0.0,True,True
8,71,66,3,"[[71,66,3]]_8",0.968075117370892,0.9859154929577465,0.0013474718385924067,-0.00023151212701677526,-0.001578983965609182,True,False
8,71,69,2,"[[71,69,2]]_8",1.0,1.0,1.1102230246251565e-16,1.1102230246251565e-16,0.0,True,True
8,72,67,3,"[[72,67,3]]_8",0.9722222222222222,0.9861111111111112,0.0012993256443155632,0.00038486817946581375,-0.0009144574648497494,True,False
8,72,70,2,"[[72,70,2]]_8",1.0,1.0,-2.220446049250313e-16,-2.220446049250313e-16,0.0,True,True
8,73,68,3,"[[73,68,3]]_8",0.9726027397260274,0.9863013698630136,0.0012524740661858935,0.00039693684133246254,-0.000855537224853431,True,False
8,73,71,2,"[[73,71,2]]_8",1.0,1.0,-1.1102230246251565e-16,-1.1102230246251565e-16,0.0,True,True
8,74,69,3,"[[74,69,3]]_8",0.9711711711711711,0.9864864864864865,0.0013172193819521727,0.00026139318861506666,-0.001055826193337106,True,False
8,74,72,2,"[[74,72,2]]_8",1.0,1.0,0.0,0.0,0.0,True,True
8,75,70,3,"[[75,70,3]]_8",0.9733333333333334,0.9866666666666667,0.0011624526927558332,0.00041817788120268595,-0.0007442748115531472,True,False
8,75,73,2,"[[75,73,2]]_8",1.0,1.0,0.0,0.0,0.0,True,True
8,76,71,3,"[[76,71,3]]_8",0.9692982456140351,0.9868421052631579,0.0012339110022765443,-0.00010484210292249774,-0.001338753105199042,True,False
8,76,74,2,"[[76,74,2]]_8",1.0,1.0,1.1102230246251565e-16,1.1102230246251565e-16,0.0,True,True
8,77,72,3,"[[77,72,3]]_8",0.9662337662337663,0.987012987012987,0.0010505505303504137,-0.000826619086889413,-0.0018771696172398267,True,False
8,77,75,2,"[[77,75,2]]_8",1.0,1.0,-1.1102230246251565e-16,-1.1102230246251565e-16,0.0,True,True
8,78,73,3,"[[78,73,3]]_8",0.9709401709401709,0.9871794871794872,0.0010359347487264303,-2.5935841266533366e-05,-0.0010618705899929637,True,False
8,78,76,2,"[[78,76,2]]_8",1.0,1.0,0.0,0.0,0.0,True,True
8,79,74,3,"[[79,74,3]]_8",0.9729957805907172,0.9873417721518988,0.000995864605077612,0.0002371227587953939,-0.0007587418462822182,True,False
8,79,77,2,"[[79,77,2]]_8",1.0,1.0,1.1102230246251565e-16,1.1102230246251565e-16,0.0,True,True
8,80,75,3,"[[80,75,3]]_8",0.9708333333333334,0.9875,0.000956781809362095,-0.00010498094188737817,-0.0010617627512494732,True,False
8,80,78,2,"[[80,78,2]]_8",1.0,1.0,0.0,0.0,0.0,True,True
8,81,76,3,"[[81,76,3]]_8",0.9654320987654321,0.9876543209876543,0.0010130718496025315,-0.0009857213944935994,-0.001998793244096131,True,False
8,81,79,2,"[[81,79,2]]_8",1.0,1.0,1.1102230246251565e-16,1.1102230246251565e-16,0.0,True,True
8,82,77,3,"[[82,77,3]]_8",0.9666666666666667,0.9878048780487805,0.0009770669962141376,-0.0007769249813774914,-0.001753991977591629,True,False
8,82,80,2,"[[82,80,2]]_8",1.0,1.0,-1.1102230246251565e-16,-1.1102230246251565e-16,0.0,True,True
8,83,78,3,"[[83,78,3]]_8",0.9662650602409639,0.9879518072289156,0.0009419306781976999,-0.0008784853688139638,-0.0018204160470116637,True,False
8,83,81,2,"[[83,81,2]]_8",1.0,1.0,0.0,0.0,0.0,True,True
8,84,79,3,"[[84,79,3]]_8",0.9714285714285713,0.9880952380952381,0.0008096386381706289,-0.00012642689193154144,-0.0009360655301021703,True,False
8,84,82,2,"[[84,82,2]]_8",1.0,1.0,-1.1102230246251565e-16,-1.1102230246251565e-16,0.0,True,True
8,85,80,3,"[[85,80,3]]_8",0.9725490196078432,0.9882352941176471,0.0009092881288318422,0.0001433659718346192,-0.000765922156997223,True,False
8,85,83,2,"[[85,83,2]]_8",1.0,1.0,0.0,0.0,0.0,True,True
8,86,81,3,"[[86,81,3]]_8",0.9759689922480621,0.9883720930232558,0.0008775982365568646,0.0005397396776841701,-0.00033785855887269456,True,False
8,86,84,2,"[[86,84,2]]_8",1.0,1.0,1.1102230246251565e-16,1.1102230246251565e-16,0.0,True,True
8,87,82,3,"[[87,82,3]]_8",0.9754789272030651,0.9885057471264368,0.0007080673121413472,0.00032706323409492644,-0.0003810040780464208,True,False
8,87,85,2,"[[87,85,2]]_8",1.0,1.0,-1.1102230246251565e-16,-1.1102230246251565e-16,0.0,True,True
8,88,83,3,"[[88,83,3]]_8",0.9757575757575757,0.9886363636363636,0.0006757362736435901,0.0003350987199453037,-0.0003406375536982864,True,False
8,88,86,2,"[[88,86,2]]_8",1.0,1.0,0.0,0.0,0.0,True,True
8,89,84,3,"[[89,84,3]]_8",0.9760299625468164,0.9887640449438202,0.0006441267964729658,0.00034253875587697546,-0.0003015880405959903,True,False
8,89,87,2,"[[89,87,2]]_8",1.0,1.0,-1.1102230246251565e-16,-1.1102230246251565e-16,0.0,True,True
8,90,85,3,"[[90,85,3]]_8",0.9733333333333333,0.9888888888888889,0.0005749487606869774,-3.550386861195243e-05,-0.0006104526292989298,True,False
8,90,88,2,"[[90,88,2]]_8",1.0,1.0,0.0,0.0,0.0,True,True
8,91,86,3,"[[91,86,3]]_8",0.9677655677655678,0.989010989010989,0.0005437373523156097,-0.000921910065011522,-0.0014656474173271317,True,False
8,91,89,2,"[[91,89,2]]_8",1.0,1.0,0.0,0.0,0.0,True,True
8,92,87,3,"[[92,87,3]]_8",0.9739130434782608,0.9891304347826086,0.0005131717540509673,-2.0563678209128966e-06,-0.0005152281218718802,True,False
8,92,90,2,"[[92,90,2]]_8",1.0,1.0,-1.1102230246251565e-16,-1.1102230246251565e-16,0.0,True,True
8,93,88,3,"[[93,88,3]]_8",0.9741935483870967,0.989247311827957,0.00048323178234643827,1.3409092293303893e-05,-0.0004698226900531344,True,False
8,93,91,2,"[[93,91,2]]_8",1.0,1.0,0.0,0.0,0.0,True,True
8,94,89,3,"[[94,89,3]]_8",0.9744680851063829,0.9893617021276596,0.0004538981098778372,2.8085110140740888e-05,-0.0004258129997370963,True,False
8,94,92,2,"[[94,92,2]]_8",1.0,1.0,0.0,0.0,0.0,True,True
8,95,90,3,"[[95,90,3]]_8",0.9698245614035088,0.9894736842105263,0.0008682377581001877,-0.0002050662230873579,-0.0010733039811875456,True,False
8,95,93,2,"[[95,93,2]]_8",1.0,1.0,0.0,0.0,0.0,True,True
8,96,91,3,"[[96,91,3]]_8",0.975,0.9895833333333334,0.00039697636744739917,5.520597333197319e-05,-0.000341770394115426,True,False
8,96,94,2,"[[96,94,2]]_8",1.0,1.0,-1.1102230246251565e-16,-1.1102230246251565e-16,0.0,True,True
8,97,92,3,"[[97,92,3]]_8",0.9752577319587629,0.9896907216494846,0.0003693535330056008,6.771514944492463e-05,-0.0003016383835606762,True,False
8,97,95,2,"[[97,95,2]]_8",1.0,1.0,-1.1102230246251565e-16,-1.1102230246251565e-16,0.0,True,True
8,98,93,3,"[[98,93,3]]_8",0.9755102040816326,0.9897959183673469,0.00034226739209419765,7.956374162265689e-05,-0.00026270365047154076,True,False
8,98,96,2,"[[98,96,2]]_8",1.0,1.0,-1.1102230246251565e-16,-1.1102230246251565e-16,0.0,True,True
8,99,94,3,"[[99,94,3]]_8",0.9757575757575757,0.98989898989899,0.0003157022769680884,9.078010015484139e-05,-0.000224922176813247,True,False
8,99,97,2,"[[99,97,2]]_8",1.0,1.0,0.0,0.0,0.0,True,True
8,100,95,3,"[[100,95,3]]_8",0.9713333333333334,0.99,0.0002896431444514569,-0.0004951045452357139,-0.0007847476896871708,True,False
8,100,98,2,"[[100,98,2]]_8",1.0,1.0,1.1102230246251565e-16,1.1102230246251565e-16,0.0,True,True
