q,n,k,d,lower_bound,upper_bound,label,n_rows,spectrum,avg_weight,max_weight,x_value,rate_R,delta_avg,delta_max,H_delta_avg,H_delta_max,C,C_prime,n_constructions,matrix_label,code_type,kn,D,peak,past_peak,uniform,spread,H_gap
2,2,0,2,2,2,"[[2,0,2]]_2",2,{2: 2},2.0,2,9,0.7924812503605781,1.0,1.0,0.7924812503605781,0.7924812503605781,0.0,0.0,1,stabilizer matrix,Semi-Perfect Quantum Code,0.0,0.0,0.75,True,True,0.0,0.0
2,4,2,2,2,2,"[[4,2,2]]_2",2,{4: 2},4.0,4,81,0.7924812503605781,1.0,1.0,0.7924812503605781,0.7924812503605781,0.0,0.0,1,stabilizer matrix,Semi-Perfect Quantum Code,0.5,0.0,0.75,True,True,0.0,0.0
2,5,1,3,3,3,"[[5,1,3]]_2",4,{4: 4},4.0,4,405,0.8661778097771986,0.8,0.8,0.9949490477321438,0.9949490477321438,0.12877123795494516,0.12877123795494516,1,stabilizer matrix,Semi-Perfect Quantum Code,0.2,0.0,0.75,True,True,0.0,0.0
2,6,0,4,4,4,"[[6,0,4]]_2",6,{4: 6},4.0,4,1215,0.8538950498744287,0.6666666666666666,0.6666666666666666,0.9874687506009636,0.9874687506009636,0.13357370072653496,0.13357370072653496,1,stabilizer matrix,Semi-Perfect Quantum Code,0.0,0.0,0.75,False,True,0.0,0.0
2,6,4,2,2,2,"[[6,4,2]]_2",2,{6: 2},6.0,6,729,0.7924812503605781,1.0,1.0,0.7924812503605781,0.7924812503605781,0.0,0.0,1,stabilizer matrix,Semi-Perfect Quantum Code,0.6666666666666666,0.0,0.75,True,True,0.0,0.0
2,8,3,3,3,3,"[[8,3,3]]_2",5,{6: 5},6.0,6,20412,0.8948206203990339,0.75,0.75,1.0,1.0,0.10517937960096613,0.10517937960096613,1,stabilizer matrix,Semi-Perfect Quantum Code,0.375,0.0,0.75,False,True,0.0,0.0
2,8,6,2,2,2,"[[8,6,2]]_2",2,{8: 2},8.0,8,6561,0.7924812503605781,1.0,1.0,0.7924812503605781,0.7924812503605781,0.0,0.0,1,stabilizer matrix,Semi-Perfect Quantum Code,0.75,0.0,0.75,True,True,0.0,0.0
2,10,2,4,4,4,"[[10,2,4]]_2",8,{6: 8},6.0,6,153090,0.861201026099653,0.6,0.6,0.9609640474436812,0.9609640474436812,0.09976302134402826,0.09976302134402826,1,stabilizer matrix,Semi-Perfect Quantum Code,0.2,0.0,0.75,False,True,0.0,0.0
2,10,4,3,3,3,"[[10,4,3]]_2",6,"{6: 2, 8: 4}",7.333333333333333,8,448335,0.9387108802276769,0.7333333333333333,0.8,0.9994732879016743,0.9949490477321438,0.05623816750446686,0.06076240767399743,1,stabilizer matrix,Semi-Perfect Quantum Code,0.4,0.004524240169530569,0.75,True,False,0.0666666666666667,0.004524240169530569
2,10,8,2,2,2,"[[10,8,2]]_2",2,{10: 2},10.0,10,59049,0.792481250360578,1.0,1.0,0.7924812503605781,0.7924812503605781,1.1102230246251565e-16,1.1102230246251565e-16,1,stabilizer matrix,Semi-Perfect Quantum Code,0.8,0.0,0.75,True,True,0.0,0.0
2,11,1,5,5,5,"[[11,1,5]]_2",10,{6: 10},6.0,6,336798,0.8346147293519542,0.5454545454545454,0.5454545454545454,0.9292776059351571,0.9292776059351571,0.09466287658320283,0.09466287658320283,1,stabilizer matrix,Semi-Perfect Quantum Code,0.09090909090909091,0.0,0.75,False,True,0.0,0.0
2,11,5,3,3,3,"[[11,5,3]]_2",6,{8: 6},8.0,8,1082565,0.911182828182503,0.7272727272727273,0.7272727272727273,0.999025468573457,0.999025468573457,0.08784264039095402,0.08784264039095402,1,stabilizer matrix,Semi-Perfect Quantum Code,0.45454545454545453,0.0,0.75,False,True,0.0,0.0
2,12,0,6,6,6,"[[12,0,6]]_2",12,{6: 12},6.0,6,673596,0.8067301685726248,0.5,0.5,0.896240625180289,0.896240625180289,0.08951045660766421,0.08951045660766421,1,stabilizer matrix,Semi-Perfect Quantum Code,0.0,0.0,0.75,False,True,0.0,0.0
2,12,4,4,4,4,"[[12,4,4]]_2",8,"{6: 2, 8: 6}",7.5,8,3921291,0.9126207199131863,0.625,0.6666666666666666,0.9725177829378439,0.9874687506009636,0.07484803068777734,0.05989706302465758,1,stabilizer matrix,Semi-Perfect Quantum Code,0.3333333333333333,-0.014950967663119763,0.75,False,False,0.041666666666666664,-0.014950967663119763
2,12,6,3,3,3,"[[12,6,3]]_2",6,"{8: 4, 10: 2}",8.666666666666666,10,7144929,0.9486870101869233,0.7222222222222222,0.8333333333333334,0.9985501590296013,0.9854122527913255,0.03672524260440224,0.04986314884267806,1,stabilizer matrix,Semi-Perfect Quantum Code,0.5,0.01313790623827582,0.75,True,False,0.11111111111111116,0.01313790623827582
2,12,10,2,2,2,"[[12,10,2]]_2",2,{12: 2},12.0,12,531441,0.7924812503605781,1.0,1.0,0.7924812503605781,0.7924812503605781,0.0,0.0,1,stabilizer matrix,Semi-Perfect Quantum Code,0.8333333333333334,0.0,0.75,True,True,0.0,0.0
2,13,7,3,3,3,"[[13,7,3]]_2",6,"{8: 4, 10: 2}",8.666666666666666,10,25332021,0.9459407247965812,0.6666666666666666,0.7692307692307693,0.9874687506009636,0.9992758804618718,0.05333515566529057,0.04152802580438242,1,stabilizer matrix,Semi-Perfect Quantum Code,0.5384615384615384,-0.01180712986090815,0.75,True,False,0.10256410256410262,-0.01180712986090815
2,14,6,4,4,4,"[[14,6,4]]_2",8,"{8: 4, 10: 4}",9.0,10,78810732,0.9368531701902286,0.6428571428571429,0.7142857142857143,0.9795952117099729,0.9976183202551571,0.06076515006492844,0.042742041519744256,1,stabilizer matrix,Semi-Perfect Quantum Code,0.42857142857142855,-0.018023108545184185,0.75,False,False,0.07142857142857142,-0.018023108545184185
2,14,8,3,3,3,"[[14,8,3]]_2",6,{10: 6},10.0,10,59108049,0.9220304023588414,0.7142857142857143,0.7142857142857143,0.9976183202551571,0.9976183202551571,0.07558791789631569,0.07558791789631569,1,stabilizer matrix,Semi-Perfect Quantum Code,0.5714285714285714,0.0,0.75,False,True,0.0,0.0
2,14,12,2,2,2,"[[14,12,2]]_2",2,{14: 2},14.0,14,4782969,0.7924812503605781,1.0,1.0,0.7924812503605781,0.7924812503605781,0.0,0.0,1,stabilizer matrix,Semi-Perfect Quantum Code,0.8571428571428571,0.0,0.75,True,True,0.0,0.0
2,15,9,3,3,3,"[[15,9,3]]_2",6,"{10: 2, 12: 4}",11.333333333333334,12,419129802,0.9547607288757501,0.7555555555555556,0.8,0.999940332798143,0.9949490477321438,0.04018831885639362,0.04517960392239284,1,stabilizer matrix,Semi-Perfect Quantum Code,0.6,0.004991285065999218,0.75,True,False,0.044444444444444405,0.004991285065999218
2,16,2,6,6,6,"[[16,2,6]]_2",14,"{8: 10, 10: 4}",8.571428571428571,10,557304462,0.9079340769796377,0.5357142857142857,0.625,0.9227017867583622,0.9725177829378439,0.06458370595820617,0.014767709778724547,1,stabilizer matrix,Semi-Perfect Quantum Code,0.125,-0.049815996179481625,0.75,False,False,0.0892857142857143,-0.049815996179481625
2,16,7,4,4,4,"[[16,7,4]]_2",9,"{8: 5, 10: 2, 12: 2}",9.333333333333334,12,1524527082,0.9533035822775322,0.5833333333333334,0.75,0.9522151077025803,1.0,0.0466964177224678,-0.0010884745749518698,1,stabilizer matrix,Semi-Perfect Quantum Code,0.4375,-0.04778489229741967,0.75,False,False,0.16666666666666663,-0.04778489229741967
2,16,10,3,3,3,"[[16,10,3]]_2",6,{12: 6},12.0,12,967222620,0.932789773241873,0.75,0.75,1.0,1.0,0.06721022675812705,0.06721022675812705,1,stabilizer matrix,Semi-Perfect Quantum Code,0.625,0.0,0.75,False,True,0.0,0.0
2,16,14,2,2,2,"[[16,14,2]]_2",2,{16: 2},16.0,16,43046721,0.7924812503605781,1.0,1.0,0.7924812503605781,0.7924812503605781,0.0,0.0,1,stabilizer matrix,Semi-Perfect Quantum Code,0.875,0.0,0.75,True,True,0.0,0.0
2,17,1,7,7,7,"[[17,1,7]]_2",16,"{8: 12, 10: 4}",8.5,10,1307882862,0.8907231231887077,0.5,0.5882352941176471,0.896240625180289,0.9548743501526613,0.06415122696395359,0.005517501991581297,1,stabilizer matrix,Semi-Perfect Quantum Code,0.058823529411764705,-0.05863372497237229,0.75,False,False,0.08823529411764706,-0.05863372497237229
2,17,9,4,4,4,"[[17,9,4]]_2",8,{12: 8},12.0,12,3288556908,0.9298472791206739,0.7058823529411765,0.7058823529411765,0.9963890537299693,0.9963890537299693,0.06654177460929545,0.06654177460929545,1,stabilizer matrix,Semi-Perfect Quantum Code,0.5294117647058824,0.0,0.75,False,True,0.0,0.0
2,17,11,3,3,3,"[[17,11,3]]_2",6,"{12: 4, 13: 1, 14: 1}",12.5,14,10335464568,0.9784377701965471,0.7352941176470589,0.8235294117647058,0.9995892553410518,0.9887790264818245,0.010341256285277378,0.02115148514450471,1,stabilizer matrix,Semi-Perfect Quantum Code,0.6470588235294118,0.010810228859227333,0.75,True,False,0.08823529411764706,0.010810228859227333
2,18,0,8,8,8,"[[18,0,8]]_2",18,"{8: 14, 10: 4}",8.444444444444445,10,2870962380,0.8727468688924349,0.46913580246913583,0.5555555555555556,0.8704061438148895,0.9358053912305434,0.06305852233810849,-0.002340725077545458,1,stabilizer matrix,Semi-Perfect Quantum Code,0.0,-0.06539924741565395,0.75,False,False,0.08641975308641975,-0.06539924741565395
2,18,16,2,2,2,"[[18,16,2]]_2",2,{18: 2},18.0,18,387420489,0.7924812503605781,1.0,1.0,0.7924812503605781,0.7924812503605781,0.0,0.0,1,stabilizer matrix,Semi-Perfect Quantum Code,0.8888888888888888,0.0,0.75,True,True,0.0,0.0
2,19,12,3,3,3,"[[19,12,3]]_2",7,"{12: 1, 13: 3, 14: 3}",13.285714285714286,14,125651784276,0.9702800053061011,0.6992481203007519,0.7368421052631579,0.9952450498503171,0.9996707469021329,0.029390741596031722,0.024965044544215997,1,stabilizer matrix,Semi-Perfect Quantum Code,0.631578947368421,-0.004425697051815725,0.75,False,False,0.03759398496240598,-0.004425697051815725
2,20,13,3,3,3,"[[20,13,3]]_2",7,"{12: 1, 13: 1, 14: 3, 16: 2}",14.142857142857142,16,584486783415,0.9772094861561808,0.7071428571428571,0.8,0.9965891870230964,0.9949490477321438,0.017739561575963014,0.01937970086691565,1,stabilizer matrix,Semi-Perfect Quantum Code,0.65,0.0016401392909526358,0.75,True,False,0.09285714285714289,0.0016401392909526358
2,20,18,2,2,2,"[[20,18,2]]_2",2,{20: 2},20.0,20,3486784401,0.792481250360578,1.0,1.0,0.7924812503605781,0.7924812503605781,1.1102230246251565e-16,1.1102230246251565e-16,1,stabilizer matrix,Semi-Perfect Quantum Code,0.9,0.0,0.75,True,True,0.0,0.0
2,21,15,3,3,3,"[[21,15,3]]_2",6,{16: 6},16.0,16,875957725629,0.9445731021364843,0.7619047619047619,0.7619047619047619,0.9997244146537061,0.9997244146537061,0.05515131251722183,0.05515131251722183,1,stabilizer matrix,Semi-Perfect Quantum Code,0.7142857142857143,0.0,0.75,True,True,0.0,0.0
2,22,20,2,2,2,"[[22,20,2]]_2",2,{22: 2},22.0,22,31381059609,0.7924812503605781,1.0,1.0,0.7924812503605781,0.7924812503605781,0.0,0.0,1,stabilizer matrix,Semi-Perfect Quantum Code,0.9090909090909091,0.0,0.75,True,True,0.0,0.0
2,23,16,3,3,3,"[[23,16,3]]_2",7,"{14: 2, 17: 3, 18: 2}",16.428571428571427,18,29981218505832,0.9732418315753295,0.7142857142857142,0.782608695652174,0.9976183202551571,0.9978904239542103,0.02464859237888084,0.024376488679827557,1,stabilizer matrix,Semi-Perfect Quantum Code,0.6956521739130435,-0.00027210369905328324,0.75,True,False,0.06832298136645969,-0.00027210369905328324
2,24,17,3,3,3,"[[24,17,3]]_2",7,"{15: 1, 16: 1, 17: 3, 20: 2}",17.428571428571427,20,132167366258697,0.9772783193784472,0.7261904761904762,0.8333333333333334,0.9989313897426134,0.9854122527913255,0.00813393341287827,0.021653070364166194,1,stabilizer matrix,Semi-Perfect Quantum Code,0.7083333333333334,0.013519136951287924,0.75,True,False,0.1071428571428572,0.013519136951287924
2,24,22,2,2,2,"[[24,22,2]]_2",2,{24: 2},24.0,24,282429536481,0.7924812503605781,1.0,1.0,0.7924812503605781,0.7924812503605781,0.0,0.0,1,stabilizer matrix,Semi-Perfect Quantum Code,0.9166666666666666,0.0,0.75,True,True,0.0,0.0
2,25,18,3,3,3,"[[25,18,3]]_2",7,"{16: 2, 17: 1, 18: 1, 20: 3}",18.142857142857142,20,599104030919130,0.9817959973753099,0.7257142857142856,0.8,0.9988886483073253,0.9949490477321438,0.013153050356833895,0.017092650932015396,1,stabilizer matrix,Semi-Perfect Quantum Code,0.72,0.003939600575181501,0.75,True,False,0.0742857142857143,0.003939600575181501
2,26,19,3,3,3,"[[26,19,3]]_2",7,"{18: 2, 19: 2, 20: 1, 22: 2}",19.714285714285715,22,2641702151241855,0.9851997930177698,0.7582417582417583,0.8461538461538461,0.9998683608798185,0.9802521553367941,-0.004947637680975725,0.01466856786204862,1,stabilizer matrix,Semi-Perfect Quantum Code,0.7307692307692307,0.019616205543024345,0.75,True,False,0.08791208791208788,0.019616205543024345
2,26,24,2,2,2,"[[26,24,2]]_2",2,{26: 2},26.0,26,2541865828329,0.7924812503605781,1.0,1.0,0.7924812503605781,0.7924812503605781,0.0,0.0,1,stabilizer matrix,Semi-Perfect Quantum Code,0.9230769230769231,0.0,0.75,True,True,0.0,0.0
2,27,20,3,3,3,"[[27,20,3]]_2",7,"{18: 2, 19: 1, 20: 2, 22: 2}",19.857142857142858,22,10025841753562050,0.9843439423392644,0.7354497354497355,0.8148148148148148,0.9995978496844435,0.9913703979596619,0.007026455620397498,0.015253907345179174,1,stabilizer matrix,Semi-Perfect Quantum Code,0.7407407407407407,0.008227451724781676,0.75,True,False,0.07936507936507935,0.008227451724781676
2,28,2,10,10,10,"[[28,2,10]]_2",26,"{12: 20, 14: 4, 16: 2}",12.615384615384615,16,1517600621899710,0.9005484571138684,0.45054945054945056,0.5714285714285714,0.8535183137888522,0.945460496794599,0.04491203968073054,-0.047030143325016205,1,stabilizer matrix,Semi-Perfect Quantum Code,0.07142857142857142,-0.09194218300574675,0.75,False,False,0.1208791208791209,-0.09194218300574675
2,28,21,3,3,3,"[[28,21,3]]_2",7,"{19: 1, 21: 2, 22: 3, 23: 1}",21.428571428571427,23,41487992345114640,0.9857775600591471,0.7653061224489796,0.8214285714285714,0.9995429872493611,0.9894376762580608,0.00366011619891371,0.013765427190214008,1,stabilizer matrix,Semi-Perfect Quantum Code,0.75,0.010105310991300298,0.75,True,False,0.05612244897959189,0.010105310991300298
2,28,26,2,2,2,"[[28,26,2]]_2",2,{28: 2},28.0,28,22876792454961,0.7924812503605781,1.0,1.0,0.7924812503605781,0.7924812503605781,0.0,0.0,1,stabilizer matrix,Semi-Perfect Quantum Code,0.9285714285714286,0.0,0.75,True,True,0.0,0.0
2,29,1,11,11,11,"[[29,1,11]]_2",28,"{12: 20, 14: 4, 16: 4}",12.857142857142858,16,3319859787323490,0.888966271286901,0.4433497536945813,0.5517241379310345,0.8467064404702166,0.9333643540414465,0.04439808275454549,-0.042259830816684385,1,stabilizer matrix,Semi-Perfect Quantum Code,0.034482758620689655,-0.08665791357122987,0.75,False,False,0.10837438423645318,-0.08665791357122987
2,29,22,3,3,3,"[[29,22,3]]_2",7,"{20: 1, 21: 2, 22: 4}",21.428571428571427,22,128796446124962460,0.9799632827389999,0.7389162561576355,0.7586206896551724,0.9997659572180604,0.9998559277610563,0.019892645022056343,0.019802674479060478,1,stabilizer matrix,Semi-Perfect Quantum Code,0.7586206896551724,-8.997054299586527e-05,0.75,True,False,0.019704433497536998,-8.997054299586527e-05
2,30,0,12,12,12,"[[30,0,12]]_2",30,"{12: 14, 14: 12, 16: 4}",13.333333333333334,16,7001487510207975,0.8772763814599817,0.4444444444444445,0.5333333333333333,0.847751918968257,0.9210524828497934,0.043776101389811695,-0.02952446249172469,1,stabilizer matrix,Semi-Perfect Quantum Code,0.0,-0.07330056388153638,0.75,False,False,0.08888888888888886,-0.07330056388153638
2,30,23,3,3,3,"[[30,23,3]]_2",7,"{21: 2, 22: 1, 24: 4}",22.857142857142858,24,501028428664313550,0.9799611679706837,0.761904761904762,0.8,0.9997244146537061,0.9949490477321438,0.014987879761460099,0.01976324668302243,1,stabilizer matrix,Semi-Perfect Quantum Code,0.7666666666666667,0.0047753669215623296,0.75,True,False,0.03809523809523808,0.0047753669215623296
2,30,28,2,2,2,"[[30,28,2]]_2",2,{30: 2},30.0,30,205891132094649,0.7924812503605781,1.0,1.0,0.7924812503605781,0.7924812503605781,0.0,0.0,1,stabilizer matrix,Semi-Perfect Quantum Code,0.9333333333333333,0.0,0.75,True,True,0.0,0.0
2,31,24,3,3,3,"[[31,24,3]]_2",7,"{22: 1, 23: 2, 24: 4}",23.428571428571427,24,2117983812080961825,0.9818935043663186,0.7557603686635944,0.7741935483870968,0.9999358403444848,0.9988484059288694,0.01695490156255075,0.01804233597816618,1,stabilizer matrix,Semi-Perfect Quantum Code,0.7741935483870968,0.0010874344156154292,0.75,True,False,0.018433179723502353,0.0010874344156154292
2,32,25,3,3,3,"[[32,25,3]]_2",7,{24: 7},24.0,24,2970678593568102300,0.9588359098778176,0.75,0.75,1.0,1.0,0.04116409012218236,0.04116409012218236,1,stabilizer matrix,Semi-Perfect Quantum Code,0.78125,0.0,0.75,False,True,0.0,0.0
2,32,30,2,2,2,"[[32,30,2]]_2",2,{32: 2},32.0,32,1853020188851841,0.7924812503605781,1.0,1.0,0.7924812503605781,0.7924812503605781,0.0,0.0,1,stabilizer matrix,Semi-Perfect Quantum Code,0.9375,0.0,0.75,True,True,0.0,0.0
2,33,26,3,3,3,"[[33,26,3]]_2",7,"{23: 4, 25: 1, 28: 2}",24.714285714285715,28,25907364185753409084,0.9771211522137198,0.748917748917749,0.8484848484848485,0.9999977491197334,0.9792178434389638,0.0020966912252440295,0.022876596906013624,1,stabilizer matrix,Semi-Perfect Quantum Code,0.7878787878787878,0.020779905680769595,0.75,True,False,0.09956709956709954,0.020779905680769595
2,34,27,3,3,3,"[[34,27,3]]_2",7,"{24: 3, 25: 1, 27: 1, 28: 2}",25.714285714285715,28,153265687479237179484,0.9860970094998179,0.7563025210084033,0.8235294117647058,0.9999231570175591,0.9887790264818245,0.002682016982006541,0.013826147517741139,1,stabilizer matrix,Semi-Perfect Quantum Code,0.7941176470588235,0.011144130535734598,0.75,True,False,0.06722689075630249,0.011144130535734598
2,34,32,2,2,2,"[[34,32,2]]_2",2,{34: 2},34.0,34,16677181699666569,0.792481250360578,1.0,1.0,0.7924812503605781,0.7924812503605781,1.1102230246251565e-16,1.1102230246251565e-16,1,stabilizer matrix,Semi-Perfect Quantum Code,0.9411764705882353,0.0,0.75,True,True,0.0,0.0
2,35,28,3,3,3,"[[35,28,3]]_2",7,{26: 7},26.0,26,179474689799106734340,0.9611763185974039,0.7428571428571429,0.7428571428571429,0.9999024703882098,0.9999024703882098,0.03872615179080585,0.03872615179080585,1,stabilizer matrix,Semi-Perfect Quantum Code,0.8,0.0,0.75,False,True,0.0,0.0
2,36,29,3,3,3,"[[36,29,3]]_2",7,"{26: 2, 27: 5}",26.714285714285715,27,1364007642473211180984,0.9751158572274236,0.7420634920634921,0.75,0.9998796756170587,1.0,0.024884142772576445,0.02476381838963515,1,stabilizer matrix,Semi-Perfect Quantum Code,0.8055555555555556,-0.00012032438294129477,0.75,False,False,0.007936507936507908,-0.00012032438294129477
2,36,34,2,2,2,"[[36,34,2]]_2",2,{36: 2},36.0,36,150094635296999121,0.7924812503605781,1.0,1.0,0.7924812503605781,0.7924812503605781,0.0,0.0,1,stabilizer matrix,Semi-Perfect Quantum Code,0.9444444444444444,0.0,0.75,True,True,0.0,0.0
2,37,30,3,3,3,"[[37,30,3]]_2",7,"{27: 4, 28: 1, 32: 2}",28.571428571428573,32,6309907145672565963429,0.9786230914569803,0.7722007722007722,0.8648648648648649,0.9990321791269404,0.9710666767150179,-0.007556414741962447,0.02040908766996008,1,stabilizer matrix,Semi-Perfect Quantum Code,0.8108108108108109,0.027965502411922527,0.75,True,False,0.09266409266409262,0.027965502411922527
2,38,31,3,3,3,"[[38,31,3]]_2",7,"{27: 1, 28: 4, 29: 2}",28.142857142857142,29,31178233803536233091892,0.9831968064675558,0.7406015037593985,0.7631578947368421,0.9998314746894443,0.9996629494748603,0.016466143007304535,0.016634668221888527,1,stabilizer matrix,Semi-Perfect Quantum Code,0.8157894736842105,0.00016852521458399217,0.75,True,False,0.02255639097744362,0.00016852521458399217
2,38,36,2,2,2,"[[38,36,2]]_2",2,{38: 2},38.0,38,1350851717672992089,0.7924812503605781,1.0,1.0,0.7924812503605781,0.7924812503605781,0.0,0.0,1,stabilizer matrix,Semi-Perfect Quantum Code,0.9473684210526315,0.0,0.75,True,True,0.0,0.0
2,40,33,3,3,3,"[[40,33,3]]_2",7,"{30: 5, 32: 2}",30.571428571428573,32,317031719664159261089757,0.9758621671818686,0.7642857142857143,0.8,0.9996022730918119,0.9949490477321438,0.019086880550275187,0.023740105909943354,1,stabilizer matrix,Semi-Perfect Quantum Code,0.825,0.004653225359668167,0.75,True,False,0.03571428571428568,0.004653225359668167
2,40,38,2,2,2,"[[40,38,2]]_2",2,{40: 2},40.0,40,12157665459056928801,0.792481250360578,1.0,1.0,0.7924812503605781,0.7924812503605781,1.1102230246251565e-16,1.1102230246251565e-16,1,stabilizer matrix,Semi-Perfect Quantum Code,0.95,0.0,0.75,True,True,0.0,0.0
2,41,31,4,4,4,"[[41,31,4]]_2",10,"{30: 8, 32: 2}",30.4,32,1299698900380834924562397,0.9768835574622345,0.7414634146341463,0.7804878048780488,0.999860864324287,0.9981598438955807,0.021276286433346114,0.02297730686205246,1,stabilizer matrix,Semi-Perfect Quantum Code,0.7560975609756098,0.0017010204287063457,0.75,True,False,0.039024390243902474,0.0017010204287063457
2,42,34,3,3,3,"[[42,34,3]]_2",8,"{28: 2, 30: 2, 32: 4}",30.5,32,6212654230403305341361485,0.9804938576144482,0.7261904761904762,0.7619047619047619,0.9989313897426134,0.9997244146537061,0.01923055703925791,0.018437532128165235,1,stabilizer matrix,Semi-Perfect Quantum Code,0.8095238095238095,-0.0007930249110926768,0.75,True,False,0.03571428571428571,-0.0007930249110926768
2,42,40,2,2,2,"[[42,40,2]]_2",2,{42: 2},42.0,42,109418989131512359209,0.7924812503605781,1.0,1.0,0.7924812503605781,0.7924812503605781,0.0,0.0,1,stabilizer matrix,Semi-Perfect Quantum Code,0.9523809523809523,0.0,0.75,True,True,0.0,0.0
2,43,35,3,3,3,"[[43,35,3]]_2",8,"{30: 4, 32: 4}",31.0,32,18189428862824199026909541,0.9757128211177225,0.7209302325581395,0.7441860465116279,0.9984137946965006,0.9999353101192667,0.024222489001544223,0.022700973578778094,1,stabilizer matrix,Semi-Perfect Quantum Code,0.813953488372093,-0.0015215154227661287,0.75,False,False,0.023255813953488372,-0.0015215154227661287
2,44,36,3,3,3,"[[44,36,3]]_2",8,"{28: 2, 32: 2, 34: 4}",32.0,34,89994928936594666784434569,0.9797505236644227,0.7272727272727273,0.7727272727272727,0.999025468573457,0.9989852124224458,0.019234688758023033,0.019274944909034253,1,stabilizer matrix,Semi-Perfect Quantum Code,0.8181818181818182,4.025615101121982e-05,0.75,True,False,0.045454545454545456,4.025615101121982e-05
2,44,42,2,2,2,"[[44,42,2]]_2",2,{44: 2},44.0,44,984770902183611232881,0.7924812503605781,1.0,1.0,0.7924812503605781,0.7924812503605781,0.0,0.0,1,stabilizer matrix,Semi-Perfect Quantum Code,0.9545454545454546,0.0,0.75,True,True,0.0,0.0
2,45,37,3,3,3,"[[45,37,3]]_2",8,"{28: 2, 30: 2, 32: 2, 34: 2}",31.0,34,400805127813717200260732941,0.9819225714805501,0.6888888888888889,0.7555555555555555,0.9931574702932402,0.9999403327981431,0.01801776131759303,0.01123489881269013,1,stabilizer matrix,Semi-Perfect Quantum Code,0.8222222222222222,-0.006782862504902898,0.75,True,False,0.06666666666666667,-0.006782862504902898
2,46,38,3,3,3,"[[46,38,3]]_2",8,"{32: 2, 34: 4, 36: 2}",34.0,36,1705255702354913634172418841,0.9832831157492018,0.7391304347826086,0.782608695652174,0.9997748738258314,0.9978904239542103,0.014607308205008551,0.016491758076629615,1,stabilizer matrix,Semi-Perfect Quantum Code,0.8260869565217391,0.0018844498716210634,0.75,True,False,0.043478260869565216,0.0018844498716210634
2,46,44,2,2,2,"[[46,44,2]]_2",2,{46: 2},46.0,46,8862938119652501095929,0.792481250360578,1.0,1.0,0.7924812503605781,0.7924812503605781,1.1102230246251565e-16,1.1102230246251565e-16,1,stabilizer matrix,Semi-Perfect Quantum Code,0.9565217391304348,0.0,0.75,True,True,0.0,0.0
2,47,39,3,3,3,"[[47,39,3]]_2",8,"{32: 2, 34: 4, 36: 2}",34.0,36,6353071867215950423530010571,0.9825480095876999,0.723404255319149,0.7659574468085106,0.998669660798112,0.9995029595518837,0.016954949964183785,0.01612165121041209,1,stabilizer matrix,Semi-Perfect Quantum Code,0.8297872340425532,-0.000833298753771694,0.75,True,False,0.0425531914893617,-0.000833298753771694
2,48,40,3,3,3,"[[48,40,3]]_2",8,"{34: 6, 36: 2}",34.5,36,18500621943920774738626666188,0.9781412544598543,0.71875,0.75,0.9981701174108513,1.0,0.021858745540145663,0.02002886295099693,1,stabilizer matrix,Semi-Perfect Quantum Code,0.8333333333333334,-0.0018298825891487347,0.75,False,False,0.03125,-0.0018298825891487347
2,48,46,2,2,2,"[[48,46,2]]_2",2,{48: 2},48.0,48,79766443076872509863361,0.7924812503605781,1.0,1.0,0.7924812503605781,0.7924812503605781,0.0,0.0,1,stabilizer matrix,Semi-Perfect Quantum Code,0.9583333333333334,0.0,0.75,True,True,0.0,0.0
2,49,41,3,3,3,"[[49,41,3]]_2",8,"{34: 4, 36: 2, 38: 2}",35.5,38,105048916679905066598330221236,0.9837446534284229,0.7244897959183674,0.7755102040816326,0.9987749705675838,0.9987180007467615,0.014973347318338659,0.01503031713916092,1,stabilizer matrix,Semi-Perfect Quantum Code,0.8367346938775511,5.696982082226132e-05,0.75,True,False,0.05102040816326531,5.696982082226132e-05
2,50,42,3,3,3,"[[50,42,3]]_2",8,"{34: 2, 36: 2, 38: 2, 40: 2}",37.0,40,511758718139673998260799566545,0.9869137852643161,0.74,0.8,0.9998093115131368,0.9949490477321438,0.008035262467827708,0.012895526248820732,1,stabilizer matrix,Semi-Perfect Quantum Code,0.84,0.004860263780993024,0.75,True,False,0.06,0.004860263780993024
2,50,48,2,2,2,"[[50,48,2]]_2",2,{50: 2},50.0,50,717897987691852588770249,0.7924812503605781,1.0,1.0,0.7924812503605781,0.7924812503605781,0.0,0.0,1,stabilizer matrix,Semi-Perfect Quantum Code,0.96,0.0,0.75,True,True,0.0,0.0
2,51,43,3,3,3,"[[51,43,3]]_2",8,"{34: 2, 36: 4, 38: 2}",36.0,38,1368299717296675624595953281645,0.9814728149468264,0.7058823529411765,0.7450980392156863,0.9963890537299693,0.9999539766790174,0.018481161732191054,0.014916238783142965,1,stabilizer matrix,Semi-Perfect Quantum Code,0.8431372549019608,-0.0035649229490480883,0.75,False,False,0.0392156862745098,-0.0035649229490480883
2,52,44,3,3,3,"[[52,44,3]]_2",8,{38: 8},38.0,38,2389611225108624033823047869400,0.9703328727538817,0.7307692307692307,0.7307692307692307,0.9993002495295964,0.9993002495295964,0.028967376775714704,0.028967376775714704,1,stabilizer matrix,Semi-Perfect Quantum Code,0.8461538461538461,0.0,0.75,False,True,0.0,0.0
2,52,50,2,2,2,"[[52,50,2]]_2",2,{52: 2},52.0,52,6461081889226673298932241,0.7924812503605781,1.0,1.0,0.7924812503605781,0.7924812503605781,0.0,0.0,1,stabilizer matrix,Semi-Perfect Quantum Code,0.9615384615384616,0.0,0.75,True,True,0.0,0.0
2,53,45,3,3,3,"[[53,45,3]]_2",8,"{38: 2, 40: 6}",39.5,40,18672667201329568571989072774350,0.9800065939449212,0.7452830188679245,0.7547169811320755,0.9999573777182342,0.9999570187676142,0.019950424822693047,0.019950783773313052,1,stabilizer matrix,Semi-Perfect Quantum Code,0.8490566037735849,3.5895062000523836e-07,0.75,True,False,0.009433962264150943,3.5895062000523836e-07
2,54,46,3,3,3,"[[54,46,3]]_2",8,"{38: 2, 40: 2, 42: 4}",40.5,42,105483738545283928674276765192195,0.9849881448656131,0.75,0.7777777777777778,1.0,0.9984765590903154,0.013488414224702261,0.015011855134386853,1,stabilizer matrix,Semi-Perfect Quantum Code,0.8518518518518519,0.0015234409096845924,0.75,True,False,0.027777777777777776,0.0015234409096845924
2,54,52,2,2,2,"[[54,52,2]]_2",2,{54: 2},54.0,54,58149737003040059690390169,0.792481250360578,1.0,1.0,0.7924812503605781,0.7924812503605781,1.1102230246251565e-16,1.1102230246251565e-16,1,stabilizer matrix,Semi-Perfect Quantum Code,0.9629629629629629,0.0,0.75,True,True,0.0,0.0
2,55,47,3,3,3,"[[55,47,3]]_2",8,"{40: 4, 42: 4}",41.0,42,303459553970112305704609690436340,0.9809382116256657,0.7454545454545455,0.7636363636363637,0.99996041522978,0.999637828923661,0.018699617297995297,0.01902220360411422,1,stabilizer matrix,Semi-Perfect Quantum Code,0.8545454545454545,0.0003225863061189216,0.75,True,False,0.01818181818181818,0.0003225863061189216
2,56,48,3,3,3,"[[56,48,3]]_2",8,"{42: 4, 44: 4}",43.0,44,1185027536952464225408752871965500,0.9809691760291959,0.7678571428571429,0.7857142857142857,0.9993764498054566,0.9974614681987657,0.016492292169569822,0.018407273776260724,1,stabilizer matrix,Semi-Perfect Quantum Code,0.8571428571428571,0.001914981606690902,0.75,True,False,0.017857142857142856,0.001914981606690902
2,56,54,2,2,2,"[[56,54,2]]_2",2,{56: 2},56.0,56,523347633027360537213511521,0.7924812503605781,1.0,1.0,0.7924812503605781,0.7924812503605781,0.0,0.0,1,stabilizer matrix,Semi-Perfect Quantum Code,0.9642857142857143,0.0,0.75,True,True,0.0,0.0
2,57,49,3,3,3,"[[57,49,3]]_2",8,"{42: 6, 44: 2}",42.5,44,4824572733729754918380859142985660,0.9815265641545384,0.7456140350877193,0.7719298245614035,0.9999631392354149,0.9990559059933848,0.017529341838846357,0.018436575080876483,1,stabilizer matrix,Semi-Perfect Quantum Code,0.8596491228070176,0.0009072332420301255,0.75,True,False,0.02631578947368421,0.0009072332420301255
2,58,50,3,3,3,"[[58,50,3]]_2",8,"{42: 2, 44: 4, 46: 2}",44.0,46,26641557305530212587398425632060865,0.9858554624339395,0.7586206896551724,0.7931034482758621,0.9998559277610563,0.9962739031318613,0.01041844069792175,0.01400046532711674,1,stabilizer matrix,Semi-Perfect Quantum Code,0.8620689655172413,0.003582024629194991,0.75,True,False,0.034482758620689655,0.003582024629194991
2,58,56,2,2,2,"[[58,56,2]]_2",2,{58: 2},58.0,58,4710128697246244834921603689,0.792481250360578,1.0,1.0,0.7924812503605781,0.7924812503605781,1.1102230246251565e-16,1.1102230246251565e-16,1,stabilizer matrix,Semi-Perfect Quantum Code,0.9655172413793104,0.0,0.75,True,True,0.0,0.0
2,59,51,3,3,3,"[[59,51,3]]_2",8,"{42: 4, 44: 4}",43.0,44,69652733403907033097212572270418575,0.9808960609850724,0.7288135593220338,0.7457627118644068,0.9991520592471876,0.9999655914399208,0.019069530454848382,0.018255998262115214,1,stabilizer matrix,Semi-Perfect Quantum Code,0.864406779661017,-0.0008135321927331685,0.75,False,False,0.01694915254237288,-0.0008135321927331685
2,60,52,3,3,3,"[[60,52,3]]_2",8,"{44: 2, 46: 4, 48: 2}",46.0,48,412687479279243053514313372560761700,0.985937774912158,0.7666666666666667,0.8,0.9994574323521273,0.9949490477321438,0.009011272819985816,0.013519657439969301,1,stabilizer matrix,Semi-Perfect Quantum Code,0.8666666666666667,0.004508384619983485,0.75,True,False,0.03333333333333333,0.004508384619983485
2,60,58,2,2,2,"[[60,58,2]]_2",2,{60: 2},60.0,60,42391158275216203514294433201,0.7924812503605781,1.0,1.0,0.7924812503605781,0.7924812503605781,0.0,0.0,1,stabilizer matrix,Semi-Perfect Quantum Code,0.9666666666666667,0.0,0.75,True,True,0.0,0.0
2,61,53,3,3,3,"[[61,53,3]]_2",8,"{44: 2, 46: 6}",45.5,46,1153846164334800872021173541930443905,0.981933297594482,0.7459016393442623,0.7540983606557377,0.9999678068369788,0.9999675714078597,0.018034273813377744,0.018034509242496832,1,stabilizer matrix,Semi-Perfect Quantum Code,0.8688524590163934,2.3542911908869257e-07,0.75,True,False,0.00819672131147541,2.3542911908869257e-07
2,62,54,3,3,3,"[[62,54,3]]_2",8,"{44: 4, 48: 4}",46.0,48,4140448608873402694012102019723280150,0.9809612782669594,0.7419354838709677,0.7741935483870968,0.9998757766011037,0.9988484059288694,0.01788712766190992,0.01891449833414427,1,stabilizer matrix,Semi-Perfect Quantum Code,0.8709677419354839,0.0010273706722343512,0.75,True,False,0.03225806451612903,0.0010273706722343512
2,62,60,2,2,2,"[[62,60,2]]_2",2,{62: 2},62.0,62,381520424476945831628649898809,0.792481250360578,1.0,1.0,0.7924812503605781,0.7924812503605781,1.1102230246251565e-16,1.1102230246251565e-16,1,stabilizer matrix,Semi-Perfect Quantum Code,0.967741935483871,0.0,0.75,True,True,0.0,0.0
2,63,55,3,3,3,"[[63,55,3]]_2",8,"{46: 4, 48: 4}",47.0,48,18719948527311594312081078993323334810,0.9826659998325429,0.746031746031746,0.7619047619047619,0.9999698149646042,0.9997244146537061,0.017058414821163215,0.017303815132061362,1,stabilizer matrix,Semi-Perfect Quantum Code,0.873015873015873,0.0002454003108981473,0.75,True,False,0.015873015873015872,0.0002454003108981473
2,64,56,3,3,3,"[[64,56,3]]_2",8,"{46: 2, 48: 4, 50: 2}",48.0,50,105245111699135547463944712495222729884,0.9867736002497597,0.75,0.78125,1.0,0.9980652081133994,0.011291607863639697,0.013226399750240314,1,stabilizer matrix,Semi-Perfect Quantum Code,0.875,0.0019347918866006175,0.75,True,False,0.03125,0.0019347918866006175
2,64,62,2,2,2,"[[64,62,2]]_2",2,{64: 2},64.0,64,3433683820292512484657849089281,0.7924812503605781,1.0,1.0,0.7924812503605781,0.7924812503605781,0.0,0.0,1,stabilizer matrix,Semi-Perfect Quantum Code,0.96875,0.0,0.75,True,True,0.0,0.0
2,65,57,3,3,3,"[[65,57,3]]_2",8,"{46: 2, 48: 2, 50: 4}",48.5,50,407074673506193304879516741130059964764,0.9866043159346325,0.7461538461538462,0.7692307692307693,0.999971640894888,0.9992758804618718,0.012671564527239276,0.0133673249602555,1,stabilizer matrix,Semi-Perfect Quantum Code,0.8769230769230769,0.0006957604330162237,0.75,True,False,0.023076923076923078,0.0006957604330162237
2,66,58,3,3,3,"[[66,58,3]]_2",8,"{48: 4, 50: 2, 52: 2}",49.5,52,1660597436492044211074812795878201214984,0.9870219551278584,0.75,0.7878787878787878,1.0,0.9971380883561728,0.010116133228314395,0.012978044872141603,1,stabilizer matrix,Semi-Perfect Quantum Code,0.8787878787878788,0.0028619116438272085,0.75,True,False,0.03787878787878788,0.0028619116438272085
2,66,64,2,2,2,"[[66,64,2]]_2",2,{66: 2},66.0,66,30903154382632612361920641803529,0.7924812503605781,1.0,1.0,0.7924812503605781,0.7924812503605781,0.0,0.0,1,stabilizer matrix,Semi-Perfect Quantum Code,0.9696969696969697,0.0,0.75,True,True,0.0,0.0
2,67,59,3,3,3,"[[67,59,3]]_2",8,"{50: 4, 52: 2, 54: 2}",51.5,54,6129775231467818687673503277091835449620,0.9863509692111652,0.7686567164179104,0.8059701492537313,0.999318840200582,0.9936291742309827,0.007278205019817574,0.012967870989416874,1,stabilizer matrix,Semi-Perfect Quantum Code,0.8805970149253731,0.0056896659695993,0.75,True,False,0.03731343283582089,0.0056896659695993
2,68,60,3,3,3,"[[68,60,3]]_2",8,"{50: 6, 52: 2}",50.5,52,18638341714631184068288621584907126279892,0.98364262722157,0.7426470588235294,0.7647058823529411,0.9998966677642569,0.9995783669057825,0.01593573968421247,0.016254040542686865,1,stabilizer matrix,Semi-Perfect Quantum Code,0.8823529411764706,0.00031830085847439626,0.75,True,False,0.022058823529411766,0.00031830085847439626
2,68,66,2,2,2,"[[68,66,2]]_2",2,{68: 2},68.0,68,278128389443693511257285776231761,0.792481250360578,1.0,1.0,0.7924812503605781,0.7924812503605781,1.1102230246251565e-16,1.1102230246251565e-16,1,stabilizer matrix,Semi-Perfect Quantum Code,0.9705882352941176,0.0,0.75,True,True,0.0,0.0
2,69,61,3,3,3,"[[69,61,3]]_2",8,"{50: 2, 52: 6}",51.5,52,71743298515428580768729407052833406519860,0.9834780280621571,0.7463768115942029,0.7536231884057971,0.9999748286837722,0.9999746660188495,0.016496637956692428,0.01649680062161507,1,stabilizer matrix,Semi-Perfect Quantum Code,0.8840579710144928,1.6266492264271903e-07,0.75,True,False,0.007246376811594203,1.6266492264271903e-07
2,70,62,3,3,3,"[[70,62,3]]_2",8,{52: 8},52.0,52,149872126218094260349335253476861409431540,0.9770198855768878,0.7428571428571429,0.7428571428571429,0.9999024703882098,0.9999024703882098,0.022882584811321993,0.022882584811321993,1,stabilizer matrix,Semi-Perfect Quantum Code,0.8857142857142857,0.0,0.75,False,True,0.0,0.0
2,70,68,2,2,2,"[[70,68,2]]_2",2,{70: 2},70.0,70,2503155504993241601315571986085849,0.7924812503605783,1.0,1.0,0.7924812503605781,0.7924812503605781,-1.1102230246251565e-16,-1.1102230246251565e-16,1,stabilizer matrix,Semi-Perfect Quantum Code,0.9714285714285714,0.0,0.75,True,True,0.0,0.0
2,71,63,3,3,3,"[[71,63,3]]_2",8,"{52: 2, 54: 6}",53.5,54,1162364752495845256532580267779828806018200,0.9840707242661045,0.7535211267605634,0.7605633802816901,0.9999760753832114,0.9997832894767027,0.01571256521059816,0.015905351117106892,1,stabilizer matrix,Semi-Perfect Quantum Code,0.8873239436619719,0.00019278590650873006,0.75,True,False,0.007042253521126761,0.00019278590650873006
2,72,64,3,3,3,"[[72,64,3]]_2",8,"{52: 2, 54: 6}",53.5,54,4425439621320545394871314692238111854185656,0.9837972275299002,0.7430555555555556,0.75,0.9999077976099405,1.0,0.016202772470099824,0.016110570080040354,1,stabilizer matrix,Semi-Perfect Quantum Code,0.8888888888888888,-9.22023900594704e-05,0.75,False,False,0.006944444444444444,-9.22023900594704e-05
2,72,70,2,2,2,"[[72,70,2]]_2",2,{72: 2},72.0,72,22528399544939174411840147874772641,0.7924812503605781,1.0,1.0,0.7924812503605781,0.7924812503605781,0.0,0.0,1,stabilizer matrix,Semi-Perfect Quantum Code,0.9722222222222222,0.0,0.75,True,True,0.0,0.0
2,73,65,3,3,3,"[[73,65,3]]_2",8,"{52: 2, 54: 6}",53.5,54,16265256798950952558554864765291038206603768,0.9831828882209427,0.7328767123287672,0.7397260273972602,0.9994442434695063,0.9997987668830705,0.01661587866212777,0.016261355248563647,1,stabilizer matrix,Semi-Perfect Quantum Code,0.8904109589041096,-0.00035452341356412287,0.75,False,False,0.00684931506849315,-0.00035452341356412287
2,74,66,3,3,3,"[[74,66,3]]_2",8,"{54: 4, 56: 4}",55.0,56,72280012197851147271479027643246391143536700,0.9844358434447694,0.7432432432432432,0.7567567567567568,0.9999126999791992,0.9999116448360783,0.015475801391308885,0.015476856534429762,1,stabilizer matrix,Semi-Perfect Quantum Code,0.8918918918918919,1.0551431208760675e-06,0.75,True,False,0.013513513513513514,1.0551431208760675e-06
2,74,72,2,2,2,"[[74,72,2]]_2",2,{74: 2},74.0,74,202755595904452569706561330872953769,0.7924812503605781,1.0,1.0,0.7924812503605781,0.7924812503605781,0.0,0.0,1,stabilizer matrix,Semi-Perfect Quantum Code,0.972972972972973,0.0,0.75,True,True,0.0,0.0
2,75,67,3,3,3,"[[75,67,3]]_2",8,{56: 8},56.0,56,150120025333998536640764134335973273913499300,0.9783396840923216,0.7466666666666667,0.7466666666666667,0.9999786895794791,0.9999786895794791,0.02163900548715747,0.02163900548715747,1,stabilizer matrix,Semi-Perfect Quantum Code,0.8933333333333333,0.0,0.75,False,True,0.0,0.0
2,76,68,3,3,3,"[[76,68,3]]_2",8,"{56: 2, 58: 6}",57.5,58,1160583092409740410857217893728455448669191140,0.9848790400436758,0.756578947368421,0.7631578947368421,0.9999162474983015,0.9996629494748603,0.014783909431184572,0.015037207454625778,1,stabilizer matrix,Semi-Perfect Quantum Code,0.8947368421052632,0.00025329802344120633,0.75,True,False,0.006578947368421052,0.00025329802344120633
2,76,74,2,2,2,"[[76,74,2]]_2",2,{76: 2},76.0,76,1824800363140073127359051977856583921,0.7924812503605781,1.0,1.0,0.7924812503605781,0.7924812503605781,0.0,0.0,1,stabilizer matrix,Semi-Perfect Quantum Code,0.9736842105263158,0.0,0.75,True,True,0.0,0.0
2,77,69,3,3,3,"[[77,69,3]]_2",8,"{56: 2, 58: 6}",57.5,58,4483239653135574688506130733697997244621308980,0.9847487395529,0.7467532467532467,0.7532467532467533,0.9999797807003796,0.9999796636526439,0.015230924099743914,0.01523104114747964,1,stabilizer matrix,Semi-Perfect Quantum Code,0.8961038961038961,1.1704773572596139e-07,0.75,True,False,0.006493506493506494,1.1704773572596139e-07
2,78,70,3,3,3,"[[78,70,3]]_2",8,"{58: 6, 60: 2}",58.5,60,18338051637071089038598563881122484402531731440,0.985150850832547,0.75,0.7692307692307693,1.0,0.9992758804618718,0.014125029629324715,0.014849149167452946,1,stabilizer matrix,Semi-Perfect Quantum Code,0.8974358974358975,0.0007241195381282317,0.75,True,False,0.019230769230769232,0.0007241195381282317
2,78,76,2,2,2,"[[78,76,2]]_2",2,{78: 2},78.0,78,16423203268260658146231467800709255289,0.7924812503605781,1.0,1.0,0.7924812503605781,0.7924812503605781,0.0,0.0,1,stabilizer matrix,Semi-Perfect Quantum Code,0.9743589743589743,0.0,0.75,True,True,0.0,0.0
2,79,71,3,3,3,"[[79,71,3]]_2",8,"{58: 2, 60: 6}",59.5,60,72554245352254169192944564321124180899671932520,0.985238939226019,0.7531645569620253,0.759493670886076,0.9999806817358446,0.9998251307425399,0.014586191516520852,0.014741742509825628,1,stabilizer matrix,Semi-Perfect Quantum Code,0.8987341772151899,0.00015555099330477606,0.75,True,False,0.006329113924050633,0.00015555099330477606
2,80,72,3,3,3,"[[80,72,3]]_2",8,{60: 8},60.0,60,149866146137443038005098608269863062186207598320,0.9794643436478001,0.75,0.75,1.0,1.0,0.020535656352199894,0.020535656352199894,1,stabilizer matrix,Semi-Perfect Quantum Code,0.9,0.0,0.75,False,True,0.0,0.0
2,80,78,2,2,2,"[[80,78,2]]_2",2,{80: 2},80.0,80,147808829414345923316083210206383297601,0.792481250360578,1.0,1.0,0.7924812503605781,0.7924812503605781,1.1102230246251565e-16,1.1102230246251565e-16,1,stabilizer matrix,Semi-Perfect Quantum Code,0.975,0.0,0.75,True,True,0.0,0.0
2,81,73,3,3,3,"[[81,73,3]]_2",8,"{60: 3, 61: 2, 62: 1, 64: 2}",61.5,64,2193862146634641811302417647519938667796993617805,0.9912717372228386,0.7592592592592593,0.7901234567901234,0.9998336955668434,0.9967813702379806,0.005509633015142068,0.00856195834400486,1,stabilizer matrix,Semi-Perfect Quantum Code,0.9012345679012346,0.0030523253288627927,0.75,True,False,0.030864197530864196,0.0030523253288627927
2,82,80,2,2,2,"[[82,80,2]]_2",2,{82: 2},82.0,82,1330279464729113309844748891857449678409,0.7924812503605781,1.0,1.0,0.7924812503605781,0.7924812503605781,0.0,0.0,1,stabilizer matrix,Semi-Perfect Quantum Code,0.975609756097561,0.0,0.75,True,True,0.0,0.0
2,83,74,3,3,3,"[[83,74,3]]_2",9,"{46: 2, 59: 1, 61: 1, 62: 3, 63: 1, 64: 1}",58.333333333333336,64,42780551447097292748527812770893407554518865739165,0.9932013959556498,0.7028112449799198,0.7710843373493976,0.9958783636223989,0.999128012605546,0.005926616649896133,0.002676967666749075,1,stabilizer matrix,Semi-Perfect Quantum Code,0.891566265060241,-0.0032496489831470576,0.75,True,False,0.06827309236947789,-0.0032496489831470576
2,84,75,3,3,3,"[[84,75,3]]_2",9,"{60: 3, 62: 1, 64: 4, 66: 1}",62.666666666666664,66,129212209091144268165842565356406765645745757738955,0.9908699234475682,0.746031746031746,0.7857142857142857,0.9999698149646042,0.9974614681987657,0.006591544751197498,0.009099891517036052,1,stabilizer matrix,Semi-Perfect Quantum Code,0.8928571428571429,0.002508346765838554,0.75,True,False,0.03968253968253971,0.002508346765838554
2,84,82,2,2,2,"[[84,82,2]]_2",2,{84: 2},84.0,84,11972515182562019788602740026717047105681,0.7924812503605781,1.0,1.0,0.7924812503605781,0.7924812503605781,0.0,0.0,1,stabilizer matrix,Semi-Perfect Quantum Code,0.9761904761904762,0.0,0.75,True,True,0.0,0.0
2,85,77,3,3,3,"[[85,77,3]]_2",8,{64: 8},64.0,64,149211532549004951383915056728711877683753437727325,0.9804339046474725,0.7529411764705882,0.7529411764705882,0.9999833161147336,0.9999833161147336,0.01954941146726108,0.01954941146726108,1,stabilizer matrix,Semi-Perfect Quantum Code,0.9058823529411765,0.0,0.75,True,True,0.0,0.0
2,86,84,2,2,2,"[[86,84,2]]_2",2,{86: 2},86.0,86,107752636643058178097424660240453423951129,0.7924812503605781,1.0,1.0,0.7924812503605781,0.7924812503605781,0.0,0.0,1,stabilizer matrix,Semi-Perfect Quantum Code,0.9767441860465116,0.0,0.75,True,True,0.0,0.0
2,87,78,3,3,3,"[[87,78,3]]_2",9,"{58: 1, 60: 1, 63: 1, 66: 2, 67: 2, 74: 2}",66.11111111111111,74,8176849320764974194041318329584768821978090511294648,0.9910912522674433,0.7598978288633461,0.8505747126436781,0.9998098541292273,0.9782646195392439,-0.012826632728199394,0.00871860186178397,1,stabilizer matrix,Semi-Perfect Quantum Code,0.896551724137931,0.021545234589983364,0.75,True,False,0.09067688378033202,0.021545234589983364
2,88,79,3,3,3,"[[88,79,3]]_2",9,"{62: 2, 64: 2, 66: 4, 68: 1}",64.88888888888889,68,31584037059842142426726812076043472980705733491622211,0.9909060029651678,0.7373737373737373,0.7727272727272727,0.9996966791445259,0.9989852124224458,0.008079209457277914,0.008790676179358026,1,stabilizer matrix,Semi-Perfect Quantum Code,0.8977272727272727,0.0007114667220801119,0.75,True,False,0.03535353535353539,0.0007114667220801119
2,88,86,2,2,2,"[[88,86,2]]_2",2,{88: 2},88.0,88,969773729787523602876821942164080815560161,0.7924812503605781,1.0,1.0,0.7924812503605781,0.7924812503605781,0.0,0.0,1,stabilizer matrix,Semi-Perfect Quantum Code,0.9772727272727273,0.0,0.75,True,True,0.0,0.0
2,89,80,3,3,3,"[[89,80,3]]_2",9,"{50: 2, 66: 1, 67: 1, 68: 2, 71: 3}",64.66666666666667,71,132606789486847014506681609217298914156443620199891502,0.9914008071492528,0.7265917602996255,0.797752808988764,0.9989667691347139,0.9954040303169519,0.004003223167699077,0.0075659619854611115,1,stabilizer matrix,Semi-Perfect Quantum Code,0.898876404494382,0.0035627388177620345,0.75,True,False,0.07116104868913853,0.0035627388177620345
2,90,81,3,3,3,"[[90,81,3]]_2",9,"{64: 2, 66: 4, 68: 3}",66.22222222222223,68,383872558687680176258650438665487634966289508606913220,0.9889045358953353,0.7358024691358025,0.7555555555555555,0.9996169977406327,0.9999403327981431,0.01103579690280776,0.010712461845297394,1,stabilizer matrix,Semi-Perfect Quantum Code,0.9,-0.0003233350575103655,0.75,True,False,0.019753086419753017,-0.0003233350575103655
2,90,88,2,2,2,"[[90,88,2]]_2",2,{90: 2},90.0,90,8727963568087712425891397479476727340041449,0.7924812503605781,1.0,1.0,0.7924812503605781,0.7924812503605781,0.0,0.0,1,stabilizer matrix,Semi-Perfect Quantum Code,0.9777777777777777,0.0,0.75,True,True,0.0,0.0
2,91,82,3,3,3,"[[91,82,3]]_2",9,"{63: 1, 64: 1, 67: 1, 70: 3, 74: 2, 76: 1}",69.77777777777777,76,2031954149696646818233947140339657927150568092956078311,0.9912471701786163,0.7667887667887667,0.8351648351648352,0.9994493898034813,0.9847286393244448,-0.006518530854171534,0.008202219624865004,1,stabilizer matrix,Semi-Perfect Quantum Code,0.9010989010989011,0.014720750479036537,0.75,True,False,0.06837606837606845,0.014720750479036537
2,92,83,3,3,3,"[[92,83,3]]_2",9,"{66: 3, 68: 5, 70: 1}",67.55555555555556,70,6311711796985869955207364748695098820327140452085832589,0.9893595024726828,0.7342995169082126,0.7608695652173914,0.9995322077891179,0.999770479410641,0.010410976937958227,0.010172705316435104,1,stabilizer matrix,Semi-Perfect Quantum Code,0.9021739130434783,-0.00023827162152312287,0.75,True,False,0.026570048309178727,-0.00023827162152312287
2,92,90,2,2,2,"[[92,90,2]]_2",2,{92: 2},92.0,92,78551672112789411833022577315290546060373041,0.792481250360578,1.0,1.0,0.7924812503605781,0.7924812503605781,1.1102230246251565e-16,1.1102230246251565e-16,1,stabilizer matrix,Semi-Perfect Quantum Code,0.9782608695652174,0.0,0.75,True,True,0.0,0.0
2,93,84,3,3,3,"[[93,84,3]]_2",9,"{54: 2, 67: 2, 69: 1, 70: 1, 71: 1, 72: 2}",66.22222222222223,72,43163908624320808030237722569181119699792565214006480188,0.9936337136021894,0.7120669056152927,0.7741935483870968,0.9973178215696402,0.9988484059288694,0.005214692326679926,0.003684107967450778,1,stabilizer matrix,Semi-Perfect Quantum Code,0.9032258064516129,-0.001530584359229148,0.75,True,False,0.06212664277180399,-0.001530584359229148
2,94,85,3,3,3,"[[94,85,3]]_2",9,"{68: 3, 70: 5, 72: 1}",69.55555555555556,72,102451586149516885420644627541618450612718230808478119037,0.9896963597549749,0.739952718676123,0.7659574468085106,0.9998075118414167,0.9995029595518837,0.009806599796908788,0.010111152086441755,1,stabilizer matrix,Semi-Perfect Quantum Code,0.9042553191489362,0.00030455228953296665,0.75,True,False,0.02600472813238769,0.00030455228953296665
2,94,92,2,2,2,"[[94,92,2]]_2",2,{94: 2},94.0,94,706965049015104706497203195837614914543357369,0.792481250360578,1.0,1.0,0.7924812503605781,0.7924812503605781,1.1102230246251565e-16,1.1102230246251565e-16,1,stabilizer matrix,Semi-Perfect Quantum Code,0.9787234042553191,0.0,0.75,True,True,0.0,0.0
2,95,86,3,3,3,"[[95,86,3]]_2",9,"{56: 2, 68: 1, 71: 2, 73: 2, 76: 2}",68.88888888888889,76,474908754204612746090453678935473614114195182168164468570,0.9909243350735474,0.7251461988304093,0.8,0.998836583678627,0.9949490477321438,0.0040247126585963855,0.007912248605079664,1,stabilizer matrix,Semi-Perfect Quantum Code,0.9052631578947369,0.003887535946483278,0.75,True,False,0.07485380116959067,0.003887535946483278
2,96,87,3,3,3,"[[96,87,3]]_2",9,"{70: 5, 72: 4}",70.88888888888889,72,1101877641168525360132246610472913565707868512371392717812,0.9869263824803498,0.7384259259259259,0.75,0.999744898287914,1.0,0.013073617519650194,0.012818515807564212,1,stabilizer matrix,Semi-Perfect Quantum Code,0.90625,-0.0002551017120859811,0.75,False,False,0.011574074074074106,-0.0002551017120859811
2,96,94,2,2,2,"[[96,94,2]]_2",2,{96: 2},96.0,96,6362685441135942358474828762538534230890216321,0.7924812503605781,1.0,1.0,0.7924812503605781,0.7924812503605781,0.0,0.0,1,stabilizer matrix,Semi-Perfect Quantum Code,0.9791666666666666,0.0,0.75,True,True,0.0,0.0
2,97,88,3,3,3,"[[97,88,3]]_2",9,"{58: 2, 66: 1, 70: 1, 71: 1, 73: 1, 74: 1, 75: 1, 76: 1}",69.0,76,13170870071382713808300727936044253236355981934391330830484,0.9952019595724219,0.711340206185567,0.7835051546391752,0.9972156335391988,0.9977708187984166,0.002568859225994702,0.0020136739667769854,1,stabilizer matrix,Semi-Perfect Quantum Code,0.9072164948453608,-0.0005551852592177164,0.75,True,False,0.07216494845360824,-0.0005551852592177164
2,98,89,3,3,3,"[[98,89,3]]_2",9,"{72: 2, 74: 5, 76: 2}",74.0,76,26029548872619558094703600984898263393790208544018915470512,0.9900611214875726,0.7551020408163265,0.7755102040816326,0.9999496974632957,0.9987180007467615,0.008656879259188899,0.009888575975723013,1,stabilizer matrix,Semi-Perfect Quantum Code,0.9081632653061225,0.0012316967165341142,0.75,True,False,0.02040816326530612,0.0012316967165341142
2,98,96,2,2,2,"[[98,96,2]]_2",2,{98: 2},98.0,98,57264168970223481226273458862846808078011946889,0.792481250360578,1.0,1.0,0.7924812503605781,0.7924812503605781,1.1102230246251565e-16,1.1102230246251565e-16,1,stabilizer matrix,Semi-Perfect Quantum Code,0.9795918367346939,0.0,0.75,True,True,0.0,0.0
2,99,90,3,3,3,"[[99,90,3]]_2",9,"{60: 2, 72: 1, 74: 1, 75: 1, 76: 1, 77: 2, 79: 1}",72.22222222222223,79,192895990815663232671089460648372388213438251042738201603684,0.9946544482667904,0.7295173961840629,0.797979797979798,0.999207003405209,0.9953591007126986,0.0007046524459082271,0.004552555138418568,1,stabilizer matrix,Semi-Perfect Quantum Code,0.9090909090909091,0.003847902692510341,0.75,True,False,0.06846240179573507,0.003847902692510341
2,100,91,3,3,3,"[[100,91,3]]_2",9,"{72: 3, 74: 3, 76: 3}",74.0,76,400033392792102481158276068100624040151005116108792429554400,0.9899693901618316,0.74,0.76,0.9998093115131368,0.9998058899663005,0.009836499804468879,0.00983992135130518,1,stabilizer matrix,Semi-Perfect Quantum Code,0.91,3.421546836301914e-06,0.75,True,False,0.02,3.421546836301914e-06
2,100,98,2,2,2,"[[100,98,2]]_2",2,{100: 2},100.0,100,515377520732011331036461129765621272702107522001,0.7924812503605781,1.0,1.0,0.7924812503605781,0.7924812503605781,0.0,0.0,1,stabilizer matrix,Semi-Perfect Quantum Code,0.98,0.0,0.75,True,True,0.0,0.0
2,101,92,3,3,3,"[[101,92,3]]_2",9,"{62: 2, 75: 1, 76: 2, 77: 1, 78: 1, 79: 1, 80: 1}",73.88888888888889,80,3111277621002457209052911300340418919270526492589592468336882,0.9948177862689342,0.7315731573157316,0.7920792079207921,0.9993571034313977,0.9964527046845586,0.0016349184156243535,0.004539317162463474,1,stabilizer matrix,Semi-Perfect Quantum Code,0.9108910891089109,0.002904398746839121,0.75,True,False,0.060506050605060535,0.002904398746839121
2,102,93,3,3,3,"[[102,93,3]]_2",9,"{72: 2, 74: 1, 76: 1, 78: 5}",76.0,78,7820996297816871251964964052378642644094356144251574918163328,0.9915835200682143,0.7450980392156863,0.7647058823529411,0.9999539766790174,0.9995783669057825,0.007994846837568237,0.008370456610803156,1,stabilizer matrix,Semi-Perfect Quantum Code,0.9117647058823529,0.0003756097732349195,0.75,True,False,0.0196078431372549,0.0003756097732349195
2,102,100,2,2,2,"[[102,100,2]]_2",2,{102: 2},102.0,102,4638397686588101979328150167890591454318967698009,0.7924812503605781,1.0,1.0,0.7924812503605781,0.7924812503605781,0.0,0.0,1,stabilizer matrix,Semi-Perfect Quantum Code,0.9803921568627451,0.0,0.75,True,True,0.0,0.0
2,103,94,3,3,3,"[[103,94,3]]_2",9,"{64: 2, 70: 1, 75: 1, 76: 1, 77: 1, 78: 2, 79: 1}",73.44444444444444,79,46588017961901866709331469335291918333018392321178564613278132,0.9944542366113682,0.7130528586839266,0.7669902912621359,0.9974534946670176,0.9994359841434174,0.004981747532049163,0.0029992580556493786,1,stabilizer matrix,Semi-Perfect Quantum Code,0.912621359223301,-0.0019824894763997847,0.75,True,False,0.05393743257820929,-0.0019824894763997847
2,104,95,3,3,3,"[[104,95,3]]_2",9,"{76: 3, 78: 4, 82: 2}",78.22222222222223,82,95369873605164402095298080536606679610180719091932514131934240,0.9898612855447424,0.7521367521367522,0.7884615384615384,0.9999912006664032,0.9970475757553126,0.0071862902105701565,0.010129915121660837,1,stabilizer matrix,Semi-Perfect Quantum Code,0.9134615384615384,0.002943624911090681,0.75,True,False,0.036324786324786265,0.002943624911090681
2,104,102,2,2,2,"[[104,102,2]]_2",2,{104: 2},104.0,104,41745579179292917813953351511015323088870709282081,0.7924812503605781,1.0,1.0,0.7924812503605781,0.7924812503605781,0.0,0.0,1,stabilizer matrix,Semi-Perfect Quantum Code,0.9807692307692307,0.0,0.75,True,True,0.0,0.0
2,105,96,3,3,3,"[[105,96,3]]_2",9,"{66: 2, 75: 2, 76: 2, 79: 2, 80: 1}",74.66666666666667,80,512992354100331701436712654624556510297663248652069073298872282,0.9919927581254591,0.7111111111111111,0.7619047619047619,0.9971830335786462,0.9997244146537061,0.007731656528247033,0.005190275453187176,1,stabilizer matrix,Semi-Perfect Quantum Code,0.9142857142857143,-0.0025413810750598564,0.75,True,False,0.05079365079365075,-0.0025413810750598564
2,106,97,3,3,3,"[[106,97,3]]_2",9,"{76: 3, 78: 1, 80: 3, 82: 2}",78.88888888888889,82,2067509412589310734731613917399693483707376486430465430482926228,0.9921196409215135,0.7442348008385744,0.7735849056603774,0.9999363878184397,0.9989062681454874,0.00678662722397394,0.007816746896926241,1,stabilizer matrix,Semi-Perfect Quantum Code,0.9150943396226415,0.001030119672952301,0.75,True,False,0.029350104821802964,0.001030119672952301
2,106,104,2,2,2,"[[106,104,2]]_2",2,{106: 2},106.0,106,375710212613636260325580163599137907799836383538729,0.7924812503605781,1.0,1.0,0.7924812503605781,0.7924812503605781,0.0,0.0,1,stabilizer matrix,Semi-Perfect Quantum Code,0.9811320754716981,0.0,0.75,True,True,0.0,0.0
2,107,98,3,3,3,"[[107,98,3]]_2",9,"{68: 2, 77: 1, 78: 1, 79: 3, 83: 1, 84: 1}",77.22222222222223,84,9751714710974371340143043165097676834067810037818178682916578212,0.9933043266263996,0.7217030114226376,0.7850467289719626,0.9984960787965823,0.9975571453400593,0.0042528187136597895,0.005191752170182751,1,stabilizer matrix,Semi-Perfect Quantum Code,0.9158878504672897,0.0009389334565229612,0.75,True,False,0.06334371754932497,0.0009389334565229612
2,108,99,3,3,3,"[[108,99,3]]_2",9,"{78: 2, 80: 4, 82: 2, 84: 1}",80.44444444444444,84,33119479952156604798274325573996609815762411402539755896649012748,0.9922735096868399,0.7448559670781892,0.7777777777777778,0.9999493296310444,0.9984765590903154,0.006203049403475491,0.0076758199442045205,1,stabilizer matrix,Semi-Perfect Quantum Code,0.9166666666666666,0.0014727705407290292,0.75,True,False,0.032921810699588494,0.0014727705407290292
2,108,106,2,2,2,"[[108,106,2]]_2",2,{108: 2},108.0,108,3381391913522726342930221472392241170198527451848561,0.792481250360578,1.0,1.0,0.7924812503605781,0.7924812503605781,1.1102230246251565e-16,1.1102230246251565e-16,1,stabilizer matrix,Semi-Perfect Quantum Code,0.9814814814814815,0.0,0.75,True,True,0.0,0.0
2,109,100,3,3,3,"[[109,100,3]]_2",9,"{70: 2, 80: 2, 81: 1, 82: 1, 84: 1, 85: 1, 88: 1}",80.0,88,186608163834702142212107787828007877867570471678004038917037500482,0.9946116434451854,0.7339449541284404,0.8073394495412844,0.9995109862783893,0.993303408925278,-0.0013082345199073586,0.0048993428332039235,1,stabilizer matrix,Semi-Perfect Quantum Code,0.9174311926605505,0.006207577353111282,0.75,True,False,0.07339449541284404,0.006207577353111282
2,110,101,3,3,3,"[[110,101,3]]_2",9,"{80: 1, 82: 5, 84: 3}",82.44444444444444,84,411704305223780223079243675920228539921933466826107459267329002998,0.9907587941035925,0.7494949494949494,0.7636363636363637,0.9999995095574845,0.999637828923661,0.008879034820068576,0.009240715453892046,1,stabilizer matrix,Semi-Perfect Quantum Code,0.9181818181818182,0.00036168063382346904,0.75,True,False,0.014141414141414156,0.00036168063382346904
2,110,108,2,2,2,"[[110,108,2]]_2",2,{110: 2},110.0,110,30432527221704537086371993251530170531786747066637049,0.7924812503605781,1.0,1.0,0.7924812503605781,0.7924812503605781,0.0,0.0,1,stabilizer matrix,Semi-Perfect Quantum Code,0.9818181818181818,0.0,0.75,True,True,0.0,0.0
2,111,102,3,3,3,"[[111,102,3]]_2",9,"{72: 2, 80: 1, 81: 1, 82: 1, 83: 2, 84: 2}",80.11111111111111,84,2710681088864844018224845574680414395725246196507458498016314284407,0.9940806741122395,0.7217217217217218,0.7567567567567568,0.9984980444568627,0.9999116448360783,0.005830970723838758,0.004417370344623195,1,stabilizer matrix,Semi-Perfect Quantum Code,0.918918918918919,-0.0014136003792155627,0.75,True,False,0.03503503503503501,-0.0014136003792155627
2,112,103,3,3,3,"[[112,103,3]]_2",9,"{82: 2, 84: 5, 86: 2}",84.0,86,6600142460662486990651313680930746206696115990760274316429809982744,0.9909363902999982,0.75,0.7678571428571429,1.0,0.9993764498054566,0.008440059505458342,0.009063609700001751,1,stabilizer matrix,Semi-Perfect Quantum Code,0.9196428571428571,0.0006235501945434097,0.75,True,False,0.017857142857142856,0.0006235501945434097
2,112,110,2,2,2,"[[112,110,2]]_2",2,{112: 2},112.0,112,273892744995340833777347939263771534786080723599733441,0.7924812503605781,1.0,1.0,0.7924812503605781,0.7924812503605781,0.0,0.0,1,stabilizer matrix,Semi-Perfect Quantum Code,0.9821428571428571,0.0,0.75,True,True,0.0,0.0
2,113,104,3,3,3,"[[113,104,3]]_2",9,"{74: 2, 79: 1, 82: 1, 83: 1, 84: 1, 85: 1, 87: 1, 91: 1}",82.11111111111111,91,51709656170014182587693536089248119464632702848747181933299548760848,0.9953080357056588,0.7266470009832842,0.8053097345132744,0.9989715936798778,0.9937831966833608,-0.0015248390222980523,0.0036635579742189117,1,stabilizer matrix,Semi-Perfect Quantum Code,0.9203539823008849,0.005188396996516964,0.75,True,False,0.07866273352999013,0.005188396996516964
2,114,105,3,3,3,"[[114,105,3]]_2",9,"{82: 1, 84: 2, 86: 5, 88: 1}",85.33333333333333,88,131771620322907730909507225922619451987353801271648194507459385104165,0.9924962725555078,0.7485380116959064,0.7719298245614035,0.9999958938175624,0.9990559059933848,0.006559633437877022,0.007499621262054612,1,stabilizer matrix,Semi-Perfect Quantum Code,0.9210526315789473,0.0009399878241775905,0.75,True,False,0.023391812865497116,0.0009399878241775905
2,114,112,2,2,2,"[[114,112,2]]_2",2,{114: 2},114.0,114,2465034704958067503996131453373943813074726512397600969,0.7924812503605781,1.0,1.0,0.7924812503605781,0.7924812503605781,0.0,0.0,1,stabilizer matrix,Semi-Perfect Quantum Code,0.9824561403508771,0.0,0.75,True,True,0.0,0.0
2,115,106,3,3,3,"[[115,106,3]]_2",9,"{76: 2, 81: 1, 85: 1, 87: 2, 88: 1, 90: 2}",84.44444444444444,90,628635306561658111741791362001264813968685157524302082501991883606877,0.9936666684957423,0.7342995169082126,0.782608695652174,0.9995322077891179,0.9978904239542103,0.0042237554584680925,0.005865539293375632,1,stabilizer matrix,Semi-Perfect Quantum Code,0.9217391304347826,0.0016417838349075398,0.75,True,False,0.048309178743961366,0.0016417838349075398
2,116,107,3,3,3,"[[116,107,3]]_2",9,"{84: 1, 86: 5, 88: 3}",86.44444444444444,88,1616634576066848771898977674471257354590499048276555708224928364400253,0.9909742765354922,0.7452107279693486,0.7586206896551724,0.9999560640505005,0.9998559277610563,0.008881651225564058,0.008981787515008333,1,stabilizer matrix,Semi-Perfect Quantum Code,0.9224137931034483,0.00010013628944427477,0.75,True,False,0.013409961685823769,0.00010013628944427477
2,116,114,2,2,2,"[[116,114,2]]_2",2,{116: 2},116.0,116,22185312344622607535965183080365494317672538611578408721,0.792481250360578,1.0,1.0,0.7924812503605781,0.7924812503605781,1.1102230246251565e-16,1.1102230246251565e-16,1,stabilizer matrix,Semi-Perfect Quantum Code,0.9827586206896551,0.0,0.75,True,True,0.0,0.0
2,117,108,3,3,3,"[[117,108,3]]_2",9,"{83: 1, 84: 1, 86: 2, 87: 2, 88: 1, 92: 2}",87.22222222222223,92,11418206812162673271625164102606777363453878164090479064769769276319539,0.994556849318795,0.7454890788224122,0.7863247863247863,0.9999610132464378,0.9973722972478265,0.002815447929031545,0.005404163927642869,1,stabilizer matrix,Semi-Perfect Quantum Code,0.9230769230769231,0.002588715998611324,0.75,True,False,0.04083570750237411,0.002588715998611324
2,118,109,3,3,3,"[[118,109,3]]_2",9,"{80: 2, 85: 1, 86: 1, 87: 1, 88: 1, 90: 1, 91: 1, 94: 1}",86.77777777777777,94,56883873342228476461771685360076273409397774464750161819323495959436436,0.9959448574006282,0.7354048964218455,0.7966101694915254,0.9995953825547401,0.9956267068537301,-0.0003181505468980994,0.0036505251541119055,1,stabilizer matrix,Semi-Perfect Quantum Code,0.923728813559322,0.003968675701010005,0.75,True,False,0.061205273069679905,0.003968675701010005
2,118,116,2,2,2,"[[118,116,2]]_2",2,{118: 2},118.0,118,199667811101603467823686647723289448859052847504205678489,0.7924812503605781,1.0,1.0,0.7924812503605781,0.7924812503605781,0.0,0.0,1,stabilizer matrix,Semi-Perfect Quantum Code,0.9830508474576272,0.0,0.75,True,True,0.0,0.0
2,119,110,3,3,3,"[[119,110,3]]_2",9,"{83: 1, 85: 1, 86: 1, 88: 1, 89: 1, 91: 1, 92: 3}",88.66666666666667,92,208009980056820243263485090914395831095244808747201499957034666185680579,0.9954350734694135,0.7450980392156863,0.773109243697479,0.9999539766790174,0.9989504259845916,0.003515352515178094,0.004518903209603908,1,stabilizer matrix,Semi-Perfect Quantum Code,0.9243697478991597,0.0010035506944258143,0.75,True,False,0.028011204481792677,0.0010035506944258143
2,120,111,3,3,3,"[[120,111,3]]_2",9,{90: 9},90.0,90,148153155889332529563663233996288704111130114785723097745877195251205104,0.9850999337301883,0.75,0.75,1.0,1.0,0.014900066269811663,0.014900066269811663,1,stabilizer matrix,Semi-Perfect Quantum Code,0.925,0.0,0.75,False,True,0.0,0.0
2,120,118,2,2,2,"[[120,118,2]]_2",2,{120: 2},120.0,120,1797010299914431210413179829509605039731475627537851106401,0.7924812503605781,1.0,1.0,0.7924812503605781,0.7924812503605781,0.0,0.0,1,stabilizer matrix,Semi-Perfect Quantum Code,0.9833333333333333,0.0,0.75,True,True,0.0,0.0
2,121,112,3,3,3,"[[121,112,3]]_2",9,"{88: 1, 89: 2, 92: 2, 93: 2, 94: 2}",91.55555555555556,94,2631782077594770775979625988241780361042803140191386856791932869882309180,0.9941110035736042,0.7566574839302113,0.7768595041322314,0.9999142298225774,0.99857690975993,0.004465906186325808,0.005803226248973226,1,stabilizer matrix,Semi-Perfect Quantum Code,0.9256198347107438,0.001337320062647418,0.75,True,False,0.02020202020202019,0.001337320062647418
2,122,113,3,3,3,"[[122,113,3]]_2",9,"{88: 1, 89: 1, 92: 1, 93: 1, 94: 3, 95: 1, 97: 1}",92.88888888888889,97,13610513184994235220255812568463790838093231311497080282379409896482593241,0.9956781655390347,0.761384335154827,0.7950819672131147,0.9997481047396014,0.9959154398201016,0.00023727428106690152,0.004069939200566752,1,stabilizer matrix,Semi-Perfect Quantum Code,0.9262295081967213,0.0038326649194998508,0.75,True,False,0.033697632058287824,0.0038326649194998508
2,122,120,2,2,2,"[[122,120,2]]_2",2,{122: 2},122.0,122,16173092699229880893718618465586445357583280647840659957609,0.792481250360578,1.0,1.0,0.7924812503605781,0.7924812503605781,1.1102230246251565e-16,1.1102230246251565e-16,1,stabilizer matrix,Semi-Perfect Quantum Code,0.9836065573770492,0.0,0.75,True,True,0.0,0.0
2,123,114,3,3,3,"[[123,114,3]]_2",9,"{89: 1, 92: 3, 93: 1, 94: 2, 96: 2}",93.11111111111111,96,41996275348889207685499195744550692489067763272593072799824376902208294208,0.9941911069417463,0.7570009033423668,0.7804878048780488,0.9999051231453111,0.9981598438955807,0.003968736953834373,0.00571401620356482,1,stabilizer matrix,Semi-Perfect Quantum Code,0.926829268292683,0.001745279249730447,0.75,True,False,0.023486901535681996,0.001745279249730447
2,124,115,3,3,3,"[[124,115,3]]_2",9,"{88: 3, 90: 1, 91: 1, 92: 2, 94: 1, 97: 1}",91.11111111111111,97,185243022377356871533010454833959460699538348413531003840300995224717567510,0.9948068476719804,0.7347670250896058,0.782258064516129,0.9995594788405406,0.9979362774490309,0.003129429777050552,0.004752631168560284,1,stabilizer matrix,Semi-Perfect Quantum Code,0.9274193548387096,0.001623201391509732,0.75,True,False,0.047491039426523274,0.001623201391509732
2,124,122,2,2,2,"[[124,122,2]]_2",2,{124: 2},124.0,124,145557834293068928043467566190278008218249525830565939618481,0.792481250360578,1.0,1.0,0.7924812503605781,0.7924812503605781,1.1102230246251565e-16,1.1102230246251565e-16,1,stabilizer matrix,Semi-Perfect Quantum Code,0.9838709677419355,0.0,0.75,True,True,0.0,0.0
2,125,116,3,3,3,"[[125,116,3]]_2",9,"{88: 2, 90: 1, 92: 1, 93: 2, 94: 1, 96: 1, 97: 1}",92.33333333333333,97,869243009324881064878958854281587715491133593130769331544830368382520740925,0.995769754324564,0.7386666666666666,0.776,0.9997553499994145,0.998667658571795,0.002897904247230909,0.003985595674850462,1,stabilizer matrix,Semi-Perfect Quantum Code,0.928,0.0010876914276195526,0.75,True,False,0.03733333333333337,0.0010876914276195526
2,126,117,3,3,3,"[[126,117,3]]_2",9,"{90: 2, 91: 1, 93: 2, 94: 1, 96: 1, 97: 1, 99: 1}",93.66666666666667,99,3469082842478452411275055539459540152188280541533734057643289641705438258925,0.9957903230534519,0.7433862433862434,0.7857142857142857,0.9999163457460036,0.9974614681987657,0.001671145145313746,0.00412602269255169,1,stabilizer matrix,Semi-Perfect Quantum Code,0.9285714285714286,0.0024548775472379436,0.75,True,False,0.04232804232804229,0.0024548775472379436
2,126,124,2,2,2,"[[126,124,2]]_2",2,{126: 2},126.0,126,1310020508637620352391208095712502073964245732475093456566329,0.792481250360578,1.0,1.0,0.7924812503605781,0.7924812503605781,1.1102230246251565e-16,1.1102230246251565e-16,1,stabilizer matrix,Semi-Perfect Quantum Code,0.9841269841269841,0.0,0.75,True,True,0.0,0.0
2,127,118,3,3,3,"[[127,118,3]]_2",9,"{91: 2, 94: 2, 95: 1, 96: 1, 97: 1, 102: 2}",95.77777777777777,102,11716377448423413571462863823184147073119372740965429909737253565473456289170,0.9948624479826552,0.7541557305336832,0.8031496062992126,0.9999666554391524,0.9942729947565447,-0.0005894532261104812,0.005104207456497201,1,stabilizer matrix,Semi-Perfect Quantum Code,0.9291338582677166,0.005693660682607682,0.75,True,False,0.04899387576552936,0.005693660682607682
2,128,119,3,3,3,"[[128,119,3]]_2",9,{96: 9},96.0,96,9402820584252487604475802184302807347406702946460927711875574257752651350300,0.9858503933851155,0.75,0.75,1.0,1.0,0.014149606614884513,0.014149606614884513,1,stabilizer matrix,Semi-Perfect Quantum Code,0.9296875,0.0,0.75,False,True,0.0,0.0
2,128,126,2,2,2,"[[128,126,2]]_2",2,{128: 2},128.0,128,11790184577738583171520872861412518665678211592275841109096961,0.7924812503605781,1.0,1.0,0.7924812503605781,0.7924812503605781,0.0,0.0,1,stabilizer matrix,Semi-Perfect Quantum Code,0.984375,0.0,0.75,True,True,0.0,0.0
2,129,120,3,3,3,"[[129,120,3]]_2",9,"{92: 1, 96: 3, 97: 4, 98: 1}",96.22222222222223,98,133844183106543402868048721770050665543568047746603283725536193726300682730000,0.9930582083211988,0.7459086993970715,0.7596899224806202,0.9999679174584777,0.999817793313913,0.006759584992714118,0.006909709137278841,1,stabilizer matrix,Semi-Perfect Quantum Code,0.9302325581395349,0.00015012414456472278,0.75,True,False,0.013781223083548616,0.00015012414456472278
2,130,121,3,3,3,"[[130,121,3]]_2",9,"{94: 1, 95: 2, 96: 2, 98: 1, 99: 2, 101: 1}",97.0,101,796089699641971265111687340961527763824515637424302105341756690532047884279800,0.9953130550090165,0.7461538461538462,0.7769230769230769,0.999971640894888,0.9985700755765577,0.003257020567541291,0.004658585885871536,1,stabilizer matrix,Semi-Perfect Quantum Code,0.9307692307692308,0.0014015653183302446,0.75,True,False,0.03076923076923077,0.0014015653183302446
2,130,128,2,2,2,"[[130,128,2]]_2",2,{130: 2},130.0,130,106111661199647248543687855752712667991103904330482569981872649,0.7924812503605781,1.0,1.0,0.7924812503605781,0.7924812503605781,0.0,0.0,1,stabilizer matrix,Semi-Perfect Quantum Code,0.9846153846153847,0.0,0.75,True,True,0.0,0.0
2,131,122,3,3,3,"[[131,122,3]]_2",9,"{96: 1, 98: 6, 99: 2}",98.0,99,1711305507220740901346902959800082814961031309464722524121749807272885138415300,0.9919293463287614,0.7480916030534351,0.7557251908396947,0.9999930061448852,0.9999366236065614,0.00800727727780004,0.00806365981612378,1,stabilizer matrix,Semi-Perfect Quantum Code,0.9312977099236641,5.6382538323740405e-05,0.75,True,False,0.007633587786259542,5.6382538323740405e-05
2,132,123,3,3,3,"[[132,123,3]]_2",9,"{95: 1, 96: 1, 98: 4, 101: 2, 104: 1}",98.77777777777777,104,9615031434500814158979009040133815465048531438063161867709236668548887794186580,0.9938472839977343,0.7483164983164983,0.7878787878787878,0.9999945563205046,0.9971380883561728,0.003290804358438537,0.006147272322770347,1,stabilizer matrix,Semi-Perfect Quantum Code,0.9318181818181818,0.0028564679643318103,0.75,True,False,0.03956228956228961,0.0028564679643318103
2,132,130,2,2,2,"[[132,130,2]]_2",2,{132: 2},132.0,132,955004950796825236893190701774414011919935138974343129836853841,0.7924812503605781,1.0,1.0,0.7924812503605781,0.7924812503605781,0.0,0.0,1,stabilizer matrix,Semi-Perfect Quantum Code,0.9848484848484849,0.0,0.75,True,True,0.0,0.0
2,133,124,3,3,3,"[[133,124,3]]_2",9,"{98: 4, 99: 1, 100: 1, 102: 2, 103: 1}",99.77777777777777,103,44079592333675357466208759632230596320083496020981294155336763609531318798413900,0.9946331969076361,0.7502088554720133,0.7744360902255639,0.9999999160761015,0.9988249222850011,0.004191725377365008,0.005366719168465428,1,stabilizer matrix,Semi-Perfect Quantum Code,0.9323308270676691,0.0011749937911004205,0.75,True,False,0.02422723475355059,0.0011749937911004205
2,134,125,3,3,3,"[[134,125,3]]_2",9,"{98: 1, 100: 5, 102: 2, 103: 1}",100.55555555555556,103,140418456639819005707392381393302466658449629352074458705118132337101685665567940,0.9934476871914938,0.7504145936981758,0.7686567164179104,0.9999996692355366,0.999318840200582,0.005871153009088248,0.006551982044042837,1,stabilizer matrix,Semi-Perfect Quantum Code,0.9328358208955224,0.0006808290349545887,0.75,True,False,0.01824212271973465,0.0006808290349545887
2,134,132,2,2,2,"[[134,132,2]]_2",2,{134: 2},134.0,134,8595044557171427132038716315969726107279416250769088168531684569,0.7924812503605781,1.0,1.0,0.7924812503605781,0.7924812503605781,0.0,0.0,1,stabilizer matrix,Semi-Perfect Quantum Code,0.9850746268656716,0.0,0.75,True,True,0.0,0.0
2,135,126,3,3,3,"[[135,126,3]]_2",9,"{100: 2, 102: 4, 103: 2, 104: 1}",102.0,104,569566911760200022117556984964235863281488642923822712402552901338906836194061180,0.9935707886231808,0.7555555555555555,0.7703703703703704,0.9999403327981431,0.9991866272896137,0.005615838666432893,0.006369544174962272,1,stabilizer matrix,Semi-Perfect Quantum Code,0.9333333333333333,0.0007537055085293787,0.75,True,False,0.014814814814814815,0.0007537055085293787
2,136,127,3,3,3,"[[136,127,3]]_2",9,"{99: 1, 100: 2, 101: 1, 102: 5}",101.11111111111111,102,2211319686501899507115709457581711228722205078365182458315671200221681121672160120,0.9934598650512139,0.7434640522875817,0.75,0.9999182969901037,1.0,0.006540134948786136,0.0064584319388898415,1,stabilizer matrix,Semi-Perfect Quantum Code,0.9338235294117647,-8.170300989629453e-05,0.75,False,False,0.006535947712418277,-8.170300989629453e-05
2,136,134,2,2,2,"[[136,134,2]]_2",2,{136: 2},136.0,136,77355401014542844188348446843727534965514746256921793516785161121,0.792481250360578,1.0,1.0,0.7924812503605781,0.7924812503605781,1.1102230246251565e-16,1.1102230246251565e-16,1,stabilizer matrix,Semi-Perfect Quantum Code,0.9852941176470589,0.0,0.75,True,True,0.0,0.0
2,137,128,3,3,3,"[[137,128,3]]_2",9,"{99: 1, 101: 1, 102: 2, 103: 1, 104: 2, 105: 1, 106: 1}",102.88888888888889,106,15245484683735973077140930816251013003469496832628473026927838056559305383134347960,0.9963740357588823,0.7510137875101378,0.7737226277372263,0.9999980212120306,0.9988933088917609,0.0025192731328785856,0.0036239854531483484,1,stabilizer matrix,Semi-Perfect Quantum Code,0.9343065693430657,0.0011047123202697628,0.75,True,False,0.022708840227088425,0.0011047123202697628
2,138,129,3,3,3,"[[138,129,3]]_2",9,"{98: 1, 101: 3, 102: 3, 104: 1, 106: 1}",101.88888888888889,106,40481016502191910150987226124015145966065138547757670001910146357046486480504208300,0.9942585119499053,0.7383252818035426,0.7681159420289855,0.9997404646786767,0.999358086696126,0.005099574746220692,0.005481952728771389,1,stabilizer matrix,Semi-Perfect Quantum Code,0.9347826086956522,0.00038237798255069677,0.75,True,False,0.029790660225442855,0.00038237798255069677
2,138,136,2,2,2,"[[138,136,2]]_2",2,{138: 2},138.0,138,696198609130885597695136021593547814689632716312296141651066450089,0.792481250360578,1.0,1.0,0.7924812503605781,0.7924812503605781,1.1102230246251565e-16,1.1102230246251565e-16,1,stabilizer matrix,Semi-Perfect Quantum Code,0.9855072463768116,0.0,0.75,True,True,0.0,0.0
2,139,130,3,3,3,"[[139,130,3]]_2",9,"{102: 3, 103: 2, 104: 2, 105: 1, 106: 1}",103.44444444444444,106,181761455600685508379803818095630812293973482160837447775757725178549073112200037580,0.9948995617596784,0.7442046362909672,0.762589928057554,0.9999357221029752,0.9996915829585684,0.004792021198889995,0.005036160343296792,1,stabilizer matrix,Semi-Perfect Quantum Code,0.935251798561151,0.0002441391444067964,0.75,True,False,0.018385291766586744,0.0002441391444067964
2,140,131,3,3,3,"[[140,131,3]]_2",9,"{102: 1, 104: 2, 105: 1, 106: 5}",105.0,106,571192081295816677355444244482634487722709870094516318382118262792461778241630844620,0.9936928851942771,0.75,0.7571428571428571,1.0,0.9999012237947401,0.006208338600462993,0.00630711480572288,1,stabilizer matrix,Semi-Perfect Quantum Code,0.9357142857142857,9.877620525988728e-05,0.75,True,False,0.007142857142857143,9.877620525988728e-05
2,140,138,2,2,2,"[[140,138,2]]_2",2,{140: 2},140.0,140,6265787482177970379256224194341930332206694446810665274859598050801,0.7924812503605783,1.0,1.0,0.7924812503605781,0.7924812503605781,-1.1102230246251565e-16,-1.1102230246251565e-16,1,stabilizer matrix,Semi-Perfect Quantum Code,0.9857142857142858,0.0,0.75,True,True,0.0,0.0
2,141,132,3,3,3,"[[141,132,3]]_2",9,"{104: 1, 106: 3, 107: 4, 108: 1}",106.44444444444444,108,2309919845409174810513143116496667313695435758752387572376589127363161390356148073360,0.9937936268131133,0.7549251379038613,0.7659574468085106,0.999953132777523,0.9995029595518837,0.00570933273877039,0.006159505964409617,1,stabilizer matrix,Semi-Perfect Quantum Code,0.9361702127659575,0.0004501732256392277,0.75,True,False,0.011032308904649341,0.0004501732256392277
2,142,133,3,3,3,"[[142,133,3]]_2",9,"{104: 4, 105: 1, 106: 1, 107: 1, 108: 1, 109: 1}",105.66666666666667,109,13640116685187816865319938231903140436549593705825758609288150107487059198137363439620,0.9958160001812009,0.7441314553990611,0.7676056338028169,0.9999340927111933,0.9993940359463274,0.003578035765126497,0.004118092529992401,1,stabilizer matrix,Semi-Perfect Quantum Code,0.9366197183098591,0.0005400567648659038,0.75,True,False,0.023474178403755836,0.0005400567648659038
2,142,140,2,2,2,"[[142,140,2]]_2",2,{142: 2},142.0,142,56392087339601733413306017749077372989860250021295987473736382457209,0.7924812503605781,1.0,1.0,0.7924812503605781,0.7924812503605781,0.0,0.0,1,stabilizer matrix,Semi-Perfect Quantum Code,0.9859154929577465,0.0,0.75,True,True,0.0,0.0
2,143,134,3,3,3,"[[143,134,3]]_2",9,"{104: 3, 106: 4, 107: 1, 109: 1}",105.77777777777777,109,35531968091311666637740057990165574470634523350087679078835557594729018149135192159520,0.9936818379936913,0.7397047397047397,0.7622377622377622,0.9997979357874133,0.9997086913801372,0.0060268533864459295,0.0061160977937220196,1,stabilizer matrix,Semi-Perfect Quantum Code,0.9370629370629371,8.924440727609007e-05,0.75,True,False,0.022533022533022577,8.924440727609007e-05
2,144,135,3,3,3,"[[144,135,3]]_2",9,"{105: 1, 106: 3, 107: 3, 109: 1, 111: 1}",107.11111111111111,111,174191346232620736989217624390451958396518725515494034765958751069950665288633303216480,0.9947447538660651,0.7438271604938271,0.7708333333333334,0.9999270999617309,0.9991488565418424,0.004404102675777288,0.005182346095665813,1,stabilizer matrix,Semi-Perfect Quantum Code,0.9375,0.0007782434198885246,0.75,True,False,0.02700617283950615,0.0007782434198885246
2,144,142,2,2,2,"[[144,142,2]]_2",2,{144: 2},144.0,144,507528786056415600719754159741696356908742250191663887263627442114881,0.7924812503605781,1.0,1.0,0.7924812503605781,0.7924812503605781,0.0,0.0,1,stabilizer matrix,Semi-Perfect Quantum Code,0.9861111111111112,0.0,0.75,True,True,0.0,0.0
2,145,136,3,3,3,"[[145,136,3]]_2",9,"{106: 2, 108: 3, 109: 1, 110: 2, 111: 1}",108.44444444444444,111,720981726041377938065443647625826810824459871390728045067637332089146294413366664455520,0.9949509615647676,0.7478927203065134,0.7655172413793103,0.9999914739598791,0.999530199533933,0.004579237969165373,0.005040512395111496,1,stabilizer matrix,Semi-Perfect Quantum Code,0.9379310344827586,0.0004612744259461232,0.75,True,False,0.017624521072796946,0.0004612744259461232
2,146,137,3,3,3,"[[146,137,3]]_2",9,"{106: 3, 108: 4, 110: 1, 112: 1}",108.0,112,2202788641684791316243035070984395221980682467965288466826027702602948142794081322346300,0.9936543675678179,0.7397260273972602,0.7671232876712328,0.9997987668830705,0.9994270472749618,0.005772679707143902,0.006144399315252569,1,stabilizer matrix,Semi-Perfect Quantum Code,0.9383561643835616,0.0003717196081086671,0.75,True,False,0.0273972602739726,0.0003717196081086671
2,146,144,2,2,2,"[[146,144,2]]_2",2,{146: 2},146.0,146,4567759074507740406477787437675267212178680251724974985372646979033929,0.792481250360578,1.0,1.0,0.7924812503605781,0.7924812503605781,1.1102230246251565e-16,1.1102230246251565e-16,1,stabilizer matrix,Semi-Perfect Quantum Code,0.9863013698630136,0.0,0.75,True,True,0.0,0.0
2,147,138,3,3,3,"[[147,138,3]]_2",9,"{107: 1, 108: 2, 109: 3, 110: 1, 111: 1, 112: 1}",109.22222222222223,112,13554990016161247091866942891340735318432126183325311619467876242359451287002911974889260,0.9958112122471307,0.7430083144368859,0.7619047619047619,0.9999065427120093,0.9997244146537061,0.0039132024065754445,0.004095330464878644,1,stabilizer matrix,Semi-Perfect Quantum Code,0.9387755102040817,0.00018212805830319923,0.75,True,False,0.018896447467875995,0.00018212805830319923
2,148,139,3,3,3,"[[148,139,3]]_2",9,"{108: 2, 110: 3, 112: 3, 114: 1}",110.66666666666667,114,35286691677171846684912876094650558449040118452834396704543419190004640166234338915084980,0.9937459342090994,0.7477477477477478,0.7702702702702703,0.9999902617356309,0.9991946789797443,0.005448744770644942,0.006244327526531479,1,stabilizer matrix,Semi-Perfect Quantum Code,0.9391891891891891,0.0007955827558865369,0.75,True,False,0.02252252252252249,0.0007955827558865369
2,148,146,2,2,2,"[[148,146,2]]_2",2,{148: 2},148.0,148,41109831670569663658300086939077404909608122265524774868353822811305361,0.7924812503605781,1.0,1.0,0.7924812503605781,0.7924812503605781,0.0,0.0,1,stabilizer matrix,Semi-Perfect Quantum Code,0.9864864864864865,0.0,0.75,True,True,0.0,0.0
2,149,140,3,3,3,"[[149,140,3]]_2",9,"{110: 5, 111: 1, 112: 2, 113: 1}",110.88888888888889,113,149588673175994801066084512522117925366765210001927457691223073174053660591531386089017600,0.9940691321602699,0.744220730797912,0.7583892617449665,0.9999360777292143,0.9998635883406486,0.00579445618037866,0.005866945568944404,1,stabilizer matrix,Semi-Perfect Quantum Code,0.9395973154362416,7.248938856574405e-05,0.75,True,False,0.014168530947054458,7.248938856574405e-05
2,150,141,3,3,3,"[[150,141,3]]_2",9,"{110: 1, 111: 3, 112: 2, 113: 1, 114: 1, 115: 1}",112.11111111111111,115,872258772589931643063825466052326308735628248108452240368105911088640190803082788786638800,0.9959211888237358,0.7474074074074074,0.7666666666666667,0.999987100114315,0.9994574323521273,0.003536243528391436,0.004065911290579205,1,stabilizer matrix,Semi-Perfect Quantum Code,0.94,0.0005296677621877688,0.75,True,False,0.01925925925925924,0.0005296677621877688
2,150,148,2,2,2,"[[150,148,2]]_2",2,{150: 2},150.0,150,369988485035126972924700782451696644186473100389722973815184405301748249,0.792481250360578,1.0,1.0,0.7924812503605781,0.7924812503605781,1.1102230246251565e-16,1.1102230246251565e-16,1,stabilizer matrix,Semi-Perfect Quantum Code,0.9866666666666667,0.0,0.75,True,True,0.0,0.0
2,151,142,3,3,3,"[[151,142,3]]_2",9,"{111: 1, 112: 4, 113: 1, 114: 2, 115: 1}",112.77777777777777,115,2935501440971652105990545864141979285404494176398665047039319528454701686458059152936778200,0.9951229652474677,0.7468727005150846,0.7615894039735099,0.9999812391698712,0.9997388983791176,0.004615933131649874,0.0048582739224035665,1,stabilizer matrix,Semi-Perfect Quantum Code,0.9403973509933775,0.0002423407907536923,0.75,True,False,0.014716703458425354,0.0002423407907536923
2,152,143,3,3,3,"[[152,143,3]]_2",9,"{112: 4, 114: 4, 116: 1}",113.33333333333333,116,6964107555793693022117719442901406737747929735431832156024414639512099119508297558590006900,0.9926758783698829,0.7456140350877193,0.7631578947368421,0.9999631392354149,0.9996629494748603,0.006987071104977427,0.007287260865531997,1,stabilizer matrix,Semi-Perfect Quantum Code,0.9407894736842105,0.00030018976055457003,0.75,True,False,0.017543859649122837,0.00030018976055457003
2,152,150,2,2,2,"[[152,150,2]]_2",2,{152: 2},152.0,152,3329896365316142756322307042065269797678257903507506764336659647715734241,0.7924812503605781,1.0,1.0,0.7924812503605781,0.7924812503605781,0.0,0.0,1,stabilizer matrix,Semi-Perfect Quantum Code,0.9868421052631579,0.0,0.75,True,True,0.0,0.0
2,153,144,3,3,3,"[[153,144,3]]_2",9,"{113: 2, 114: 5, 115: 1, 117: 1}",114.22222222222223,117,37328489988516873153396117851750937997232334662433649193621412093952000274052789975582302700,0.99410370517874,0.7465504720406682,0.7647058823529411,0.9999771803183439,0.9995783669057825,0.0054746617270424736,0.005873475139603901,1,stabilizer matrix,Semi-Perfect Quantum Code,0.9411764705882353,0.00039881341256142733,0.75,True,False,0.018155410312273017,0.00039881341256142733
2,154,145,3,3,3,"[[154,145,3]]_2",9,"{114: 3, 116: 6}",115.33333333333333,116,75325104139809895857863760238645870462724249962118690297425561612200888318856156314172500900,0.9909369720686741,0.7489177489177489,0.7532467532467533,0.9999977491197333,0.9999796636526439,0.009042691583969753,0.009060777051059121,1,stabilizer matrix,Semi-Perfect Quantum Code,0.9415584415584416,1.80854670893682e-05,0.75,True,False,0.004329004329004359,1.80854670893682e-05
2,154,152,2,2,2,"[[154,152,2]]_2",2,{154: 2},154.0,154,29969067287845284806900763378587428179104321131567560879029936829441608169,0.7924812503605781,1.0,1.0,0.7924812503605781,0.7924812503605781,0.0,0.0,1,stabilizer matrix,Semi-Perfect Quantum Code,0.987012987012987,0.0,0.75,True,True,0.0,0.0
2,155,146,3,3,3,"[[155,146,3]]_2",9,"{113: 1, 114: 1, 115: 1, 116: 3, 117: 1, 119: 2}",116.11111111111111,119,858026033786932924446613099238413045508361476715242751833197380848753194096719374621604632700,0.9958658262952937,0.7491039426523298,0.7677419354838709,0.9999984567383743,0.9993845371540513,0.0035187108587575455,0.004132630443080543,1,stabilizer matrix,Semi-Perfect Quantum Code,0.9419354838709677,0.0006139195843229972,0.75,True,False,0.0186379928315412,0.0006139195843229972
2,156,147,3,3,3,"[[156,147,3]]_2",9,"{116: 6, 118: 2, 120: 1}",116.88888888888889,120,1747051451559994129817691484017173848355012571375836214143688004708353074394539845919324464800,0.9927699837227976,0.7492877492877492,0.7692307692307693,0.9999990247757937,0.9992758804618718,0.006505896739074202,0.007229041052996155,1,stabilizer matrix,Semi-Perfect Quantum Code,0.9423076923076923,0.0007231443139219529,0.75,True,False,0.019943019943019964,0.0007231443139219529
2,156,154,2,2,2,"[[156,154,2]]_2",2,{156: 2},156.0,156,269721605590607563262106870407286853611938890184108047911269431464974473521,0.7924812503605781,1.0,1.0,0.7924812503605781,0.7924812503605781,0.0,0.0,1,stabilizer matrix,Semi-Perfect Quantum Code,0.9871794871794872,0.0,0.75,True,True,0.0,0.0
2,157,148,3,3,3,"[[157,148,3]]_2",9,"{115: 1, 116: 2, 117: 1, 118: 3, 119: 1, 120: 1}",117.44444444444444,120,13963359424377418244918999735685240697589588042762193093587231313321819051185516913630232596900,0.9959964554096368,0.7480537862703468,0.7643312101910829,0.999992726460929,0.9995997186663401,0.0036032632567033485,0.003996271051292188,1,stabilizer matrix,Semi-Perfect Quantum Code,0.9426751592356688,0.00039300779458883994,0.75,True,False,0.016277423920736032,0.00039300779458883994
2,158,149,3,3,3,"[[158,149,3]]_2",9,"{117: 1, 118: 2, 119: 1, 120: 5}",119.11111111111111,120,38250542774390868253049912740525956186117634837056775780936314254402069644471214923345319871000,0.9942934213265021,0.7538677918424754,0.759493670886076,0.9999711235653449,0.9998251307425399,0.005531709416037756,0.005677702238842786,1,stabilizer matrix,Semi-Perfect Quantum Code,0.9430379746835443,0.00014599282280503,0.75,True,False,0.005625879043600543,0.00014599282280503
2,158,156,2,2,2,"[[158,156,2]]_2",2,{158: 2},158.0,158,2427494450315468069358961833665581682507450011656972431201424883184770261689,0.7924812503605781,1.0,1.0,0.7924812503605781,0.7924812503605781,0.0,0.0,1,stabilizer matrix,Semi-Perfect Quantum Code,0.9873417721518988,0.0,0.75,True,True,0.0,0.0
2,159,150,3,3,3,"[[159,150,3]]_2",9,"{117: 1, 119: 4, 120: 4}",119.22222222222223,120,112774611682109933045361631889545496380585212819523038689701236671101630234341805561910779583700,0.9929453186563513,0.7498252969951084,0.7547169811320755,0.9999999412988506,0.9999570187676142,0.007011700111262953,0.007054622642499342,1,stabilizer matrix,Semi-Perfect Quantum Code,0.9433962264150944,4.2922531236389005e-05,0.75,True,False,0.004891684136967116,4.2922531236389005e-05
2,160,151,3,3,3,"[[160,151,3]]_2",9,"{118: 2, 120: 5, 122: 2}",120.0,122,445890178821885275678309274289583065801051328393536219791690996213169112750472145764640575874800,0.9929370544921776,0.75,0.7625,1.0,0.9996959986763458,0.006758944184168225,0.007062945507822382,1,stabilizer matrix,Semi-Perfect Quantum Code,0.94375,0.0003040013236541572,0.75,True,False,0.0125,0.0003040013236541572
2,160,158,2,2,2,"[[160,158,2]]_2",2,{160: 2},160.0,160,21847450052839212624230656502990235142567050104912751880812823948662932355201,0.792481250360578,1.0,1.0,0.7924812503605781,0.7924812503605781,1.1102230246251565e-16,1.1102230246251565e-16,1,stabilizer matrix,Semi-Perfect Quantum Code,0.9875,0.0,0.75,True,True,0.0,0.0
2,161,152,3,3,3,"[[161,152,3]]_2",9,"{119: 1, 120: 2, 121: 2, 122: 3, 123: 1}",121.11111111111111,123,2998907704042123644733185348686180519880170893726113601929806072860581035026829713572132933571200,0.9953091125184369,0.7522429261559697,0.7639751552795031,0.9999903035498623,0.9996194885017788,0.004310375983341941,0.004681191031425391,1,stabilizer matrix,Semi-Perfect Quantum Code,0.9440993788819876,0.00037081504808345045,0.75,True,False,0.011732229123533451,0.00037081504808345045
2,162,153,3,3,3,"[[162,153,3]]_2",9,"{121: 1, 122: 1, 123: 5, 124: 2}",122.88888888888889,124,9596966690734615081146166686456760576665047304694412641346824903092509869978738072405102845030000,0.9943446777624916,0.7585733882030178,0.7654320987654321,0.999857510653758,0.9995353782651353,0.005190700502643697,0.005512832891266473,1,stabilizer matrix,Semi-Perfect Quantum Code,0.9444444444444444,0.0003221323886227756,0.75,True,False,0.006858710562414286,0.0003221323886227756
2,162,160,2,2,2,"[[162,160,2]]_2",2,{162: 2},162.0,162,196627050475552913618075908526912116283103450944214766927315415537966391196809,0.7924812503605781,1.0,1.0,0.7924812503605781,0.7924812503605781,0.0,0.0,1,stabilizer matrix,Semi-Perfect Quantum Code,0.9876543209876543,0.0,0.75,True,True,0.0,0.0
2,163,154,3,3,3,"[[163,154,3]]_2",9,"{122: 7, 128: 2}",123.33333333333333,128,15743972357120555839945869586750474527292070361019639341536065028867149763870877190135931632058301,0.9904350453890114,0.7566462167689161,0.7852760736196319,0.9999145207707458,0.9975244896898767,0.007089444300865333,0.009479475381734437,1,stabilizer matrix,Semi-Perfect Quantum Code,0.9447852760736196,0.002390031080869104,0.75,True,False,0.028629856850715774,0.002390031080869104
2,164,155,3,3,3,"[[164,155,3]]_2",9,"{122: 2, 123: 5, 128: 2}",123.88888888888889,128,104588911049492893607527693546150416598506950466222698507937960363135920649572348488357694595314349,0.992724643896761,0.755420054200542,0.7804878048780488,0.9999432148822548,0.9981598438955807,0.005435199998819695,0.007218570985493833,1,stabilizer matrix,Semi-Perfect Quantum Code,0.9451219512195121,0.0017833709866741376,0.75,True,False,0.025067750677506793,0.0017833709866741376
2,164,162,2,2,2,"[[164,162,2]]_2",2,{164: 2},164.0,164,1769643454279976222562683176742209046547931058497932902345838739841697520771281,0.7924812503605781,1.0,1.0,0.7924812503605781,0.7924812503605781,0.0,0.0,1,stabilizer matrix,Semi-Perfect Quantum Code,0.9878048780487805,0.0,0.75,True,True,0.0,0.0
2,165,156,3,3,3,"[[165,156,3]]_2",9,"{123: 4, 124: 1, 128: 4}",125.33333333333333,128,431387375731237262893741457258553310024822137405376755567027755004642923347416748819708985597438205,0.9929028401713728,0.7595959595959596,0.7757575757575758,0.9998213253690595,0.9986926997412015,0.0057898595698286925,0.006918485197686786,1,stabilizer matrix,Semi-Perfect Quantum Code,0.9454545454545454,0.001128625627858093,0.75,True,False,0.01616161616161619,0.001128625627858093
2,166,157,3,3,3,"[[166,157,3]]_2",9,"{123: 1, 124: 4, 125: 2, 128: 2}",125.0,128,2365230427026291600805854755721362555852438931755264033426193056980404525105239991310057092068899293,0.9943158498055442,0.7530120481927711,0.7710843373493976,0.9999825012699751,0.999128012605546,0.00481216280000174,0.005666651464430905,1,stabilizer matrix,Semi-Perfect Quantum Code,0.9457831325301205,0.0008544886644291649,0.75,True,False,0.018072289156626505,0.0008544886644291649
2,166,164,2,2,2,"[[166,164,2]]_2",2,{166: 2},166.0,166,15926791088519786003064148590679881418931379526481396121112548658575277686941529,0.7924812503605781,1.0,1.0,0.7924812503605781,0.7924812503605781,0.0,0.0,1,stabilizer matrix,Semi-Perfect Quantum Code,0.9879518072289156,0.0,0.75,True,True,0.0,0.0
2,168,159,3,3,3,"[[168,159,3]]_2",9,"{126: 5, 128: 4}",126.88888888888889,128,19394768277064433419406518668253101623809372207283124013951188099775290385563368761812070469178184413,0.9915133244875486,0.7552910052910052,0.7619047619047619,0.9999458930788427,0.9997244146537061,0.008211090166157509,0.008432568591294154,1,stabilizer matrix,Semi-Perfect Quantum Code,0.9464285714285714,0.00022147842513664528,0.75,True,False,0.0066137566137566325,0.00022147842513664528
2,168,166,2,2,2,"[[168,166,2]]_2",2,{168: 2},168.0,168,143341119796678074027577337316118932770382415738332565090012937927177499182473761,0.7924812503605781,1.0,1.0,0.7924812503605781,0.7924812503605781,0.0,0.0,1,stabilizer matrix,Semi-Perfect Quantum Code,0.9880952380952381,0.0,0.75,True,True,0.0,0.0
2,170,160,3,3,3,"[[170,160,3]]_2",10,"{122: 2, 124: 4, 128: 2, 132: 2}",126.0,132,499642555720209278658088417090800443653769608371660461971347020254624020744083563456608807462713428935,0.9936342174808811,0.7411764705882353,0.7764705882352941,0.9998513901566013,0.9986183528600877,0.004984135379206611,0.006217172675720195,1,stabilizer matrix,Semi-Perfect Quantum Code,0.9411764705882353,0.0012330372965135838,0.75,True,False,0.03529411764705882,0.0012330372965135838
2,170,168,2,2,2,"[[170,168,2]]_2",2,{170: 2},170.0,170,1290070078170102666248196035845070394933441741644993085810116441344597492642263849,0.7924812503605781,1.0,1.0,0.7924812503605781,0.7924812503605781,0.0,0.0,1,stabilizer matrix,Semi-Perfect Quantum Code,0.9882352941176471,0.0,0.75,True,True,0.0,0.0
2,171,161,3,3,3,"[[171,161,3]]_2",10,"{122: 2, 128: 4, 132: 4}",128.4,132,1481775167026006331933316002741956111979789090190366037336638717964307692784080373380208811954514259535,0.992409334033623,0.7508771929824561,0.7719298245614035,0.9999985187008759,0.9990559059933848,0.006646571959761816,0.007589184667252891,1,stabilizer matrix,Semi-Perfect Quantum Code,0.9415204678362573,0.0009426127074910751,0.75,True,False,0.021052631578947337,0.0009426127074910751
2,172,162,3,3,3,"[[172,162,3]]_2",10,"{126: 4, 130: 6}",128.4,130,4635104431535528571394404840217357984227677116488104204868251327238950871429897824299881807552652425594,0.9914222893094962,0.7465116279069768,0.7558139534883721,0.9999766642883894,0.9999346379421632,0.008512348632667033,0.00855437497889322,1,stabilizer matrix,Semi-Perfect Quantum Code,0.9418604651162791,4.202634622618717e-05,0.75,True,False,0.009302325581395316,4.202634622618717e-05
2,172,170,2,2,2,"[[172,170,2]]_2",2,{172: 2},172.0,172,11610630703530923996233764322605633554400975674804937772291047972101377433780374641,0.7924812503605781,1.0,1.0,0.7924812503605781,0.7924812503605781,0.0,0.0,1,stabilizer matrix,Semi-Perfect Quantum Code,0.9883720930232558,0.0,0.75,True,True,0.0,0.0
2,173,163,3,3,3,"[[173,163,3]]_2",10,"{126: 2, 128: 6, 132: 2}",128.4,132,26751116794874661422640163716634248590526719268252339899221772878299367671453241097491664396254317778500,0.9930005575006423,0.7421965317919076,0.7630057803468208,0.9998836624459948,0.999670744311239,0.006670186810596723,0.006883104945352492,1,stabilizer matrix,Semi-Perfect Quantum Code,0.9421965317919075,0.00021291813475576848,0.75,True,False,0.020809248554913264,0.00021291813475576848
2,174,164,3,3,3,"[[174,164,3]]_2",10,"{126: 4, 130: 2, 132: 4}",129.2,132,107302211996542941045053402402191720695038241881410908559325767872096680891636286614904996816806131854636,0.9930523036934671,0.7425287356321838,0.7586206896551724,0.9998933262833833,0.9998559277610563,0.006803624067589165,0.006841022589916257,1,stabilizer matrix,Semi-Perfect Quantum Code,0.9425287356321839,3.739852232709229e-05,0.75,True,False,0.01609195402298857,3.739852232709229e-05
2,174,172,2,2,2,"[[174,172,2]]_2",2,{174: 2},174.0,174,104495676331778315966103878903450701989608781073244439950619431748912396904023371769,0.792481250360578,1.0,1.0,0.7924812503605781,0.7924812503605781,1.1102230246251565e-16,1.1102230246251565e-16,1,stabilizer matrix,Semi-Perfect Quantum Code,0.9885057471264368,0.0,0.75,True,True,0.0,0.0
2,175,165,3,3,3,"[[175,165,3]]_2",10,"{128: 2, 130: 4, 134: 2, 136: 2}",131.6,136,548679598248571368294786645836483617095381990782681952835467351725813574869113737986120527345185836574990,0.994104245145259,0.752,0.7771428571428571,0.9999922918834341,0.9985463192087456,0.004442074063486623,0.005888046738175112,1,stabilizer matrix,Semi-Perfect Quantum Code,0.9428571428571428,0.0014459726746884893,0.75,True,False,0.025142857142857175,0.0014459726746884893
2,176,166,3,3,3,"[[176,166,3]]_2",10,"{126: 2, 128: 4, 130: 2, 132: 2}",128.8,132,2072701364560595161090164483360161355158122926833337223003966244644729365488294115782106818181616368599649,0.9939033017916354,0.7318181818181819,0.75,0.9993739597789303,1.0,0.006096698208364559,0.005470657987294847,1,stabilizer matrix,Semi-Perfect Quantum Code,0.9431818181818182,-0.0006260402210697125,0.75,False,False,0.01818181818181812,-0.0006260402210697125
2,176,174,2,2,2,"[[176,174,2]]_2",2,{176: 2},176.0,176,940461086986004843694934910131056317906479029659199959555574885740211572136210345921,0.7924812503605781,1.0,1.0,0.7924812503605781,0.7924812503605781,0.0,0.0,1,stabilizer matrix,Semi-Perfect Quantum Code,0.9886363636363636,0.0,0.75,True,True,0.0,0.0
2,177,167,3,3,3,"[[177,167,3]]_2",10,"{128: 2, 130: 2, 132: 4, 134: 2}",131.2,134,8984461383410047994087090510671114515363133152976775428189193619412925789657345849391593614868369512002825,0.9942652033339923,0.7412429378531072,0.7570621468926554,0.999853612298409,0.9999034505304909,0.005638247196498636,0.005588408964416702,1,stabilizer matrix,Semi-Perfect Quantum Code,0.943502824858757,-4.98382320819335e-05,0.75,True,False,0.015819209039548088,-4.98382320819335e-05
2,178,168,3,3,3,"[[178,168,3]]_2",10,"{128: 2, 130: 2, 134: 2, 138: 4}",133.6,138,32316059610528228051344829383353520412764624698875281532105147954168284867016630495867206874418329323615976,0.9938669363902979,0.750561797752809,0.7752808988764045,0.9999993925781958,0.9987412274737543,0.0048742910834563835,0.006132456187897928,1,stabilizer matrix,Semi-Perfect Quantum Code,0.9438202247191011,0.0012581651044415443,0.75,True,False,0.024719101123595537,0.0012581651044415443
2,178,176,2,2,2,"[[178,176,2]]_2",2,{178: 2},178.0,178,8464149782874043593254414191179506861158311266932799636000173971661904149225893113289,0.7924812503605781,1.0,1.0,0.7924812503605781,0.7924812503605781,0.0,0.0,1,stabilizer matrix,Semi-Perfect Quantum Code,0.9887640449438202,0.0,0.75,True,True,0.0,0.0
2,179,169,3,3,3,"[[179,169,3]]_2",10,"{126: 2, 130: 4, 134: 2, 136: 2}",131.2,136,123818059806861250612100198607933853202479457793242894216229804653675024070202915221702678501036564169767621,0.9937277315947072,0.7329608938547485,0.7597765363128491,0.9994496558167127,0.9998145066093374,0.006086775014630175,0.00572192422200557,1,stabilizer matrix,Semi-Perfect Quantum Code,0.9441340782122905,-0.00036485079262460474,0.75,True,False,0.02681564245810062,-0.00036485079262460474
2,180,170,3,3,3,"[[180,170,3]]_2",10,"{132: 2, 134: 4, 140: 2, 144: 2}",136.8,144,459646790084734369818363027745869319206028557510396317208316131808514705620456421093765285058201989090583990,0.9934634217183755,0.76,0.8,0.9998058899663005,0.9949490477321438,0.0014856260137682264,0.006342468247924948,1,stabilizer matrix,Semi-Perfect Quantum Code,0.9444444444444444,0.004856842234156722,0.75,True,False,0.03999999999999994,0.004856842234156722
2,180,178,2,2,2,"[[180,178,2]]_2",2,{180: 2},180.0,180,76177348045866392339289727720615561750424801402395196724001565744957137343033038019601,0.7924812503605781,1.0,1.0,0.7924812503605781,0.7924812503605781,0.0,0.0,1,stabilizer matrix,Semi-Perfect Quantum Code,0.9888888888888889,0.0,0.75,True,True,0.0,0.0
2,181,171,3,3,3,"[[181,171,3]]_2",10,"{132: 4, 134: 2, 136: 2, 140: 2}",134.8,140,2265442952161861900984768195395897840105779594824791414153978124017692833304906618901191566328937735887797545,0.994331567429683,0.7447513812154697,0.7734806629834254,0.9999472530860449,0.9989160251419483,0.004584457712265344,0.005615685656361946,1,stabilizer matrix,Semi-Perfect Quantum Code,0.9447513812154696,0.0010312279440966021,0.75,True,False,0.02872928176795574,0.0010312279440966021
2,182,172,3,3,3,"[[182,172,3]]_2",10,"{136: 4, 138: 4, 140: 2}",137.6,140,7240389224874338185960853827388905736311440243881022478971125260165782953921628932194781782033401275786781450,0.9934733557770256,0.756043956043956,0.7692307692307693,0.9999293493734627,0.9992758804618718,0.005802524684846211,0.006455993596437115,1,stabilizer matrix,Semi-Perfect Quantum Code,0.945054945054945,0.0006534689115909043,0.75,True,False,0.013186813186813218,0.0006534689115909043
2,182,180,2,2,2,"[[182,180,2]]_2",2,{182: 2},182.0,182,685596132412797531053607549485540055753823212621556770516014091704614236087297342176409,0.7924812503605781,1.0,1.0,0.7924812503605781,0.7924812503605781,0.0,0.0,1,stabilizer matrix,Semi-Perfect Quantum Code,0.989010989010989,0.0,0.75,True,True,0.0,0.0
2,183,173,3,3,3,"[[183,173,3]]_2",10,"{132: 4, 138: 2, 140: 2, 142: 2}",136.8,142,33761412000121245670897798333998895911688632042008394941391493969171115970075272659031588865254068351573442133,0.9941134906713613,0.7475409836065574,0.7759562841530054,0.9999883937683294,0.9986721922114143,0.004558701540053001,0.005874903096968032,1,stabilizer matrix,Semi-Perfect Quantum Code,0.9453551912568307,0.001316201556915031,0.75,True,False,0.028415300546448027,0.001316201556915031
2,184,174,3,3,3,"[[184,174,3]]_2",10,"{132: 2, 134: 4, 136: 4}",134.4,136,93142454047342511196386812298772960046243438504253825847458324288951029875830500274946920362118843713157439165,0.9926891337946349,0.7304347826086957,0.7391304347826086,0.9992758990598751,0.9997748738258314,0.007085740031196552,0.006586765265240269,1,stabilizer matrix,Semi-Perfect Quantum Code,0.9456521739130435,-0.0004989747659562838,0.75,False,False,0.008695652173913012,-0.0004989747659562838
2,184,182,2,2,2,"[[184,182,2]]_2",2,{184: 2},184.0,184,6170365191715177779482467945369860501784408913594010934644126825341528124785676079587681,0.792481250360578,1.0,1.0,0.7924812503605781,0.7924812503605781,1.1102230246251565e-16,1.1102230246251565e-16,1,stabilizer matrix,Semi-Perfect Quantum Code,0.9891304347826086,0.0,0.75,True,True,0.0,0.0
2,185,175,3,3,3,"[[185,175,3]]_2",10,"{130: 2, 134: 2, 138: 4, 146: 2}",137.2,146,406889314863971934278545406522600327707029150147512587583550067124892880875825317102008993077990398838360327588,0.9930722346825887,0.7416216216216216,0.7891891891891892,0.9998659554276562,0.9969324950505307,0.00386026036794207,0.006793720745067566,1,stabilizer matrix,Semi-Perfect Quantum Code,0.9459459459459459,0.0029334603771254963,0.75,True,False,0.04756756756756763,0.0029334603771254963
2,186,176,3,3,3,"[[186,176,3]]_2",10,"{132: 2, 134: 2, 136: 2, 140: 2, 144: 2}",137.2,144,2374306497931682098821414869608618118175950025582755065187879485284397092778191541003586235239291306783978262576,0.9945739911726214,0.7376344086021505,0.7741935483870968,0.9997090097368473,0.9988484059288694,0.004274414756248013,0.005135018564225935,1,stabilizer matrix,Semi-Perfect Quantum Code,0.946236559139785,0.0008606038079779221,0.75,True,False,0.0365591397849463,0.0008606038079779221
2,186,184,2,2,2,"[[186,184,2]]_2",2,{186: 2},186.0,186,55533286725436600015342211508328744516059680222346098411797141428073753123071084716289129,0.792481250360578,1.0,1.0,0.7924812503605781,0.7924812503605781,1.1102230246251565e-16,1.1102230246251565e-16,1,stabilizer matrix,Semi-Perfect Quantum Code,0.989247311827957,0.0,0.75,True,True,0.0,0.0
2,187,177,3,3,3,"[[187,177,3]]_2",10,"{136: 4, 140: 2, 142: 4}",139.2,142,7042752322488184565103577203637387278566444669181072819204794737460664673492935919131446965377278113213400938947,0.9934496199995386,0.7443850267379678,0.7593582887700535,0.9999396518708209,0.9998301037350055,0.0063804837354668464,0.006490031871282276,1,stabilizer matrix,Semi-Perfect Quantum Code,0.946524064171123,0.00010954813581542933,0.75,True,False,0.014973262032085622,0.00010954813581542933
2,188,178,3,3,3,"[[188,178,3]]_2",10,"{136: 2, 138: 2, 140: 2, 142: 2, 144: 2}",140.0,144,45615382586185257881386020346057043277673846830855895608313905495408140871151512811903952711703379258731081363507,0.9953336889487336,0.7446808510638298,0.7659574468085106,0.999945829280444,0.9995029595518837,0.004169270603150088,0.004612140331710313,1,stabilizer matrix,Semi-Perfect Quantum Code,0.9468085106382979,0.00044286972856022455,0.75,True,False,0.02127659574468085,0.00044286972856022455
2,188,186,2,2,2,"[[188,186,2]]_2",2,{188: 2},188.0,188,499799580528929400138079903574958700644537122001114885706174272852663778107639762446602161,0.792481250360578,1.0,1.0,0.7924812503605781,0.7924812503605781,1.1102230246251565e-16,1.1102230246251565e-16,1,stabilizer matrix,Semi-Perfect Quantum Code,0.9893617021276596,0.0,0.75,True,True,0.0,0.0
2,189,179,3,3,3,"[[189,179,3]]_2",10,"{134: 2, 138: 2, 142: 6}",139.6,142,91579345746223776656698869430052226473895389821664300282425461128046577630278094176973324896837495382444583544174,0.9927274309144111,0.7386243386243386,0.7513227513227513,0.9997535280238548,0.9999966303747967,0.0072691994603856225,0.007026097109443685,1,stabilizer matrix,Semi-Perfect Quantum Code,0.9470899470899471,-0.00024310235094193722,0.75,True,False,0.012698412698412728,-0.00024310235094193722
2,190,180,3,3,3,"[[190,180,3]]_2",10,"{138: 2, 140: 2, 142: 2, 148: 2, 152: 2}",144.0,152,589873445944845359607799431032964286945811483816159922723850470445087960962222024354162942901846766254461982690161,0.9945744215467816,0.7578947368421053,0.8,0.9998792513168712,0.9949490477321438,0.0003746261853622146,0.005304829770089614,1,stabilizer matrix,Semi-Perfect Quantum Code,0.9473684210526315,0.0049302035847273995,0.75,True,False,0.042105263157894736,0.0049302035847273995
2,190,188,2,2,2,"[[190,188,2]]_2",2,{190: 2},190.0,190,4498196224760364601242719132174628305800834098010033971355568455673974002968757862019419449,0.7924812503605783,1.0,1.0,0.7924812503605781,0.7924812503605781,-1.1102230246251565e-16,-1.1102230246251565e-16,1,stabilizer matrix,Semi-Perfect Quantum Code,0.9894736842105263,0.0,0.75,True,True,0.0,0.0
2,191,181,3,3,3,"[[191,181,3]]_2",10,"{140: 2, 142: 2, 144: 4, 148: 2}",143.6,148,2336646641464419166808271539660774303631523124840554489712636558486553326241791399564483079551706063471271597114596,0.9945660795726278,0.7518324607329843,0.774869109947644,0.9999935301756665,0.99878239187509,0.004216312302462222,0.00542745060303873,1,stabilizer matrix,Semi-Perfect Quantum Code,0.9476439790575916,0.0012111383005765086,0.75,True,False,0.023036649214659716,0.0012111383005765086
2,192,182,3,3,3,"[[192,182,3]]_2",10,"{138: 2, 140: 2, 142: 2, 146: 4}",142.4,146,8546164656118753505597519734526224244157389311916116932618162929461089366994866745414941318674636258129726775105360,0.9942580206520125,0.7416666666666667,0.7604166666666666,0.9998673877466775,0.9997892960120981,0.005531275360085575,0.005609367094664974,1,stabilizer matrix,Semi-Perfect Quantum Code,0.9479166666666666,7.809173457939966e-05,0.75,True,False,0.01874999999999997,7.809173457939966e-05
2,192,190,2,2,2,"[[192,190,2]]_2",2,{192: 2},192.0,192,40483766022843281411184472189571654752207506882090305742200116101065766026718820758174775041,0.7924812503605781,1.0,1.0,0.7924812503605781,0.7924812503605781,0.0,0.0,1,stabilizer matrix,Semi-Perfect Quantum Code,0.9895833333333334,0.0,0.75,True,True,0.0,0.0
2,193,183,3,3,3,"[[193,183,3]]_2",10,"{140: 2, 142: 2, 144: 2, 146: 4}",143.6,146,37299407829797329152808396275049854695291510040993223673132001466968977518480361122526276187243909009246779739039348,0.9946136881821158,0.7440414507772021,0.7564766839378239,0.9999320609126561,0.9999188385303028,0.0053051503481870155,0.005318372730540255,1,stabilizer matrix,Semi-Perfect Quantum Code,0.9481865284974094,1.3222382353239581e-05,0.75,True,False,0.01243523316062179,1.3222382353239581e-05
2,194,184,3,3,3,"[[194,184,3]]_2",10,"{140: 2, 142: 4, 144: 2, 148: 2}",143.2,148,140085593044456496388593651822101364071064237880667048101507969758613538077823246755018543981454448451048618380125236,0.9944071329842192,0.7381443298969071,0.7628865979381443,0.9997323982047761,0.999676787111667,0.0052696541274477315,0.005325265220556874,1,stabilizer matrix,Semi-Perfect Quantum Code,0.9484536082474226,5.561109310914247e-05,0.75,True,False,0.02474226804123717,5.561109310914247e-05
2,194,192,2,2,2,"[[194,192,2]]_2",2,{194: 2},194.0,194,364353894205589532700660249706144892769867561938812751679801044909591894240469386823572975369,0.7924812503605781,1.0,1.0,0.7924812503605781,0.7924812503605781,0.0,0.0,1,stabilizer matrix,Semi-Perfect Quantum Code,0.9896907216494846,0.0,0.75,True,True,0.0,0.0
2,195,185,3,3,3,"[[195,185,3]]_2",10,"{144: 2, 146: 2, 150: 6}",148.0,150,458757498390711403726600919931448142686877946327661321501753246268097329483567779938635859637665106399148103941825088,0.9936958737075159,0.7589743589743589,0.7692307692307693,0.9998438131947993,0.9992758804618718,0.005580006754355882,0.006147939487283427,1,stabilizer matrix,Semi-Perfect Quantum Code,0.9487179487179487,0.0005679327329275452,0.75,True,False,0.010256410256410256,0.0005679327329275452
2,196,186,3,3,3,"[[196,186,3]]_2",10,"{140: 4, 144: 2, 152: 2, 156: 2}",146.4,156,1618553382648767520252275408204249719830378251065785281469294955828243918012876251878470871356925179351514848453880412,0.9932660511497299,0.7469387755102042,0.7959183673469388,0.9999820225257865,0.9957586980129489,0.002492646863219039,0.0067159713760566175,1,stabilizer matrix,Semi-Perfect Quantum Code,0.9489795918367347,0.0042233245128375785,0.75,True,False,0.048979591836734664,0.0042233245128375785
2,196,194,2,2,2,"[[196,194,2]]_2",2,{196: 2},196.0,196,3279185047850305794305942247355304034928808057449314765118209404186327048164224481412156778321,0.792481250360578,1.0,1.0,0.7924812503605781,0.7924812503605781,1.1102230246251565e-16,1.1102230246251565e-16,1,stabilizer matrix,Semi-Perfect Quantum Code,0.9897959183673469,0.0,0.75,True,True,0.0,0.0
2,197,187,3,3,3,"[[197,187,3]]_2",10,"{148: 4, 150: 4, 152: 2}",149.6,152,7276217075876202032445204167137766340734851967908741884271400221238171860077002808278317299122768731566792118347174540,0.9937278570717378,0.7593908629441624,0.7715736040609137,0.9998289137985623,0.9990866425488871,0.005358785477149297,0.006101056726824483,1,stabilizer matrix,Semi-Perfect Quantum Code,0.949238578680203,0.000742271249675186,0.75,True,False,0.012182741116751298,0.000742271249675186
2,198,188,3,3,3,"[[198,188,3]]_2",10,"{142: 2, 144: 2, 152: 2, 154: 2, 156: 2}",149.6,156,35146521969541418443544121153958863337888119816354449037902960366117537964415915357464182748519526176220545257724249828,0.9944467099162012,0.7555555555555555,0.7878787878787878,0.9999403327981431,0.9971380883561728,0.002691378439971581,0.005493622881941884,1,stabilizer matrix,Semi-Perfect Quantum Code,0.9494949494949495,0.002802244441970303,0.75,True,False,0.03232323232323235,0.002802244441970303
2,198,196,2,2,2,"[[198,196,2]]_2",2,{198: 2},198.0,198,29512665430652752148753480226197736314359272517043832886063884637676943433478020332709411004889,0.792481250360578,1.0,1.0,0.7924812503605781,0.7924812503605781,1.1102230246251565e-16,1.1102230246251565e-16,1,stabilizer matrix,Semi-Perfect Quantum Code,0.98989898989899,0.0,0.75,True,True,0.0,0.0
2,199,189,3,3,3,"[[199,189,3]]_2",10,"{142: 2, 146: 2, 148: 2, 150: 4}",147.2,150,139079960366902365845554488107523364358993863218774602785605063149334380101136257197168056304184045110751989846400131924,0.9944355724941079,0.7396984924623115,0.7537688442211056,0.9997976915657529,0.9999725845736991,0.00553701207959123,0.005362119071645077,1,stabilizer matrix,Semi-Perfect Quantum Code,0.949748743718593,-0.00017489300794615303,0.75,True,False,0.014070351758794028,-0.00017489300794615303
2,200,190,3,3,3,"[[200,190,3]]_2",10,"{146: 4, 150: 4, 154: 2}",149.2,154,439750681238002698593386403461624722296650023348925574014213298541521821064463856736660849989444424105650555260490855872,0.9936153227606007,0.746,0.77,0.9999693309247661,0.999216214550914,0.0056008917903133115,0.006354008164165426,1,stabilizer matrix,Semi-Perfect Quantum Code,0.95,0.000753116373852114,0.75,True,False,0.024000000000000056,0.000753116373852114
2,200,198,2,2,2,"[[200,198,2]]_2",2,{200: 2},200.0,200,265613988875874769338781322035779626829233452653394495974574961739092490901302182994384699044001,0.7924812503605781,1.0,1.0,0.7924812503605781,0.7924812503605781,0.0,0.0,1,stabilizer matrix,Semi-Perfect Quantum Code,0.99,0.0,0.75,True,True,0.0,0.0
2,201,191,3,3,3,"[[201,191,3]]_2",10,"{146: 2, 148: 2, 152: 2, 154: 2, 158: 2}",151.6,158,2681655355324226874565946604638159773375797717398360644474515592956255030524875591481655559408135556130270682243184771460,0.9951604358740584,0.754228855721393,0.7860696517412935,0.9999654693572915,0.9974097571560568,0.0022493212819983954,0.004805033483233023,1,stabilizer matrix,Semi-Perfect Quantum Code,0.9502487562189055,0.002555712201234628,0.75,True,False,0.03184079601990052,0.002555712201234628
2,202,192,3,3,3,"[[202,192,3]]_2",10,"{146: 2, 150: 2, 152: 4, 154: 2}",150.8,154,9497084453640895113917073354246683003134105826062787858908994448566186279768884745964691484972647608980677385369859085740,0.9947496437361786,0.7465346534653466,0.7623762376237624,0.999976970868677,0.9997020230824019,0.004952379346223279,0.005227327132498405,1,stabilizer matrix,Semi-Perfect Quantum Code,0.9504950495049505,0.00027494778627512595,0.75,True,False,0.015841584158415786,0.00027494778627512595
2,202,200,2,2,2,"[[202,200,2]]_2",2,{202: 2},202.0,202,2390525899882872924049031898322016641463101073880550463771174655651832418111719646949462291396009,0.792481250360578,1.0,1.0,0.7924812503605781,0.7924812503605781,1.1102230246251565e-16,1.1102230246251565e-16,1,stabilizer matrix,Semi-Perfect Quantum Code,0.9900990099009901,0.0,0.75,True,True,0.0,0.0
2,203,193,3,3,3,"[[203,193,3]]_2",10,"{148: 2, 152: 2, 154: 4, 156: 2}",152.8,156,38314064145629222846258969147042325910401285230526207180658543922582788187985057118259369956045204092738130949926043810424,0.994805846178377,0.7527093596059113,0.7684729064039408,0.9999858453909529,0.9993323131274173,0.004526466949040353,0.0051799992125759475,1,stabilizer matrix,Semi-Perfect Quantum Code,0.9507389162561576,0.0006535322635355945,0.75,True,False,0.0157635467980295,0.0006535322635355945
2,204,194,3,3,3,"[[204,194,3]]_2",10,"{144: 2, 152: 6, 156: 2}",151.2,156,94884374065348551644423858350725101238844474735789323059221469873154677080937570744492420460990883455942970763218023047388,0.9931359558809886,0.7411764705882352,0.7647058823529411,0.9998513901566013,0.9995783669057825,0.006442411024793926,0.0067154342756127194,1,stabilizer matrix,Semi-Perfect Quantum Code,0.9509803921568627,0.00027302325081879353,0.75,True,False,0.023529411764705938,0.00027302325081879353
2,204,202,2,2,2,"[[204,202,2]]_2",2,{204: 2},204.0,204,21514733098945856316441287084898149773167909664924954173940571900866491763005476822545160622564081,0.7924812503605781,1.0,1.0,0.7924812503605781,0.7924812503605781,0.0,0.0,1,stabilizer matrix,Semi-Perfect Quantum Code,0.9901960784313726,0.0,0.75,True,True,0.0,0.0
2,205,195,3,3,3,"[[205,195,3]]_2",10,"{154: 6, 156: 2, 158: 2}",155.2,158,469007926584708442251675483924532574819723169131226861841663540907969324018534914942282106964646131974583395037160177842660,0.9939142436142197,0.7570731707317072,0.7707317073170732,0.9999031478976013,0.9991572226139704,0.005242978999750791,0.005988904283381613,1,stabilizer matrix,Semi-Perfect Quantum Code,0.9512195121951219,0.0007459252836308217,0.75,True,False,0.01365853658536591,0.0007459252836308217
2,206,196,3,3,3,"[[206,196,3]]_2",10,"{152: 6, 156: 2, 158: 2}",154.0,158,1871599046600755181265694246722342378652874375139056796814837879264376460056967826661267913843377282784169832343708187046388,0.9939355025971909,0.7475728155339806,0.7669902912621359,0.9999886919913821,0.9994359841434174,0.00550048154622651,0.006053189394191194,1,stabilizer matrix,Semi-Perfect Quantum Code,0.9514563106796117,0.0005527078479646841,0.75,True,False,0.019417475728155338,0.0005527078479646841
2,206,204,2,2,2,"[[206,204,2]]_2",2,{206: 2},206.0,206,193632597890512706847971583764083347958511186984324587565465147107798425867049291402906445603076729,0.7924812503605781,1.0,1.0,0.7924812503605781,0.7924812503605781,0.0,0.0,1,stabilizer matrix,Semi-Perfect Quantum Code,0.9902912621359223,0.0,0.75,True,True,0.0,0.0
2,207,197,3,3,3,"[[207,197,3]]_2",10,"{152: 2, 154: 2, 156: 2, 158: 4}",155.6,158,10142668061559856121339371033146163591960215553812032033616475087314096264604479391344087841312465388469641806124121298375344,0.9950229975214577,0.7516908212560386,0.7632850241545893,0.9999944923860856,0.999656364112743,0.004633366591285215,0.00497149486462789,1,stabilizer matrix,Semi-Perfect Quantum Code,0.9516908212560387,0.0003381282733426749,0.75,True,False,0.011594202898550753,0.0003381282733426749
2,208,198,3,3,3,"[[208,198,3]]_2",10,"{152: 2, 154: 2, 158: 2, 160: 2, 162: 2}",157.2,162,45132591121575219429767095334904793617497869981080474476558992304504632560110514369302429461735563450563496983367559521689886,0.995416474456697,0.7557692307692307,0.7788461538461539,0.999935642260109,0.9983553751063527,0.00293890064965574,0.004519167803411994,1,stabilizer matrix,Semi-Perfect Quantum Code,0.9519230769230769,0.001580267153756254,0.75,True,False,0.02307692307692313,0.001580267153756254
2,208,206,2,2,2,"[[208,206,2]]_2",2,{208: 2},208.0,208,1742693381014614361631744253876750131626600682858921288089186323970185832803443622626158010427690561,0.7924812503605781,1.0,1.0,0.7924812503605781,0.7924812503605781,0.0,0.0,1,stabilizer matrix,Semi-Perfect Quantum Code,0.9903846153846154,0.0,0.75,True,True,0.0,0.0
2,209,199,3,3,3,"[[209,199,3]]_2",10,"{154: 2, 156: 2, 158: 4, 160: 2}",157.2,160,161996756127595489574189341242409332229133532984362095097936079092657937491344813760741036039159470192991034932990347295366502,0.9950645377640056,0.7521531100478468,0.7655502392344498,0.9999910652930923,0.999528184633173,0.004463646869167337,0.004926527529086733,1,stabilizer matrix,Semi-Perfect Quantum Code,0.9521531100478469,0.00046288065991939575,0.75,True,False,0.013397129186602925,0.00046288065991939575
2,210,200,3,3,3,"[[210,200,3]]_2",10,"{156: 2, 160: 6, 164: 2}",160.0,164,430263282462302623984756989922959271116418271690922001051772602869834015865473018204375183129690050673104829392040433899422478,0.993681503787277,0.7619047619047619,0.780952380952381,0.9997244146537061,0.9981024526003979,0.0044209488131208285,0.006042910866429052,1,stabilizer matrix,Semi-Perfect Quantum Code,0.9523809523809523,0.0016219620533082235,0.75,True,False,0.01904761904761905,0.0016219620533082235
2,210,208,2,2,2,"[[210,208,2]]_2",2,{210: 2},210.0,210,15684240429131529254685698284890751184639406145730291592802676915731672495230992603635422093849215049,0.792481250360578,1.0,1.0,0.7924812503605781,0.7924812503605781,1.1102230246251565e-16,1.1102230246251565e-16,1,stabilizer matrix,Semi-Perfect Quantum Code,0.9904761904761905,0.0,0.75,True,True,0.0,0.0
2,211,201,3,3,3,"[[211,201,3]]_2",10,"{150: 2, 156: 2, 158: 4, 162: 2}",156.8,162,2190914240991232354934959112286431923591275642695605751904504481081425944318406001602401596810817230652966474172671272682488818,0.9945366658052,0.7431279620853081,0.7677725118483413,0.9999097046276832,0.9993823959836232,0.004845730178423269,0.0053730388224833,1,stabilizer matrix,Semi-Perfect Quantum Code,0.95260663507109,0.0005273086440600316,0.75,True,False,0.02464454976303312,0.0005273086440600316
2,212,202,3,3,3,"[[212,202,3]]_2",10,"{154: 2, 158: 2, 162: 4, 164: 2}",160.0,164,9180819874403333384946112354066766056643620890412470540999145054133188563639866642298979559905051982824220018016861112322408562,0.9947206673399516,0.7547169811320755,0.7735849056603774,0.9999570187676142,0.9989062681454874,0.004185600805535872,0.0052363514276626555,1,stabilizer matrix,Semi-Perfect Quantum Code,0.9528301886792453,0.0010507506221267837,0.75,True,False,0.018867924528301886,0.0010507506221267837
2,212,210,2,2,2,"[[212,210,2]]_2",2,{212: 2},212.0,212,141158163862183763292171284564016760661754655311572624335224092241585052457078933432718798844642935441,0.7924812503605781,1.0,1.0,0.7924812503605781,0.7924812503605781,0.0,0.0,1,stabilizer matrix,Semi-Perfect Quantum Code,0.9905660377358491,0.0,0.75,True,True,0.0,0.0
2,213,203,3,3,3,"[[213,203,3]]_2",10,"{154: 2, 156: 4, 160: 2, 162: 2}",157.6,162,37357295211499950191359786886635904815946337436207619797138361928643437462331960011228250842277501736786661325955722362117463242,0.9948034226613992,0.739906103286385,0.7605633802816901,0.9998057293129485,0.9997832894767027,0.004979866815303491,0.005002306651549326,1,stabilizer matrix,Semi-Perfect Quantum Code,0.9530516431924883,2.2439836245835565e-05,0.75,True,False,0.02065727699530519,2.2439836245835565e-05
2,214,204,3,3,3,"[[214,204,3]]_2",10,"{156: 4, 158: 2, 162: 4}",158.8,162,115666162495981300406168820570988644468979584141068088580420200506190462597724334687539274435511855399902170568927551040757787002,0.9939643995775626,0.7420560747663552,0.7570093457943925,0.9998794513780467,0.9999048934486607,0.005940493871098185,0.005915051800484128,1,stabilizer matrix,Semi-Perfect Quantum Code,0.9532710280373832,-2.544207061405679e-05,0.75,True,False,0.01495327102803733,-2.544207061405679e-05
2,214,212,2,2,2,"[[214,212,2]]_2",2,{214: 2},214.0,214,1270423474759653869629541561076150845955791897804153619017016830174265472113710400894469189601786418969,0.7924812503605781,1.0,1.0,0.7924812503605781,0.7924812503605781,0.0,0.0,1,stabilizer matrix,Semi-Perfect Quantum Code,0.9906542056074766,0.0,0.75,True,True,0.0,0.0
2,215,205,3,3,3,"[[215,205,3]]_2",10,"{158: 4, 160: 2, 164: 4}",160.8,164,480259315874901368452240695325037821272281902972058924375113494532815761867599115262125581470835122662902429598419930369534375464,0.9941176970803635,0.747906976744186,0.7627906976744186,0.9999915888268076,0.9996816083304455,0.005563911250082043,0.005873891746444149,1,stabilizer matrix,Semi-Perfect Quantum Code,0.9534883720930233,0.00030998049636210556,0.75,True,False,0.014883720930232505,0.00030998049636210556
2,216,206,3,3,3,"[[216,206,3]]_2",10,"{158: 2, 160: 4, 162: 2, 164: 2}",160.8,164,2574345930318245147733933535701397107814635076560756975822876632300986063826476476309991782201080737194831862937148214895309168754,0.9951225235431689,0.7444444444444445,0.7592592592592593,0.9999409192667009,0.9998336955668434,0.004711172023674548,0.004818395723532043,1,stabilizer matrix,Semi-Perfect Quantum Code,0.9537037037037037,0.00010722369985749491,0.75,True,False,0.014814814814814762,0.00010722369985749491
2,216,214,2,2,2,"[[216,214,2]]_2",2,{216: 2},216.0,216,11433811272836884826665874049685357613602127080237382571153151471568389249023393608050222706416077770721,0.792481250360578,1.0,1.0,0.7924812503605781,0.7924812503605781,1.1102230246251565e-16,1.1102230246251565e-16,1,stabilizer matrix,Semi-Perfect Quantum Code,0.9907407407407407,0.0,0.75,True,True,0.0,0.0
2,217,207,3,3,3,"[[217,207,3]]_2",10,"{162: 6, 164: 2, 168: 2}",163.6,168,7505238632496646842308925932230725215901013050001982560721839218469546187346405073267225828478538617065482426058188944979193786326,0.9940935995027509,0.7539170506912443,0.7741935483870968,0.9999703820451736,0.9988484059288694,0.004754806426118474,0.005876782542422743,1,stabilizer matrix,Semi-Perfect Quantum Code,0.9539170506912442,0.0011219761163042685,0.75,True,False,0.02027649769585256,0.0011219761163042685
2,218,208,3,3,3,"[[218,208,3]]_2",10,"{160: 4, 162: 2, 164: 4}",162.0,164,31060056415435480746229026931992348351821386114294132952023135141050930042815938011933921945258650711277050957546535110572904429352,0.9942332862052767,0.7431192660550459,0.7522935779816514,0.9999094766414272,0.9999898601959784,0.005756573990701619,0.005676190436150419,1,stabilizer matrix,Semi-Perfect Quantum Code,0.9541284403669725,-8.038355455119994e-05,0.75,True,False,0.009174311926605505,-8.038355455119994e-05
2,218,216,2,2,2,"[[218,216,2]]_2",2,{218: 2},218.0,218,102904301455531963439992866447168218522419143722136443140378363244115503241210542472452004357744699936489,0.792481250360578,1.0,1.0,0.7924812503605781,0.7924812503605781,1.1102230246251565e-16,1.1102230246251565e-16,1,stabilizer matrix,Semi-Perfect Quantum Code,0.9908256880733946,0.0,0.75,True,True,0.0,0.0
2,219,209,3,3,3,"[[219,209,3]]_2",10,"{160: 2, 164: 2, 166: 4, 168: 2}",164.8,168,159638501252577915700233895801969353602364800172338354020246639029161841378485863950495400037266937702264539472584401407047368053448,0.995085363172822,0.7525114155251142,0.7671232876712328,0.9999878402526523,0.9994270472749618,0.004341684102139753,0.00490247707983027,1,stabilizer matrix,Semi-Perfect Quantum Code,0.954337899543379,0.0005607929776905163,0.75,True,False,0.014611872146118669,0.0005607929776905163
2,220,210,3,3,3,"[[220,210,3]]_2",10,"{158: 4, 164: 2, 168: 2, 170: 2}",163.6,170,562140867197653279816197767840994231946879390379752359299793048727781176751533651442324762832776714359858015724058410425743397664412,0.9946898002994581,0.7436363636363637,0.7727272727272727,0.9999225366001454,0.9989852124224458,0.004295412122987674,0.005232736300687324,1,stabilizer matrix,Semi-Perfect Quantum Code,0.9545454545454546,0.0009373241776996499,0.75,True,False,0.029090909090909115,0.0009373241776996499
2,220,218,2,2,2,"[[220,218,2]]_2",2,{220: 2},220.0,220,926138713099787670959935798024513966701772293499227988263405269197039529170894882252068039219702299428401,0.7924812503605781,1.0,1.0,0.7924812503605781,0.7924812503605781,0.0,0.0,1,stabilizer matrix,Semi-Perfect Quantum Code,0.990909090909091,0.0,0.75,True,True,0.0,0.0
2,221,211,3,3,3,"[[221,211,3]]_2",10,"{164: 2, 166: 2, 168: 4, 172: 2}",167.6,172,2495002658719584369699183262832996728174914756908481487805808605826468738661543721019522346405967433534364918608256524989632044465498,0.995053280267097,0.7583710407239819,0.7782805429864253,0.9998641825256845,0.9984201257446589,0.0033668454775618306,0.0048109022585874905,1,stabilizer matrix,Semi-Perfect Quantum Code,0.9547511312217195,0.00144405678102566,0.75,True,False,0.019909502262443465,0.00144405678102566
2,222,212,3,3,3,"[[222,212,3]]_2",10,"{162: 2, 164: 2, 166: 2, 168: 2, 170: 2}",166.0,170,12731014937715492520109643341431535190597904774700459174892044802847810973996652575352954624296531158375773850352467151268298546063050,0.9958666307610246,0.7477477477477478,0.7657657657657657,0.9999902617356309,0.9995149165891306,0.003648285828106057,0.004123630974606329,1,stabilizer matrix,Semi-Perfect Quantum Code,0.954954954954955,0.00047534514650027226,0.75,True,False,0.018018018018018018,0.00047534514650027226
2,222,220,2,2,2,"[[222,220,2]]_2",2,{222: 2},222.0,222,8335248417898089038639422182220625700315950641493051894370647422773355762538053940268612352977320694855609,0.7924812503605781,1.0,1.0,0.7924812503605781,0.7924812503605781,0.0,0.0,1,stabilizer matrix,Semi-Perfect Quantum Code,0.990990990990991,0.0,0.75,True,True,0.0,0.0
2,223,213,3,3,3,"[[223,213,3]]_2",10,"{160: 2, 164: 6, 170: 2}",164.4,170,25930047436130742903854281992499686137577068253110008955939339985913779817813819557645420891995337274322794458055225202084466468497250,0.9937019315369117,0.737219730941704,0.7623318385650224,0.9996892751889136,0.9997041694384882,0.0060022379015765015,0.005987343652001931,1,stabilizer matrix,Semi-Perfect Quantum Code,0.9551569506726457,-1.489424957457075e-05,0.75,True,False,0.02511210762331836,-1.489424957457075e-05
2,224,214,3,3,3,"[[224,214,3]]_2",10,"{166: 4, 168: 4, 170: 2}",167.6,170,129892620165983930400928092234349416443845318345898412267506794153945128790197939779151173156809359644343862798712789604780423920563992,0.9944546521907831,0.7482142857142857,0.7589285714285714,0.9999938757884709,0.9998454093822842,0.005390757191501061,0.00553922359768777,1,stabilizer matrix,Semi-Perfect Quantum Code,0.9553571428571429,0.00014846640618670914,0.75,True,False,0.01071428571428574,0.00014846640618670914
2,224,222,2,2,2,"[[224,222,2]]_2",2,{224: 2},224.0,224,75017235761082801347754799639985631302843555773437467049335826804960201862842485462417511176795886253700481,0.7924812503605781,1.0,1.0,0.7924812503605781,0.7924812503605781,0.0,0.0,1,stabilizer matrix,Semi-Perfect Quantum Code,0.9910714285714286,0.0,0.75,True,True,0.0,0.0
2,225,215,3,3,3,"[[225,215,3]]_2",10,"{164: 2, 168: 4, 170: 2, 176: 2}",169.2,176,584605768332536910215342752500715757229495333665577027482354539988818210517773743263555078063374401229584078157979020544442989897219340,0.9948573972872453,0.752,0.7822222222222223,0.9999922918834341,0.9979409353532164,0.0030835380659710587,0.005134894596188766,1,stabilizer matrix,Semi-Perfect Quantum Code,0.9555555555555556,0.0020513565302177073,0.75,True,False,0.030222222222222272,0.0020513565302177073
2,226,216,3,3,3,"[[226,216,3]]_2",10,"{166: 2, 168: 2, 172: 2, 174: 4}",170.8,174,2536638396878200236135428248078176147142691393230700741546771725371289257846895197424354483862830520580164016611115114418383884667583080,0.995139846647456,0.7557522123893806,0.7699115044247787,0.9999360223810069,0.9992232013502171,0.0040833547027611106,0.004796175733550845,1,stabilizer matrix,Semi-Perfect Quantum Code,0.9557522123893806,0.0007128210307897342,0.75,True,False,0.01415929203539818,0.0007128210307897342
2,226,224,2,2,2,"[[226,224,2]]_2",2,{226: 2},226.0,226,675155121849745212129793196759870681725592001960937203444022441244641816765582369161757600591162976283304329,0.7924812503605781,1.0,1.0,0.7924812503605781,0.7924812503605781,0.0,0.0,1,stabilizer matrix,Semi-Perfect Quantum Code,0.9911504424778761,0.0,0.75,True,True,0.0,0.0
2,227,217,3,3,3,"[[227,217,3]]_2",10,"{166: 6, 168: 2, 170: 2}",167.2,170,7728936550634772638520836180758422136671619067230973922851183930220591996387171034251304794909709620006422856398813784570057067614440400,0.9942963936839754,0.7365638766519823,0.748898678414097,0.9996567561102996,0.9999976691339971,0.005701275450021748,0.0053603624263242056,1,stabilizer matrix,Semi-Perfect Quantum Code,0.9559471365638766,-0.00034091302369754217,0.75,False,False,0.012334801762114588,-0.00034091302369754217
2,228,218,3,3,3,"[[228,218,3]]_2",10,"{166: 2, 170: 4, 172: 2, 174: 2}",170.4,174,41066842882820599589508301859528172671495352099406884400985711361127019091445408399158781449597424541870605183888630345849988899752397560,0.9952197257575426,0.7473684210526316,0.7631578947368421,0.9999867096868524,0.9996629494748603,0.004443223717317757,0.004766983929309854,1,stabilizer matrix,Semi-Perfect Quantum Code,0.956140350877193,0.0003237602119920968,0.75,True,False,0.015789473684210503,0.0003237602119920968
2,228,226,2,2,2,"[[228,226,2]]_2",2,{228: 2},228.0,228,6076396096647706909168138770838836135530328017648434830996201971201776350890241322455818405320466786549738961,0.7924812503605781,1.0,1.0,0.7924812503605781,0.7924812503605781,0.0,0.0,1,stabilizer matrix,Semi-Perfect Quantum Code,0.9912280701754386,0.0,0.75,True,True,0.0,0.0
2,229,219,3,3,3,"[[229,219,3]]_2",10,"{170: 4, 172: 2, 176: 4}",172.8,176,126011825236306372510650969728566769572001127867638314299111289837040314551768508428854029308089369863589533450037965179270736669868514924,0.9944054762563993,0.754585152838428,0.7685589519650655,0.999959392484189,0.9993260232076634,0.004920546951264093,0.005553916227789668,1,stabilizer matrix,Semi-Perfect Quantum Code,0.9563318777292577,0.000633369276525575,0.75,True,False,0.013973799126637505,0.000633369276525575
2,230,220,3,3,3,"[[230,220,3]]_2",10,"{170: 2, 172: 2, 174: 2, 176: 4}",173.6,176,682465773246495069866529272247479329559761416736871693957672975018911157917240515451256918227033062471230786942374001735488013375672193900,0.9953802297694442,0.7547826086956522,0.7652173913043478,0.9999558118235627,0.9995483083633439,0.004168078593899671,0.0045755820541185654,1,stabilizer matrix,Semi-Perfect Quantum Code,0.9565217391304348,0.0004075034602188943,0.75,True,False,0.010434782608695677,0.0004075034602188943
2,230,228,2,2,2,"[[230,228,2]]_2",2,{230: 2},230.0,230,54687564869829362182513248937549525219772952158835913478965817740815987158012171902102365647884201078947650649,0.792481250360578,1.0,1.0,0.7924812503605781,0.7924812503605781,1.1102230246251565e-16,1.1102230246251565e-16,1,stabilizer matrix,Semi-Perfect Quantum Code,0.991304347826087,0.0,0.75,True,True,0.0,0.0
2,231,221,3,3,3,"[[231,221,3]]_2",10,"{172: 8, 178: 2}",173.2,178,1272068500285430690066561433497587621527515015170169568001727117707795555017033318965005240089560558605588772954165152660660061233386503580,0.9930157001203763,0.7497835497835498,0.7705627705627706,0.9999999098956414,0.9991710365619194,0.006155336441543091,0.006984209775265038,1,stabilizer matrix,Semi-Perfect Quantum Code,0.9567099567099567,0.0008288733337219467,0.75,True,False,0.020779220779220828,0.0008288733337219467
2,232,222,3,3,3,"[[232,222,3]]_2",10,"{168: 2, 170: 2, 172: 2, 174: 2, 176: 2}",172.0,176,12582039399834449569246472610726313655350695711021140409500156943470609692315641451931523878335370810344562134019078575585359905961116047437,0.9958607133067328,0.7413793103448276,0.7586206896551724,0.9998581195007836,0.9998559277610563,0.003995214454323492,0.003997406194050868,1,stabilizer matrix,Semi-Perfect Quantum Code,0.9568965517241379,2.191739727375186e-06,0.75,True,False,0.017241379310344827,2.191739727375186e-06
2,232,230,2,2,2,"[[232,230,2]]_2",2,{232: 2},232.0,232,492188083828464259642619240437945726977956569429523221310692359667343884422109547118921290830957809710528855841,0.792481250360578,1.0,1.0,0.7924812503605781,0.7924812503605781,1.1102230246251565e-16,1.1102230246251565e-16,1,stabilizer matrix,Semi-Perfect Quantum Code,0.9913793103448276,0.0,0.75,True,True,0.0,0.0
2,233,223,3,3,3,"[[233,223,3]]_2",10,"{170: 2, 172: 2, 174: 4, 180: 2}",174.0,180,39022648390108237892626091926997926788347801068654812528890998291491011988745517427181884205290937214858287545498356126059374433958049528936,0.9950908087628269,0.7467811158798283,0.7725321888412017,0.9999801258366978,0.999002747646061,0.003911938883234156,0.004889317073870969,1,stabilizer matrix,Semi-Perfect Quantum Code,0.9570815450643777,0.0009773781906368129,0.75,True,False,0.02575107296137339,0.0009773781906368129
2,234,224,3,3,3,"[[234,224,3]]_2",10,"{170: 2, 174: 2, 176: 4, 180: 2}",175.2,180,159137128955883447367304089290928262715474845253353271676366834089261539459132177931898807490880636698610415900606107799671778936173088355805,0.9951713755565126,0.7487179487179487,0.7692307692307693,0.9999968418675261,0.9992758804618718,0.004104504905359185,0.004825466311013549,1,stabilizer matrix,Semi-Perfect Quantum Code,0.9572649572649573,0.0007209614056543634,0.75,True,False,0.02051282051282056,0.0007209614056543634
2,234,232,2,2,2,"[[234,232,2]]_2",2,{234: 2},234.0,234,4429692754456178336783573163941511542801609124865708991796231237006094959798985924070291617478620287394759702569,0.7924812503605783,1.0,1.0,0.7924812503605781,0.7924812503605781,-1.1102230246251565e-16,-1.1102230246251565e-16,1,stabilizer matrix,Semi-Perfect Quantum Code,0.9914529914529915,0.0,0.75,True,True,0.0,0.0
2,235,225,3,3,3,"[[235,225,3]]_2",10,"{168: 2, 172: 4, 174: 2, 180: 2}",173.2,180,558852961722148882243128012656833188704128028271395809435355484255469476658760583360819877106681612548353942421538129611933353927844142869917,0.9947923447524903,0.7370212765957447,0.7659574468085106,0.9996796041511709,0.9995029595518837,0.004710614799393387,0.00488725939868051,1,stabilizer matrix,Semi-Perfect Quantum Code,0.9574468085106383,0.0001766445992871235,0.75,True,False,0.028936170212766007,0.0001766445992871235
2,236,226,3,3,3,"[[236,226,3]]_2",10,"{174: 2, 176: 2, 178: 2, 182: 2, 184: 2}",178.8,184,3089740539571377104757648280578458230516778918992617240030513231268322513361745710022917670514568393944027398815173069519472552856840503181416,0.9958037014242948,0.7576271186440678,0.7796610169491526,0.999887326526385,0.9982597341615682,0.0024560327372734614,0.00408362510209026,1,stabilizer matrix,Semi-Perfect Quantum Code,0.9576271186440678,0.001627592364816799,0.75,True,False,0.022033898305084697,0.001627592364816799
2,236,234,2,2,2,"[[236,234,2]]_2",2,{236: 2},236.0,236,39867234790105605031052158475473603885214482123791380926166081133054854638190873316632624557307582586552837323121,0.7924812503605781,1.0,1.0,0.7924812503605781,0.7924812503605781,0.0,0.0,1,stabilizer matrix,Semi-Perfect Quantum Code,0.9915254237288136,0.0,0.75,True,True,0.0,0.0
2,237,227,3,3,3,"[[237,227,3]]_2",10,"{170: 2, 174: 4, 176: 2, 184: 2}",175.6,184,8616410314340205408449886006487601424822150128861215604287502779870772391569401130107268989784207453577798002616242092960016737764771864593502,0.9947235196875979,0.7409282700421941,0.7763713080168776,0.9998429454676994,0.9986288314667515,0.003905311779153653,0.005119425780101494,1,stabilizer matrix,Semi-Perfect Quantum Code,0.9578059071729957,0.0012141140009478413,0.75,True,False,0.03544303797468357,0.0012141140009478413
2,238,228,3,3,3,"[[238,228,3]]_2",10,"{174: 2, 176: 4, 178: 2, 180: 2}",176.8,180,42808675283793645324186920339787486325827831772671452694628981875255185977446080309821618000542880917231566736468790973397161929575819896029029,0.9954027156848195,0.7428571428571429,0.7563025210084033,0.9999024703882098,0.9999231570175591,0.004520441332739544,0.004499754703390257,1,stabilizer matrix,Semi-Perfect Quantum Code,0.957983193277311,-2.068662934928689e-05,0.75,True,False,0.013445378151260456,-2.068662934928689e-05
2,238,236,2,2,2,"[[238,236,2]]_2",2,{238: 2},238.0,238,358805113110950445279469426279262434966930339114122428335494730197493691743717859849693621015768243278975535908089,0.7924812503605781,1.0,1.0,0.7924812503605781,0.7924812503605781,0.0,0.0,1,stabilizer matrix,Semi-Perfect Quantum Code,0.9915966386554622,0.0,0.75,True,True,0.0,0.0
2,239,229,3,3,3,"[[239,229,3]]_2",10,"{174: 2, 180: 2, 182: 4, 184: 2}",180.4,184,160057548929797657480872452313986438536210168838346278383517375099767693129254788198096740028992473153889111134147433370524830410333588545167747,0.995218218180815,0.7548117154811715,0.7698744769874477,0.9999552711530557,0.9992261152337762,0.004007897052961229,0.004737052972240696,1,stabilizer matrix,Semi-Perfect Quantum Code,0.9581589958158996,0.0007291559192794672,0.75,True,False,0.015062761506276126,0.0007291559192794672
2,240,230,3,3,3,"[[240,230,3]]_2",10,"{170: 2, 176: 2, 178: 2, 180: 2, 182: 2}",177.2,182,752847117999061938740847172903756480637491840351099999605530763893731550265017174709003960921542980329183329617651582787282810565183617755558053,0.99572515519352,0.7383333333333333,0.7583333333333333,0.9997408207592852,0.9998654080077771,0.004140252814257117,0.0040156655657651585,1,stabilizer matrix,Semi-Perfect Quantum Code,0.9583333333333334,-0.00012458724849195857,0.75,True,False,0.02000000000000005,-0.00012458724849195857
2,240,238,2,2,2,"[[240,238,2]]_2",2,{240: 2},240.0,240,3229246017998554007515224836513361914702373052027101855019452571777443225693460738647242589141914189510779823172801,0.7924812503605781,1.0,1.0,0.7924812503605781,0.7924812503605781,0.0,0.0,1,stabilizer matrix,Semi-Perfect Quantum Code,0.9916666666666667,0.0,0.75,True,True,0.0,0.0
2,241,231,3,3,3,"[[241,231,3]]_2",10,"{172: 2, 176: 2, 178: 2, 180: 2, 182: 2}",177.6,182,3012450940948151952488837757466647285404007552981230667015769442931582484445305756231566405672178012568190830715757027948946301527690268611738289,0.9957439489842498,0.7369294605809128,0.7551867219917012,0.9996750801923966,0.9999480098219085,0.004204060837658674,0.00393113120814681,1,stabilizer matrix,Semi-Perfect Quantum Code,0.9585062240663901,-0.0002729296295118644,0.75,True,False,0.018257261410788404,-0.0002729296295118644
2,242,232,3,3,3,"[[242,232,3]]_2",10,"{178: 2, 180: 2, 182: 4, 184: 2}",181.2,184,11145356129599298456892207060170955709562161974885464903095709084491842787441376829653012214537511749280445690547828835546735435807628985987235725,0.9955289596584705,0.7487603305785123,0.7603305785123967,0.9999970471076844,0.9997927808290394,0.004263821170568893,0.004468087449213898,1,stabilizer matrix,Semi-Perfect Quantum Code,0.9586776859504132,0.00020426627864500446,0.75,True,False,0.011570247933884344,0.00020426627864500446
2,242,240,2,2,2,"[[242,240,2]]_2",2,{242: 2},242.0,242,29063214161986986067637023528620257232321357468243916695175073145996989031241146647825183302277227705597018408555209,0.7924812503605781,1.0,1.0,0.7924812503605781,0.7924812503605781,0.0,0.0,1,stabilizer matrix,Semi-Perfect Quantum Code,0.9917355371900827,0.0,0.75,True,True,0.0,0.0
2,243,233,3,3,3,"[[243,233,3]]_2",10,"{176: 2, 180: 2, 184: 6}",181.6,184,30048789487158057098771764570656269355172217856966565068178758421823944115559909634957794354311091052782723010824234324647822684613929616194037741,0.9943762975965674,0.7473251028806585,0.757201646090535,0.9999862690679766,0.9998995857655525,0.005523288168985063,0.005609971471409181,1,stabilizer matrix,Semi-Perfect Quantum Code,0.9588477366255144,8.668330242411759e-05,0.75,True,False,0.009876543209876567,8.668330242411759e-05
2,244,234,3,3,3,"[[244,234,3]]_2",10,"{178: 2, 180: 4, 182: 2, 184: 2}",180.8,184,170234951814048889253456744764724245351399678950952636756759784282508502728660772574649240508461011487258330604067013152669906430044791288537408539,0.9954283383773245,0.740983606557377,0.7540983606557377,0.9998448482762027,0.9999675714078597,0.004539233030535272,0.004416509898878207,1,stabilizer matrix,Semi-Perfect Quantum Code,0.9590163934426229,-0.0001227231316570654,0.75,True,False,0.013114754098360609,-0.0001227231316570654
2,244,242,2,2,2,"[[244,242,2]]_2",2,{244: 2},244.0,244,261568927457882874608733211757582315090892217214195250256575658313972901281170319830426649720495049350373165676996881,0.792481250360578,1.0,1.0,0.7924812503605781,0.7924812503605781,1.1102230246251565e-16,1.1102230246251565e-16,1,stabilizer matrix,Semi-Perfect Quantum Code,0.9918032786885246,0.0,0.75,True,True,0.0,0.0
2,245,235,3,3,3,"[[245,235,3]]_2",10,"{176: 4, 178: 2, 180: 2, 186: 2}",179.2,186,562410766103066005623808228484836125689436038207823705941520780511298868697514174031764658275714056986859545805350314879016715887535348203134104284,0.9948839307457491,0.7314285714285714,0.7591836734693878,0.9993470532403331,0.9998364110435151,0.00495248029776596,0.0044631224945840264,1,stabilizer matrix,Semi-Perfect Quantum Code,0.9591836734693877,-0.0004893578031819334,0.75,True,False,0.02775510204081637,-0.0004893578031819334
2,246,236,3,3,3,"[[246,236,3]]_2",10,"{182: 4, 184: 2, 186: 4}",184.0,186,2176074722447985981177939825213987078896945277709955498938345955728273472388097411911071291859101671764781075615368053512136232377294000273693178309,0.9948072317996032,0.7479674796747967,0.7560975609756098,0.9999920676578641,0.999928087083299,0.00512085528369588,0.0051848358582609055,1,stabilizer matrix,Semi-Perfect Quantum Code,0.959349593495935,6.39805745650257e-05,0.75,True,False,0.008130081300813009,6.39805745650257e-05
2,246,244,2,2,2,"[[246,244,2]]_2",2,{246: 2},246.0,246,2354120347120945871478598905818240835818029954927757252309180924825756111530532878473839847484455444153358491092971929,0.792481250360578,1.0,1.0,0.7924812503605781,0.7924812503605781,1.1102230246251565e-16,1.1102230246251565e-16,1,stabilizer matrix,Semi-Perfect Quantum Code,0.991869918699187,0.0,0.75,True,True,0.0,0.0
2,247,237,3,3,3,"[[247,237,3]]_2",10,"{176: 2, 182: 2, 184: 4, 186: 2}",182.4,186,9713038753338726148542924160666662411166126326478347237305092944668859418109910627308479803409147521824993249933514631056691386500169366259525615356,0.9951484871785025,0.7384615384615385,0.7530364372469636,0.9997464580430291,0.9999822163524708,0.004833729173968293,0.004597970864526624,1,stabilizer matrix,Semi-Perfect Quantum Code,0.9595141700404858,-0.0002357583094416693,0.75,True,False,0.014574898785425078,-0.0002357583094416693
2,248,238,3,3,3,"[[248,238,3]]_2",10,"{184: 8, 186: 2}",184.4,186,23284835055243412502183008631100663657441557726410615796636134156351841581300528189323127165909161102315734041719777289792559304854371671384976548837,0.9936789288423046,0.7435483870967742,0.75,0.999920386027696,1.0,0.006321071157695424,0.006241457185391375,1,stabilizer matrix,Semi-Perfect Quantum Code,0.9596774193548387,-7.961397230404899e-05,0.75,False,False,0.006451612903225784,-7.961397230404899e-05
2,248,246,2,2,2,"[[248,246,2]]_2",2,{248: 2},248.0,248,21187083124088512843307390152364167522362269594349815270782628323431805003774795906264558627360098997380226419836747361,0.792481250360578,1.0,1.0,0.7924812503605781,0.7924812503605781,1.1102230246251565e-16,1.1102230246251565e-16,1,stabilizer matrix,Semi-Perfect Quantum Code,0.9919354838709677,0.0,0.75,True,True,0.0,0.0
2,249,239,3,3,3,"[[249,239,3]]_2",10,"{182: 2, 184: 4, 188: 2, 192: 2}",186.0,192,163769680142471472924887882470021162127331463172197068163463336986330386777464758923608023743763337241424201252529684595795234694384723690712348467488,0.9953392659104805,0.7469879518072289,0.7710843373493976,0.999982594723893,0.999128012605546,0.003788746695065459,0.004643328813412451,1,stabilizer matrix,Semi-Perfect Quantum Code,0.9598393574297188,0.0008545821183469915,0.75,True,False,0.024096385542168676,0.0008545821183469915
2,250,240,3,3,3,"[[250,240,3]]_2",10,"{180: 2, 186: 4, 188: 4}",185.6,188,477323001770938647339770291627041720011491316208895658704704249282225868958061384058055734575036775642150383858852120707073335590130009071111590194675,0.9944445039969466,0.7424,0.752,0.9998896307499004,0.9999922918834341,0.005547787886487465,0.005445126752953833,1,stabilizer matrix,Semi-Perfect Quantum Code,0.96,-0.00010266113353363249,0.75,True,False,0.009600000000000023,-0.00010266113353363249
2,250,248,2,2,2,"[[250,248,2]]_2",2,{250: 2},250.0,250,190683748116796615589766511371277507701260426349148337437043654910886245033973163156381027646240890976422037778530726249,0.7924812503605781,1.0,1.0,0.7924812503605781,0.7924812503605781,0.0,0.0,1,stabilizer matrix,Semi-Perfect Quantum Code,0.992,0.0,0.75,True,True,0.0,0.0
2,251,241,3,3,3,"[[251,241,3]]_2",10,"{182: 2, 184: 2, 186: 2, 188: 4}",185.6,188,2578688188745122941795241482640870518676090549583161975601604864761336295279511594534133503551435123402370326298601730766772079743267239773204759352650,0.9953303816099105,0.7394422310756972,0.749003984063745,0.999787547627423,0.9999980933891047,0.004667711779194228,0.004457166017512448,1,stabilizer matrix,Semi-Perfect Quantum Code,0.9601593625498008,-0.00021054576168177963,0.75,False,False,0.00956175298804783,-0.00021054576168177963
2,252,242,3,3,3,"[[252,242,3]]_2",10,"{180: 2, 190: 6, 192: 2}",188.4,192,7088073463356809277981185369874201588943403833426447022925715582817087863800886980405935139099624758889398645125237111951452940149578813707079877856800,0.99427501545573,0.7476190476190476,0.7619047619047619,0.9999891182268388,0.9997244146537061,0.005449399197976046,0.005714102771108731,1,stabilizer matrix,Semi-Perfect Quantum Code,0.9603174603174603,0.0002647035731326852,0.75,True,False,0.014285714285714263,0.0002647035731326852
2,252,250,2,2,2,"[[252,250,2]]_2",2,{252: 2},252.0,252,1716153733051169540307898602341497569311343837142335036933392894197976205305758468407429248816168018787798340006776536241,0.792481250360578,1.0,1.0,0.7924812503605781,0.7924812503605781,1.1102230246251565e-16,1.1102230246251565e-16,1,stabilizer matrix,Semi-Perfect Quantum Code,0.9920634920634921,0.0,0.75,True,True,0.0,0.0
2,253,243,3,3,3,"[[253,243,3]]_2",10,"{184: 2, 186: 2, 188: 4, 194: 2}",188.0,194,40500259405924574180133669425316123113858062832028752801100387058334970357297186028152426267396556451761987453743718283238052852037478343518490050082800,0.9953143744595715,0.7430830039525692,0.766798418972332,0.9999085228675741,0.9994487514642557,0.00413437700468422,0.004594148408002652,1,stabilizer matrix,Semi-Perfect Quantum Code,0.9604743083003953,0.0004597714033184319,0.75,True,False,0.023715415019762844,0.0004597714033184319
2,254,244,3,3,3,"[[254,244,3]]_2",10,"{188: 2, 190: 4, 194: 4}",191.2,194,136168686865120260660577891496597596788552331854902358020560109393547584760887743255118933079190991948200798457584635320117451927848902624038074166648825,0.9948394988277743,0.7527559055118109,0.7637795275590551,0.999985354258055,0.9996301347622452,0.004790635934470822,0.005145855430280677,1,stabilizer matrix,Semi-Perfect Quantum Code,0.9606299212598425,0.00035521949580985535,0.75,True,False,0.01102362204724414,0.00035521949580985535
2,254,252,2,2,2,"[[254,252,2]]_2",2,{254: 2},254.0,254,15445383597460525862771087421073478123802094534281015332400536047781785847751826215666863239345512169090185060060988826169,0.7924812503605783,1.0,1.0,0.7924812503605781,0.7924812503605781,-1.1102230246251565e-16,-1.1102230246251565e-16,1,stabilizer matrix,Semi-Perfect Quantum Code,0.9921259842519685,0.0,0.75,True,True,0.0,0.0
2,255,245,3,3,3,"[[255,245,3]]_2",10,"{190: 2, 192: 6, 198: 2}",192.8,198,504673105870116944080040030313645991493267527412549337931965360984917386694707801241041674071166612741571022193171812319945074430933995578828874277556425,0.9946439600589393,0.756078431372549,0.7764705882352941,0.9999285388373824,0.9986183528600877,0.003974392801148419,0.0052845787784431275,1,stabilizer matrix,Semi-Perfect Quantum Code,0.9607843137254902,0.0013101859772947089,0.75,True,False,0.020392156862745054,0.0013101859772947089
2,256,246,3,3,3,"[[256,246,3]]_2",10,"{188: 2, 190: 2, 192: 2, 194: 4}",191.6,194,2891730949992812363376180990675244297379412079980608517671917233336266217521746455963393222704053401422339544400347486316135001587629854925161336277774300,0.9956776012622595,0.7484375,0.7578125,0.9999953102259861,0.9998817627179987,0.004204161455739208,0.00431770896372663,1,stabilizer matrix,Semi-Perfect Quantum Code,0.9609375,0.00011354750798742153,0.75,True,False,0.009375000000000022,0.00011354750798742153
2,256,254,2,2,2,"[[256,254,2]]_2",2,{256: 2},256.0,256,139008452377144732764939786789661303114218850808529137991604824430036072629766435941001769154109609521811665540548899435521,0.7924812503605781,1.0,1.0,0.7924812503605781,0.7924812503605781,0.0,0.0,1,stabilizer matrix,Semi-Perfect Quantum Code,0.9921875,0.0,0.75,True,True,0.0,0.0
3,2,0,2,2,2,"[[2,0,2]]_3",2,{2: 2},2.0,2,64,0.946394630357186,1.0,1.0,0.946394630357186,0.946394630357186,0.0,0.0,1,stabilizer matrix,Semi-Perfect Quantum Code,0.0,0.0,0.8888888888888888,True,True,0.0,0.0
3,3,1,2,2,2,"[[3,1,2]]_3",2,{3: 2},3.0,3,512,0.9463946303571861,1.0,1.0,0.946394630357186,0.946394630357186,-1.1102230246251565e-16,-1.1102230246251565e-16,1,stabilizer matrix,Semi-Perfect Quantum Code,0.3333333333333333,0.0,0.8888888888888888,True,True,0.0,0.0
3,4,0,3,3,3,"[[4,0,3]]_3",4,{3: 4},3.0,3,2048,0.867528411160754,0.75,0.75,0.965725726339347,0.965725726339347,0.09819731517859298,0.09819731517859298,1,stabilizer matrix,Semi-Perfect Quantum Code,0.0,0.0,0.8888888888888888,False,True,0.0,0.0
3,4,2,2,2,2,"[[4,2,2]]_3",2,{4: 2},4.0,4,4096,0.946394630357186,1.0,1.0,0.946394630357186,0.946394630357186,0.0,0.0,1,stabilizer matrix,Semi-Perfect Quantum Code,0.5,0.0,0.8888888888888888,True,True,0.0,0.0
3,5,1,3,3,3,"[[5,1,3]]_3",4,{4: 4},4.0,4,20480,0.9036130563575415,0.8,0.8,0.9848586617875464,0.9848586617875464,0.08124560543000492,0.08124560543000492,1,stabilizer matrix,Semi-Perfect Quantum Code,0.2,0.0,0.8888888888888888,False,True,0.0,0.0
3,5,3,2,2,2,"[[5,3,2]]_3",2,{5: 2},5.0,5,32768,0.946394630357186,1.0,1.0,0.946394630357186,0.946394630357186,0.0,0.0,1,stabilizer matrix,Semi-Perfect Quantum Code,0.6,0.0,0.8888888888888888,True,True,0.0,0.0
3,6,0,4,4,4,"[[6,0,4]]_3",6,{4: 6},4.0,4,61440,0.8363442136312846,0.6666666666666666,0.6666666666666666,0.9206198357143048,0.9206198357143048,0.0842756220830202,0.0842756220830202,1,stabilizer matrix,Semi-Perfect Quantum Code,0.0,0.0,0.8888888888888888,False,True,0.0,0.0
3,6,2,3,3,3,"[[6,2,3]]_3",4,{5: 4},5.0,5,196608,0.9245730047619433,0.8333333333333334,0.8333333333333334,0.9937214351175806,0.9937214351175806,0.06914843035563734,0.06914843035563734,1,stabilizer matrix,Semi-Perfect Quantum Code,0.3333333333333333,0.0,0.8888888888888888,False,True,0.0,0.0
3,6,4,2,2,2,"[[6,4,2]]_3",2,{6: 2},6.0,6,262144,0.9463946303571861,1.0,1.0,0.946394630357186,0.946394630357186,-1.1102230246251565e-16,-1.1102230246251565e-16,1,stabilizer matrix,Semi-Perfect Quantum Code,0.6666666666666666,0.0,0.8888888888888888,True,True,0.0,0.0
3,7,3,3,3,3,"[[7,3,3]]_3",4,{6: 4},6.0,6,1835008,0.937712808103404,0.8571428571428571,0.8571428571428571,0.9978473776419601,0.9978473776419601,0.060134569538556115,0.060134569538556115,1,stabilizer matrix,Semi-Perfect Quantum Code,0.42857142857142855,0.0,0.8888888888888888,False,True,0.0,0.0
3,7,5,2,2,2,"[[7,5,2]]_3",2,{7: 2},7.0,7,2097152,0.9463946303571861,1.0,1.0,0.946394630357186,0.946394630357186,-1.1102230246251565e-16,-1.1102230246251565e-16,1,stabilizer matrix,Semi-Perfect Quantum Code,0.7142857142857143,0.0,0.8888888888888888,True,True,0.0,0.0
3,8,2,4,4,4,"[[8,2,4]]_3",6,{6: 6},6.0,6,7340032,0.8993649262869107,0.75,0.75,0.965725726339347,0.965725726339347,0.06636080005243628,0.06636080005243628,1,stabilizer matrix,Semi-Perfect Quantum Code,0.25,0.0,0.8888888888888888,False,True,0.0,0.0
3,8,4,3,3,3,"[[8,4,3]]_3",4,{7: 4},7.0,7,16777216,0.946394630357186,0.875,0.875,0.9995707916616016,0.9995707916616016,0.0531761613044156,0.0531761613044156,1,stabilizer matrix,Semi-Perfect Quantum Code,0.5,0.0,0.8888888888888888,False,True,0.0,0.0
3,8,6,2,2,2,"[[8,6,2]]_3",2,{8: 2},8.0,8,16777216,0.946394630357186,1.0,1.0,0.946394630357186,0.946394630357186,0.0,0.0,1,stabilizer matrix,Semi-Perfect Quantum Code,0.75,0.0,0.8888888888888888,True,True,0.0,0.0
3,9,1,5,5,5,"[[9,1,5]]_3",8,{6: 8},6.0,6,22020096,0.8549910455883651,0.6666666666666666,0.6666666666666666,0.9206198357143048,0.9206198357143048,0.0656287901259397,0.0656287901259397,1,stabilizer matrix,Semi-Perfect Quantum Code,0.1111111111111111,0.0,0.8888888888888888,False,True,0.0,0.0
3,9,5,3,3,3,"[[9,5,3]]_3",4,{8: 4},8.0,8,150994944,0.952350782539721,0.8888888888888888,0.8888888888888888,0.9999999999999998,0.9999999999999998,0.047649217460278726,0.047649217460278726,1,stabilizer matrix,Semi-Perfect Quantum Code,0.5555555555555556,0.0,0.8888888888888888,False,True,0.0,0.0
3,9,7,2,2,2,"[[9,7,2]]_3",2,{9: 2},9.0,9,134217728,0.9463946303571862,1.0,1.0,0.946394630357186,0.946394630357186,-2.220446049250313e-16,-2.220446049250313e-16,1,stabilizer matrix,Semi-Perfect Quantum Code,0.7777777777777778,0.0,0.8888888888888888,True,True,0.0,0.0
3,10,0,6,6,6,"[[10,0,6]]_3",10,{6: 10},6.0,6,55050240,0.8111941293868519,0.6,0.6,0.8741375878589837,0.8741375878589837,0.06294345847213179,0.06294345847213179,1,stabilizer matrix,Semi-Perfect Quantum Code,0.0,0.0,0.8888888888888888,False,True,0.0,0.0
3,10,4,4,4,4,"[[10,4,4]]_3",6,{8: 6},8.0,8,754974720,0.9303643803216451,0.8,0.8,0.9848586617875464,0.9848586617875464,0.054494281465901295,0.054494281465901295,1,stabilizer matrix,Semi-Perfect Quantum Code,0.4,0.0,0.8888888888888888,False,True,0.0,0.0
3,10,6,3,3,3,"[[10,6,3]]_3",4,{9: 4},9.0,9,1342177280,0.9565503310359368,0.9,0.9,0.9997068044661597,0.9997068044661597,0.043156473430222886,0.043156473430222886,1,stabilizer matrix,Semi-Perfect Quantum Code,0.6,0.0,0.8888888888888888,True,True,0.0,0.0
3,10,8,2,2,2,"[[10,8,2]]_3",2,{10: 2},10.0,10,1073741824,0.946394630357186,1.0,1.0,0.946394630357186,0.946394630357186,0.0,0.0,1,stabilizer matrix,Semi-Perfect Quantum Code,0.8,0.0,0.8888888888888888,True,True,0.0,0.0
3,11,9,2,2,2,"[[11,9,2]]_3",2,{11: 2},11.0,11,8589934592,0.9463946303571862,1.0,1.0,0.946394630357186,0.946394630357186,-2.220446049250313e-16,-2.220446049250313e-16,1,stabilizer matrix,Semi-Perfect Quantum Code,0.8181818181818182,0.0,0.8888888888888888,True,True,0.0,0.0
3,12,7,3,3,3,"[[12,7,3]]_3",5,"{10: 4, 11: 1}",10.2,11,173946175488,0.9816175983631324,0.85,0.9166666666666666,0.9968186323899386,0.9980730928536479,0.01645549449051542,0.01520103402680617,1,stabilizer matrix,Semi-Perfect Quantum Code,0.5833333333333334,-0.0012544604637092505,0.8888888888888888,True,False,0.06666666666666672,-0.0012544604637092505
3,12,10,2,2,2,"[[12,10,2]]_3",2,{12: 2},12.0,12,68719476736,0.9463946303571861,1.0,1.0,0.946394630357186,0.946394630357186,-1.1102230246251565e-16,-1.1102230246251565e-16,1,stabilizer matrix,Semi-Perfect Quantum Code,0.8333333333333334,0.0,0.8888888888888888,True,True,0.0,0.0
3,13,6,4,4,4,"[[13,6,4]]_3",7,"{9: 1, 10: 3, 11: 3}",10.285714285714286,11,1073070735360,0.9698089751015394,0.7912087912087913,0.8461538461538461,0.9819766050551231,0.9961887841836908,0.02637980908215143,0.01216762995358367,1,stabilizer matrix,Semi-Perfect Quantum Code,0.46153846153846156,-0.014212179128567759,0.8888888888888888,False,False,0.05494505494505489,-0.014212179128567759
3,13,8,3,3,3,"[[13,8,3]]_3",5,"{10: 3, 12: 2}",10.8,12,1200443359232,0.9737358371032943,0.8307692307692308,0.9230769230769231,0.9931622251771435,0.9970186460001458,0.023282808896851526,0.01942638807384922,1,stabilizer matrix,Semi-Perfect Quantum Code,0.6153846153846154,-0.0038564208230023045,0.8888888888888888,True,False,0.09230769230769226,-0.0038564208230023045
3,13,11,2,2,2,"[[13,11,2]]_3",2,{13: 2},13.0,13,549755813888,0.9463946303571861,1.0,1.0,0.946394630357186,0.946394630357186,-1.1102230246251565e-16,-1.1102230246251565e-16,1,stabilizer matrix,Semi-Perfect Quantum Code,0.8461538461538461,0.0,0.8888888888888888,True,True,0.0,0.0
3,14,9,3,3,3,"[[14,9,3]]_3",5,"{10: 1, 11: 1, 12: 3}",11.4,12,10455024140288,0.9745444992935046,0.8142857142857143,0.8571428571428571,0.9890696555148998,0.9978473776419601,0.023302878348455458,0.014525156221395163,1,stabilizer matrix,Semi-Perfect Quantum Code,0.6428571428571429,-0.008777722127060295,0.8888888888888888,False,False,0.04285714285714283,-0.008777722127060295
3,14,12,2,2,2,"[[14,12,2]]_3",2,{14: 2},14.0,14,4398046511104,0.9463946303571861,1.0,1.0,0.946394630357186,0.946394630357186,-1.1102230246251565e-16,-1.1102230246251565e-16,1,stabilizer matrix,Semi-Perfect Quantum Code,0.8571428571428571,0.0,0.8888888888888888,True,True,0.0,0.0
3,15,10,3,3,3,"[[15,10,3]]_3",5,"{13: 4, 14: 1}",13.2,14,123695058124800,0.9845402476907565,0.88,0.9333333333333333,0.9998220348573886,0.9947741140836599,0.010233866392903357,0.015281787166632088,1,stabilizer matrix,Semi-Perfect Quantum Code,0.6666666666666666,0.005047920773728731,0.8888888888888888,True,False,0.05333333333333338,0.005047920773728731
3,15,13,2,2,2,"[[15,13,2]]_3",2,{15: 2},15.0,15,35184372088832,0.9463946303571861,1.0,1.0,0.946394630357186,0.946394630357186,-1.1102230246251565e-16,-1.1102230246251565e-16,1,stabilizer matrix,Semi-Perfect Quantum Code,0.8666666666666667,0.0,0.8888888888888888,True,True,0.0,0.0
3,16,11,3,3,3,"[[16,11,3]]_3",5,"{13: 2, 14: 3}",13.6,14,835628837109760,0.9773467744855303,0.85,0.875,0.9968186323899386,0.9995707916616016,0.022224017176071253,0.019471857904408307,1,stabilizer matrix,Semi-Perfect Quantum Code,0.6875,-0.002752159271662946,0.8888888888888888,False,False,0.025000000000000022,-0.002752159271662946
3,16,14,2,2,2,"[[16,14,2]]_3",2,{16: 2},16.0,16,281474976710656,0.946394630357186,1.0,1.0,0.946394630357186,0.946394630357186,0.0,0.0,1,stabilizer matrix,Semi-Perfect Quantum Code,0.875,0.0,0.8888888888888888,True,True,0.0,0.0
3,17,12,3,3,3,"[[17,12,3]]_3",5,"{13: 1, 14: 1, 15: 3}",14.4,15,9084165068685312,0.9837359358703623,0.8470588235294118,0.8823529411764706,0.9963416763335035,0.9999032143108053,0.016167278440442967,0.012605740463141113,1,stabilizer matrix,Semi-Perfect Quantum Code,0.7058823529411765,-0.003561537977301854,0.8888888888888888,False,False,0.0352941176470588,-0.003561537977301854
3,17,15,2,2,2,"[[17,15,2]]_3",2,{17: 2},17.0,17,2251799813685248,0.9463946303571861,1.0,1.0,0.946394630357186,0.946394630357186,-1.1102230246251565e-16,-1.1102230246251565e-16,1,stabilizer matrix,Semi-Perfect Quantum Code,0.8823529411764706,0.0,0.8888888888888888,True,True,0.0,0.0
3,18,13,3,3,3,"[[18,13,3]]_3",5,"{15: 4, 16: 1}",15.2,16,71776119061217280,0.9813473226475125,0.8444444444444444,0.8888888888888888,0.9958921867582806,0.9999999999999998,0.018652677352487324,0.014544864110768163,1,stabilizer matrix,Semi-Perfect Quantum Code,0.7222222222222222,-0.00410781324171916,0.8888888888888888,False,False,0.04444444444444448,-0.00410781324171916
3,18,16,2,2,2,"[[18,16,2]]_3",2,{18: 2},18.0,18,18014398509481984,0.9463946303571862,1.0,1.0,0.946394630357186,0.946394630357186,-2.220446049250313e-16,-2.220446049250313e-16,1,stabilizer matrix,Semi-Perfect Quantum Code,0.8888888888888888,0.0,0.8888888888888888,True,True,0.0,0.0
3,19,14,3,3,3,"[[19,14,3]]_3",5,"{15: 2, 16: 2, 17: 1}",15.8,17,794181646789115904,0.9872763319933949,0.8315789473684211,0.8947368421052632,0.9933411293537713,0.9999199620241821,0.012643630030787167,0.0060647973603763505,1,stabilizer matrix,Semi-Perfect Quantum Code,0.7368421052631579,-0.006578832670410817,0.8888888888888888,True,False,0.06315789473684207,-0.006578832670410817
3,19,17,2,2,2,"[[19,17,2]]_3",2,{19: 2},19.0,19,144115188075855872,0.9463946303571861,1.0,1.0,0.946394630357186,0.946394630357186,-1.1102230246251565e-16,-1.1102230246251565e-16,1,stabilizer matrix,Semi-Perfect Quantum Code,0.8947368421052632,0.0,0.8888888888888888,True,True,0.0,0.0
3,20,15,3,3,3,"[[20,15,3]]_3",5,"{16: 2, 17: 1, 18: 2}",17.0,18,7353533766565888000,0.9885587732868563,0.85,0.9,0.9968186323899386,0.9997068044661597,0.011148031179303408,0.008259859103082356,1,stabilizer matrix,Semi-Perfect Quantum Code,0.75,-0.0028881720762210517,0.8888888888888888,True,False,0.05,-0.0028881720762210517
3,20,18,2,2,2,"[[20,18,2]]_3",2,{20: 2},20.0,20,1152921504606846976,0.946394630357186,1.0,1.0,0.946394630357186,0.946394630357186,0.0,0.0,1,stabilizer matrix,Semi-Perfect Quantum Code,0.9,0.0,0.8888888888888888,True,True,0.0,0.0
3,21,16,3,3,3,"[[21,16,3]]_3",5,"{17: 1, 18: 3, 19: 1}",18.0,19,67700361398446981120,0.9895952519247678,0.8571428571428571,0.9047619047619048,0.9978473776419601,0.9993933774556878,0.009798125530919966,0.008252125717192249,1,stabilizer matrix,Semi-Perfect Quantum Code,0.7619047619047619,-0.0015459998137277164,0.8888888888888888,True,False,0.047619047619047616,-0.0015459998137277164
3,21,19,2,2,2,"[[21,19,2]]_3",2,{21: 2},21.0,21,9223372036854775808,0.9463946303571861,1.0,1.0,0.946394630357186,0.946394630357186,-1.1102230246251565e-16,-1.1102230246251565e-16,1,stabilizer matrix,Semi-Perfect Quantum Code,0.9047619047619048,0.0,0.8888888888888888,True,True,0.0,0.0
3,22,17,3,3,3,"[[22,17,3]]_3",5,"{18: 2, 19: 1, 20: 2}",19.0,20,620037582297860407296,0.9904294771879607,0.8636363636363636,0.9090909090909091,0.9986181967417054,0.9990046176970633,0.008575140509102575,0.008188719553744672,1,stabilizer matrix,Semi-Perfect Quantum Code,0.7727272727272727,-0.00038642095535790233,0.8888888888888888,True,False,0.045454545454545456,-0.00038642095535790233
3,22,20,2,2,2,"[[22,20,2]]_3",2,{22: 2},22.0,22,73786976294838206464,0.9463946303571862,1.0,1.0,0.946394630357186,0.946394630357186,-2.220446049250313e-16,-2.220446049250313e-16,1,stabilizer matrix,Semi-Perfect Quantum Code,0.9090909090909091,0.0,0.8888888888888888,True,True,0.0,0.0
3,23,18,3,3,3,"[[23,18,3]]_3",5,"{19: 1, 20: 3, 21: 1}",20.0,21,5651477100394688020480,0.9910962500085309,0.8695652173913043,0.9130434782608695,0.9991797989494964,0.9985596158712013,0.00746336586267049,0.008083548940965524,1,stabilizer matrix,Semi-Perfect Quantum Code,0.782608695652174,0.0006201830782950335,0.8888888888888888,True,False,0.043478260869565216,0.0006201830782950335
3,23,21,2,2,2,"[[23,21,2]]_3",2,{23: 2},23.0,23,590295810358705651712,0.9463946303571861,1.0,1.0,0.946394630357186,0.946394630357186,-1.1102230246251565e-16,-1.1102230246251565e-16,1,stabilizer matrix,Semi-Perfect Quantum Code,0.9130434782608695,0.0,0.8888888888888888,True,True,0.0,0.0
3,24,19,3,3,3,"[[24,19,3]]_3",5,"{20: 2, 21: 2, 22: 1}",20.8,22,51284254367921767186432,0.991623540004999,0.8666666666666667,0.9166666666666666,0.9989225313255509,0.9980730928536479,0.0064495528486488984,0.007298991320551895,1,stabilizer matrix,Semi-Perfect Quantum Code,0.7916666666666666,0.0008494384719029968,0.8888888888888888,True,False,0.04999999999999997,0.0008494384719029968
3,24,22,2,2,2,"[[24,22,2]]_3",2,{24: 2},24.0,24,4722366482869645213696,0.9463946303571861,1.0,1.0,0.946394630357186,0.946394630357186,-1.1102230246251565e-16,-1.1102230246251565e-16,1,stabilizer matrix,Semi-Perfect Quantum Code,0.9166666666666666,0.0,0.8888888888888888,True,True,0.0,0.0
3,25,20,3,3,3,"[[25,20,3]]_3",5,"{21: 2, 22: 2, 23: 1}",21.8,23,463474444851952484352000,0.9920340189761012,0.872,0.92,0.9993698753173035,0.9975564686115553,0.005522449635454119,0.007335856341202263,1,stabilizer matrix,Semi-Perfect Quantum Code,0.8,0.001813406705748144,0.8888888888888888,True,False,0.04799999999999997,0.001813406705748144
3,25,23,2,2,2,"[[25,23,2]]_3",2,{25: 2},25.0,25,37778931862957161709568,0.9463946303571861,1.0,1.0,0.946394630357186,0.946394630357186,-1.1102230246251565e-16,-1.1102230246251565e-16,1,stabilizer matrix,Semi-Perfect Quantum Code,0.92,0.0,0.8888888888888888,True,True,0.0,0.0
3,26,21,3,3,3,"[[26,21,3]]_3",5,"{22: 1, 23: 2, 24: 2}",23.2,24,4172653509473100575539200,0.9923462077366721,0.8923076923076922,0.9230769230769231,0.9999728243087496,0.9970186460001458,0.004672438263473633,0.007626616572077416,1,stabilizer matrix,Semi-Perfect Quantum Code,0.8076923076923077,0.002954178308603783,0.8888888888888888,True,False,0.030769230769230795,0.002954178308603783
3,26,24,2,2,2,"[[26,24,2]]_3",2,{26: 2},26.0,26,302231454903657293676544,0.9463946303571861,1.0,1.0,0.946394630357186,0.946394630357186,-1.1102230246251565e-16,-1.1102230246251565e-16,1,stabilizer matrix,Semi-Perfect Quantum Code,0.9230769230769231,0.0,0.8888888888888888,True,True,0.0,0.0
3,27,22,3,3,3,"[[27,22,3]]_3",5,"{23: 1, 24: 4}",23.8,24,24172613434188996437606400,0.985203538149483,0.8814814814814815,0.8888888888888888,0.9998759558770466,0.9999999999999998,0.014796461850516751,0.014672417727563558,1,stabilizer matrix,Semi-Perfect Quantum Code,0.8148148148148148,-0.000124044122953193,0.8888888888888888,False,False,0.007407407407407381,-0.000124044122953193
3,27,25,2,2,2,"[[27,25,2]]_3",2,{27: 2},27.0,27,2417851639229258349412352,0.9463946303571861,1.0,1.0,0.946394630357186,0.946394630357186,-1.1102230246251565e-16,-1.1102230246251565e-16,1,stabilizer matrix,Semi-Perfect Quantum Code,0.9259259259259259,0.0,0.8888888888888888,True,True,0.0,0.0
3,28,23,3,3,3,"[[28,23,3]]_3",5,{25: 5},25.0,25,123763780783047661760544768,0.9765634338149363,0.8928571428571429,0.8928571428571429,0.999963333187221,0.999963333187221,0.023399899372284705,0.023399899372284705,1,stabilizer matrix,Semi-Perfect Quantum Code,0.8214285714285714,0.0,0.8888888888888888,True,True,0.0,0.0
3,28,26,2,2,2,"[[28,26,2]]_3",2,{28: 2},28.0,28,19342813113834066795298816,0.9463946303571861,1.0,1.0,0.946394630357186,0.946394630357186,-1.1102230246251565e-16,-1.1102230246251565e-16,1,stabilizer matrix,Semi-Perfect Quantum Code,0.9285714285714286,0.0,0.8888888888888888,True,True,0.0,0.0
3,29,27,2,2,2,"[[29,27,2]]_3",2,{29: 2},29.0,29,154742504910672534362390528,0.9463946303571861,1.0,1.0,0.946394630357186,0.946394630357186,-1.1102230246251565e-16,-1.1102230246251565e-16,1,stabilizer matrix,Semi-Perfect Quantum Code,0.9310344827586207,0.0,0.8888888888888888,True,True,0.0,0.0
3,30,28,2,2,2,"[[30,28,2]]_3",2,{30: 2},30.0,30,1237940039285380274899124224,0.9463946303571861,1.0,1.0,0.946394630357186,0.946394630357186,-1.1102230246251565e-16,-1.1102230246251565e-16,1,stabilizer matrix,Semi-Perfect Quantum Code,0.9333333333333333,0.0,0.8888888888888888,True,True,0.0,0.0
3,31,25,3,3,3,"[[31,25,3]]_3",6,"{25: 2, 26: 2, 27: 2}",26.0,27,155246060293473890370817359872,0.9867992843526318,0.8387096774193549,0.8709677419354839,0.9948237040451773,0.999292219123933,0.0124929347713012,0.008024419692545526,1,stabilizer matrix,Semi-Perfect Quantum Code,0.8064516129032258,-0.004468515078755675,0.8888888888888888,False,False,0.03225806451612903,-0.004468515078755675
3,31,29,2,2,2,"[[31,29,2]]_3",2,{31: 2},31.0,31,9903520314283042199192993792,0.9463946303571861,1.0,1.0,0.946394630357186,0.946394630357186,-1.1102230246251565e-16,-1.1102230246251565e-16,1,stabilizer matrix,Semi-Perfect Quantum Code,0.9354838709677419,0.0,0.8888888888888888,True,True,0.0,0.0
3,32,24,4,4,4,"[[32,24,4]]_3",8,"{25: 2, 27: 6}",26.5,27,614055736185956669854381506560,0.9755187851230007,0.828125,0.84375,0.9925632507646012,0.9957687969864312,0.02025001186343045,0.017044465641600448,1,stabilizer matrix,Semi-Perfect Quantum Code,0.75,-0.0032055462218300024,0.8888888888888888,False,False,0.015625,-0.0032055462218300024
3,32,26,3,3,3,"[[32,26,3]]_3",6,"{26: 2, 27: 2, 28: 2}",27.0,28,1456344577856959181601541980160,0.9878013137659862,0.84375,0.875,0.9957687969864312,0.9995707916616016,0.011769477895615332,0.007967483220444938,1,stabilizer matrix,Semi-Perfect Quantum Code,0.8125,-0.003801994675170395,0.8888888888888888,False,False,0.03125,-0.003801994675170395
3,32,30,2,2,2,"[[32,30,2]]_3",2,{32: 2},32.0,32,79228162514264337593543950336,0.946394630357186,1.0,1.0,0.946394630357186,0.946394630357186,0.0,0.0,1,stabilizer matrix,Semi-Perfect Quantum Code,0.9375,0.0,0.8888888888888888,True,True,0.0,0.0
3,33,25,4,4,4,"[[33,25,4]]_3",8,"{26: 2, 27: 4, 28: 2}",27.0,28,8559828280001052622607272116224,0.9822947694696189,0.8181818181818182,0.8484848484848485,0.9901129801987251,0.9965767529567862,0.014281983487167249,0.007818210729106156,1,stabilizer matrix,Semi-Perfect Quantum Code,0.7575757575757576,-0.006463772758061093,0.8888888888888888,False,False,0.030303030303030304,-0.006463772758061093
3,33,27,3,3,3,"[[33,27,3]]_3",6,"{26: 2, 27: 2, 29: 2}",27.333333333333332,29,10301145687760850651787252727808,0.984848611003028,0.8282828282828283,0.8787878787878788,0.9925996323438824,0.9997708772150373,0.014922266212009316,0.007751021340854369,1,stabilizer matrix,Semi-Perfect Quantum Code,0.8181818181818182,-0.007171244871154947,0.8888888888888888,False,False,0.05050505050505054,-0.007171244871154947
3,33,31,2,2,2,"[[33,31,2]]_3",2,{33: 2},33.0,33,633825300114114700748351602688,0.9463946303571862,1.0,1.0,0.946394630357186,0.946394630357186,-2.220446049250313e-16,-2.220446049250313e-16,1,stabilizer matrix,Semi-Perfect Quantum Code,0.9393939393939394,0.0,0.8888888888888888,True,True,0.0,0.0
3,34,26,4,4,4,"[[34,26,4]]_3",8,"{27: 2, 28: 2, 29: 4}",28.25,29,82079370538495934375438177009664,0.9836639348984507,0.8308823529411765,0.8529411764705882,0.9931873468731178,0.9972647081599224,0.013600773261471688,0.009523411974667106,1,stabilizer matrix,Semi-Perfect Quantum Code,0.7647058823529411,-0.004077361286804582,0.8888888888888888,False,False,0.022058823529411766,-0.004077361286804582
3,34,28,3,3,3,"[[34,28,3]]_3",6,"{28: 4, 30: 2}",28.666666666666668,30,83424933989946687397986343845888,0.9838815961329048,0.8431372549019608,0.8823529411764706,0.995658540910722,0.9999032143108053,0.016021618177900487,0.011776944777817211,1,stabilizer matrix,Semi-Perfect Quantum Code,0.8235294117647058,-0.004244673400083276,0.8888888888888888,False,False,0.03921568627450977,-0.004244673400083276
3,34,32,2,2,2,"[[34,32,2]]_3",2,{34: 2},34.0,34,5070602400912917605986812821504,0.9463946303571861,1.0,1.0,0.946394630357186,0.946394630357186,-1.1102230246251565e-16,-1.1102230246251565e-16,1,stabilizer matrix,Semi-Perfect Quantum Code,0.9411764705882353,0.0,0.8888888888888888,True,True,0.0,0.0
3,35,27,4,4,4,"[[35,27,4]]_3",8,"{28: 4, 30: 4}",29.0,30,531946084473531028247375289253888,0.9798607584483746,0.8285714285714286,0.8571428571428571,0.992665952483658,0.9978473776419601,0.017986619193585462,0.012805194035283352,1,stabilizer matrix,Semi-Perfect Quantum Code,0.7714285714285715,-0.005181425158302111,0.8888888888888888,False,False,0.02857142857142857,-0.005181425158302111
3,35,29,3,3,3,"[[35,29,3]]_3",6,"{28: 4, 31: 2}",29.0,31,648619457296099548396067949117440,0.9824393888474714,0.8285714285714286,0.8857142857142857,0.992665952483658,0.9999769703483378,0.017537581500866373,0.01022656363618657,1,stabilizer matrix,Semi-Perfect Quantum Code,0.8285714285714286,-0.007311017864679803,0.8888888888888888,False,False,0.05714285714285714,-0.007311017864679803
3,35,33,2,2,2,"[[35,33,2]]_3",2,{35: 2},35.0,35,40564819207303340847894502572032,0.9463946303571861,1.0,1.0,0.946394630357186,0.946394630357186,-1.1102230246251565e-16,-1.1102230246251565e-16,1,stabilizer matrix,Semi-Perfect Quantum Code,0.9428571428571428,0.0,0.8888888888888888,True,True,0.0,0.0
3,36,28,4,4,4,"[[36,28,4]]_3",8,"{29: 4, 30: 2, 31: 2}",29.75,31,7436538548714664962810720248922112,0.9859877365925577,0.8263888888888888,0.8611111111111112,0.9921578091656902,0.9983374466768524,0.012349710084294752,0.006170072573132512,1,stabilizer matrix,Semi-Perfect Quantum Code,0.7777777777777778,-0.006179637511162239,0.8888888888888888,False,False,0.034722222222222224,-0.006179637511162239
3,36,30,3,3,3,"[[36,30,3]]_3",6,"{28: 2, 29: 2, 32: 2}",29.666666666666668,32,6543995927676541272402399131074560,0.9843713348516233,0.8240740740740741,0.8888888888888888,0.9916023599336103,0.9999999999999998,0.015628665148376464,0.00723102508198703,1,stabilizer matrix,Semi-Perfect Quantum Code,0.8333333333333334,-0.008397640066389433,0.8888888888888888,False,False,0.06481481481481478,-0.008397640066389433
3,36,34,2,2,2,"[[36,34,2]]_3",2,{36: 2},36.0,36,324518553658426726783156020576256,0.9463946303571862,1.0,1.0,0.946394630357186,0.946394630357186,-2.220446049250313e-16,-2.220446049250313e-16,1,stabilizer matrix,Semi-Perfect Quantum Code,0.9444444444444444,0.0,0.8888888888888888,True,True,0.0,0.0
3,37,29,4,4,4,"[[37,29,4]]_3",8,"{30: 2, 31: 4, 32: 2}",31.0,32,70304040937942002569597948472066048,0.9869716227701127,0.8378378378378378,0.8648648648648649,0.9946514963489922,0.9987458907015294,0.011774267931416671,0.007679873578879448,1,stabilizer matrix,Semi-Perfect Quantum Code,0.7837837837837838,-0.004094394352537223,0.8888888888888888,False,False,0.02702702702702703,-0.004094394352537223
3,37,31,3,3,3,"[[37,31,3]]_3",6,"{30: 4, 33: 2}",31.0,33,54606168958178238040501117872242688,0.9838634950899342,0.8378378378378378,0.8918918918918919,0.9946514963489922,0.9999790559975966,0.01611556090766242,0.010788001259057989,1,stabilizer matrix,Semi-Perfect Quantum Code,0.8378378378378378,-0.00532755964860443,0.8888888888888888,True,False,0.05405405405405406,-0.00532755964860443
3,37,35,2,2,2,"[[37,35,2]]_3",2,{37: 2},37.0,37,2596148429267413814265248164610048,0.946394630357186,1.0,1.0,0.946394630357186,0.946394630357186,0.0,0.0,1,stabilizer matrix,Semi-Perfect Quantum Code,0.9459459459459459,0.0,0.8888888888888888,True,True,0.0,0.0
3,38,30,4,4,4,"[[38,30,4]]_3",8,"{30: 2, 32: 4, 33: 2}",31.75,33,597406812515593026885598728809349120,0.9866263393784994,0.8355263157894737,0.868421052631579,0.9941826239891853,0.9990822383132332,0.012455898934733756,0.007556284610685915,1,stabilizer matrix,Semi-Perfect Quantum Code,0.7894736842105263,-0.004899614324047841,0.8888888888888888,False,False,0.03289473684210526,-0.004899614324047841
3,38,32,3,3,3,"[[38,32,3]]_3",6,"{31: 4, 34: 2}",32.0,34,499271477890839462098535163480768512,0.9844771170380988,0.8421052631578947,0.8947368421052632,0.9954699281194159,0.9999199620241821,0.015442844986083282,0.010992811081317111,1,stabilizer matrix,Semi-Perfect Quantum Code,0.8421052631578947,-0.004450033904766171,0.8888888888888888,True,False,0.05263157894736842,-0.004450033904766171
3,38,36,2,2,2,"[[38,36,2]]_3",2,{38: 2},38.0,38,20769187434139310514121985316880384,0.9463946303571861,1.0,1.0,0.946394630357186,0.946394630357186,-1.1102230246251565e-16,-1.1102230246251565e-16,1,stabilizer matrix,Semi-Perfect Quantum Code,0.9473684210526315,0.0,0.8888888888888888,True,True,0.0,0.0
3,39,31,4,4,4,"[[39,31,4]]_3",8,"{32: 4, 33: 2, 34: 2}",32.75,34,6205971204934293327242869647536553984,0.9886432107469969,0.8397435897435898,0.8717948717948718,0.9950246092388243,0.9993547886048864,0.010711577857889454,0.006381398491827395,1,stabilizer matrix,Semi-Perfect Quantum Code,0.7948717948717948,-0.004330179366062059,0.8888888888888888,False,False,0.03205128205128205,-0.004330179366062059
3,39,33,3,3,3,"[[39,33,3]]_3",6,"{31: 2, 32: 2, 35: 2}",32.666666666666664,35,5164402009006399154889717391325921280,0.9864992168438179,0.8376068376068375,0.8974358974358975,0.9946054415256516,0.9998277552576031,0.01332853841378523,0.00810622468183364,1,stabilizer matrix,Semi-Perfect Quantum Code,0.8461538461538461,-0.005222313731951589,0.8888888888888888,True,False,0.05982905982905989,-0.005222313731951589
3,39,37,2,2,2,"[[39,37,2]]_3",2,{39: 2},39.0,39,166153499473114484112975882535043072,0.9463946303571862,1.0,1.0,0.946394630357186,0.946394630357186,-2.220446049250313e-16,-2.220446049250313e-16,1,stabilizer matrix,Semi-Perfect Quantum Code,0.9487179487179487,0.0,0.8888888888888888,True,True,0.0,0.0
3,40,32,4,4,4,"[[40,32,4]]_3",8,"{32: 2, 34: 4, 35: 2}",33.75,35,52247891281863688274474183980467879936,0.988167797859616,0.84375,0.875,0.9957687969864312,0.9995707916616016,0.011402993801985617,0.007600999126815222,1,stabilizer matrix,Semi-Perfect Quantum Code,0.8,-0.003801994675170395,0.8888888888888888,False,False,0.03125,-0.003801994675170395
3,40,34,3,3,3,"[[40,34,3]]_3",6,"{32: 2, 33: 2, 36: 2}",33.666666666666664,36,47567527512327429720361722260519649280,0.9870999825866636,0.8416666666666666,0.9,0.9953886626849304,0.9997068044661597,0.012606821879496022,0.008288680098266776,1,stabilizer matrix,Semi-Perfect Quantum Code,0.85,-0.0043181417812292455,0.8888888888888888,True,False,0.05833333333333339,-0.0043181417812292455
3,40,38,2,2,2,"[[40,38,2]]_3",2,{40: 2},40.0,40,1329227995784915872903807060280344576,0.946394630357186,1.0,1.0,0.946394630357186,0.946394630357186,0.0,0.0,1,stabilizer matrix,Semi-Perfect Quantum Code,0.95,0.0,0.8888888888888888,True,True,0.0,0.0
3,41,33,4,4,4,"[[41,33,4]]_3",8,"{34: 4, 35: 4}",34.5,35,296392145247068412991121833275137458176,0.9833330654129482,0.8414634146341463,0.8536585365853658,0.9953507802367225,0.9973687654221368,0.014035700009188634,0.01201771482377434,1,stabilizer matrix,Semi-Perfect Quantum Code,0.8048780487804879,-0.002017985185414295,0.8888888888888888,False,False,0.012195121951219513,-0.002017985185414295
3,41,35,3,3,3,"[[41,35,3]]_3",6,"{33: 2, 34: 2, 38: 2}",35.0,38,395957412051607168308484712402004213760,0.9865480222313152,0.8536585365853658,0.926829268292683,0.9973687654221368,0.9962803930108128,0.009732370779497623,0.010820743190821602,1,stabilizer matrix,Semi-Perfect Quantum Code,0.8536585365853658,0.001088372411323979,0.8888888888888888,True,False,0.07317073170731707,0.001088372411323979
3,41,39,2,2,2,"[[41,39,2]]_3",2,{41: 2},41.0,41,10633823966279326983230456482242756608,0.9463946303571861,1.0,1.0,0.946394630357186,0.946394630357186,-1.1102230246251565e-16,-1.1102230246251565e-16,1,stabilizer matrix,Semi-Perfect Quantum Code,0.9512195121951219,0.0,0.8888888888888888,True,True,0.0,0.0
3,42,34,4,4,4,"[[42,34,4]]_3",8,"{34: 4, 35: 4}",34.5,35,1692855137276525358814676624667612020736,0.9788022937605976,0.8214285714285714,0.8333333333333334,0.9909469727635021,0.9937214351175806,0.014919141356983023,0.012144679002904502,1,stabilizer matrix,Semi-Perfect Quantum Code,0.8095238095238095,-0.002774462354078522,0.8888888888888888,False,False,0.011904761904761904,-0.002774462354078522
3,42,36,3,3,3,"[[42,36,3]]_3",6,"{36: 4, 40: 2}",37.333333333333336,40,2846820189892436271955082767456012337152,0.9844347903214343,0.888888888888889,0.9523809523809523,0.9999999999999998,0.9884581759395348,0.00402338561810045,0.01556520967856545,1,stabilizer matrix,Semi-Perfect Quantum Code,0.8571428571428571,0.011541824060465,0.8888888888888888,True,False,0.06349206349206343,0.011541824060465
3,42,40,2,2,2,"[[42,40,2]]_3",2,{42: 2},42.0,42,85070591730234615865843651857942052864,0.9463946303571861,1.0,1.0,0.946394630357186,0.946394630357186,-1.1102230246251565e-16,-1.1102230246251565e-16,1,stabilizer matrix,Semi-Perfect Quantum Code,0.9523809523809523,0.0,0.8888888888888888,True,True,0.0,0.0
3,43,35,4,4,4,"[[43,35,4]]_3",8,"{35: 4, 36: 4}",35.5,36,16339566981569156100792613885680654745600,0.980035610742953,0.8255813953488372,0.8372093023255814,0.9919659692718057,0.9945257664865432,0.01449015574359025,0.011930358528852714,1,stabilizer matrix,Semi-Perfect Quantum Code,0.813953488372093,-0.002559797214737536,0.8888888888888888,False,False,0.011627906976744186,-0.002559797214737536
3,43,37,3,3,3,"[[43,37,3]]_3",6,"{37: 4, 41: 2}",38.333333333333336,41,25429642517751274283489731437594794786816,0.9847172667361652,0.8914728682170543,0.9534883720930233,0.9999845104205439,0.9879901582410278,0.0032728915048625407,0.015267243684378706,1,stabilizer matrix,Semi-Perfect Quantum Code,0.8604651162790697,0.011994352179516166,0.8888888888888888,True,False,0.062015503875968936,0.011994352179516166
3,43,41,2,2,2,"[[43,41,2]]_3",2,{43: 2},43.0,43,680564733841876926926749214863536422912,0.9463946303571861,1.0,1.0,0.946394630357186,0.946394630357186,-1.1102230246251565e-16,-1.1102230246251565e-16,1,stabilizer matrix,Semi-Perfect Quantum Code,0.9534883720930233,0.0,0.8888888888888888,True,True,0.0,0.0
3,44,36,4,4,4,"[[44,36,4]]_3",8,"{36: 6, 37: 2}",36.25,37,157001158196958550728480813206410442571776,0.9811662236776997,0.8238636363636364,0.8409090909090909,0.9915510277958672,0.9952467485551822,0.01408052487748257,0.010384804118167557,1,stabilizer matrix,Semi-Perfect Quantum Code,0.8181818181818182,-0.003695720759315013,0.8888888888888888,False,False,0.017045454545454544,-0.003695720759315013
3,44,38,3,3,3,"[[44,38,3]]_3",6,"{37: 2, 38: 2, 42: 2}",39.0,42,326573436293973036026112735681522828312576,0.9887419136924521,0.8863636363636364,0.9545454545454546,0.9999854036302532,0.9875316766217055,-0.0012102370707466337,0.01124348993780111,1,stabilizer matrix,Semi-Perfect Quantum Code,0.8636363636363636,0.012453727008547744,0.8888888888888888,True,False,0.06818181818181818,0.012453727008547744
3,44,42,2,2,2,"[[44,42,2]]_3",2,{44: 2},44.0,44,5444517870735015415413993718908291383296,0.9463946303571862,1.0,1.0,0.946394630357186,0.946394630357186,-2.220446049250313e-16,-2.220446049250313e-16,1,stabilizer matrix,Semi-Perfect Quantum Code,0.9545454545454546,0.0,0.8888888888888888,True,True,0.0,0.0
3,45,37,4,4,4,"[[45,37,4]]_3",8,"{37: 6, 38: 2}",37.25,38,1502105922092839495244871146675193186877440,0.9822031644327426,0.8277777777777777,0.8444444444444444,0.9924829310031371,0.9958921867582806,0.013689022325538036,0.010279766570394533,1,stabilizer matrix,Semi-Perfect Quantum Code,0.8222222222222222,-0.003409255755143503,0.8888888888888888,False,False,0.016666666666666666,-0.003409255755143503
3,45,39,3,3,3,"[[45,39,3]]_3",6,"{38: 2, 39: 2, 43: 2}",40.0,43,2969587142391960955819577391841390394081280,0.9890962529967824,0.8888888888888888,0.9555555555555556,0.9999999999999998,0.9870826233609065,-0.0020136296358759243,0.01090374700321739,1,stabilizer matrix,Semi-Perfect Quantum Code,0.8666666666666667,0.012917376639093314,0.8888888888888888,True,False,0.06666666666666667,0.012917376639093314
3,45,43,2,2,2,"[[45,43,2]]_3",2,{45: 2},45.0,45,43556142965880123323311949751266331066368,0.9463946303571861,1.0,1.0,0.946394630357186,0.946394630357186,-1.1102230246251565e-16,-1.1102230246251565e-16,1,stabilizer matrix,Semi-Perfect Quantum Code,0.9555555555555556,0.0,0.8888888888888888,True,True,0.0,0.0
3,46,38,4,4,4,"[[46,38,4]]_3",8,"{38: 6, 39: 2}",38.25,39,14312675432631218760121064842528034830417920,0.9831545280119266,0.8315217391304348,0.8478260869565217,0.9933285592357426,0.9964690491064255,0.013314521094498932,0.010174031223815994,1,stabilizer matrix,Semi-Perfect Quantum Code,0.8260869565217391,-0.0031404898706829387,0.8888888888888888,False,False,0.016304347826086956,-0.0031404898706829387
3,46,40,3,3,3,"[[46,40,3]]_3",6,"{39: 4, 43: 2}",40.333333333333336,43,19224285549898313116260171042034252114821120,0.986073514958985,0.8768115942028986,0.9347826086956522,0.9996740306568569,0.9943972612045358,0.008323746245550767,0.013600515697871907,1,stabilizer matrix,Semi-Perfect Quantum Code,0.8695652173913043,0.0052767694523211395,0.8888888888888888,True,False,0.05797101449275357,0.0052767694523211395
3,46,44,2,2,2,"[[46,44,2]]_3",2,{46: 2},46.0,46,348449143727040986586495598010130648530944,0.9463946303571861,1.0,1.0,0.946394630357186,0.946394630357186,-1.1102230246251565e-16,-1.1102230246251565e-16,1,stabilizer matrix,Semi-Perfect Quantum Code,0.9565217391304348,0.0,0.8888888888888888,True,True,0.0,0.0
3,47,39,4,4,4,"[[47,39,4]]_3",8,"{39: 6, 40: 2}",39.25,40,135845354397478441358197601845198124759384064,0.9840275859795222,0.8351063829787234,0.851063829787234,0.994095538953894,0.9969835698936229,0.012955983914100688,0.010067952974371797,1,stabilizer matrix,Semi-Perfect Quantum Code,0.8297872340425532,-0.0028880309397288917,0.8888888888888888,False,False,0.015957446808510637,-0.0028880309397288917
3,47,41,3,3,3,"[[47,41,3]]_3",6,"{39: 2, 40: 2, 45: 2}",41.333333333333336,45,182929544943594854670697819526317028642127872,0.9869092091189299,0.8794326241134752,0.9574468085106383,0.9997988736800356,0.9862122493143054,-0.0006969598046244752,0.01288966456110574,1,stabilizer matrix,Semi-Perfect Quantum Code,0.8723404255319149,0.013586624365730215,0.8888888888888888,True,False,0.07801418439716307,0.013586624365730215
3,47,45,2,2,2,"[[47,45,2]]_3",2,{47: 2},47.0,47,2787593149816327892691964784081045188247552,0.9463946303571862,1.0,1.0,0.946394630357186,0.946394630357186,-2.220446049250313e-16,-2.220446049250313e-16,1,stabilizer matrix,Semi-Perfect Quantum Code,0.9574468085106383,0.0,0.8888888888888888,True,True,0.0,0.0
3,48,40,4,4,4,"[[48,40,4]]_3",8,"{39: 2, 40: 6}",39.75,40,780239984231671047800929815726266152464154624,0.9801017508293856,0.828125,0.8333333333333334,0.9925632507646012,0.9937214351175806,0.013619684288195044,0.012461499935215614,1,stabilizer matrix,Semi-Perfect Quantum Code,0.8333333333333334,-0.00115818435297943,0.8888888888888888,False,False,0.005208333333333333,-0.00115818435297943
3,48,42,3,3,3,"[[48,42,3]]_3",6,"{40: 2, 41: 2, 46: 2}",42.333333333333336,46,1677592071578682616444268560446231403038769152,0.9873600857397892,0.8819444444444445,0.9583333333333334,0.9998908502012879,0.9857906074785261,-0.0015694782612630798,0.0125307644614987,1,stabilizer matrix,Semi-Perfect Quantum Code,0.875,0.01410024272276178,0.8888888888888888,True,False,0.07638888888888884,0.01410024272276178
3,48,46,2,2,2,"[[48,46,2]]_3",2,{48: 2},48.0,48,22300745198530623141535718272648361505980416,0.9463946303571861,1.0,1.0,0.946394630357186,0.946394630357186,-1.1102230246251565e-16,-1.1102230246251565e-16,1,stabilizer matrix,Semi-Perfect Quantum Code,0.9583333333333334,0.0,0.8888888888888888,True,True,0.0,0.0
3,49,41,4,4,4,"[[49,41,4]]_3",8,{41: 8},41.0,41,4795621366497100098678885696659001717584560128,0.9769656364276059,0.8367346938775511,0.8367346938775511,0.9944299532099539,0.9944299532099539,0.017464316782347944,0.017464316782347944,1,stabilizer matrix,Semi-Perfect Quantum Code,0.8367346938775511,0.0,0.8888888888888888,False,True,0.0,0.0
3,49,43,3,3,3,"[[49,43,3]]_3",6,"{42: 4, 45: 2}",43.0,45,16536114857891540969141678012789212540194258944,0.9884629190168509,0.8775510204081632,0.9183673469387755,0.9997122048337592,0.9978179356029361,0.009355016586085174,0.011249285816908317,1,stabilizer matrix,Semi-Perfect Quantum Code,0.8775510204081632,0.0018942692308231424,0.8888888888888888,True,False,0.04081632653061224,0.0018942692308231424
3,49,47,2,2,2,"[[49,47,2]]_3",2,{49: 2},49.0,49,178405961588244985132285746181186892047843328,0.9463946303571861,1.0,1.0,0.946394630357186,0.946394630357186,-1.1102230246251565e-16,-1.1102230246251565e-16,1,stabilizer matrix,Semi-Perfect Quantum Code,0.9591836734693877,0.0,0.8888888888888888,True,True,0.0,0.0
3,50,42,4,4,4,"[[50,42,4]]_3",8,"{41: 2, 42: 6}",41.75,42,72314925367813414186427641457556375106433843200,0.9821240927499765,0.835,0.84,0.9940733848374903,0.9950738749987328,0.012949782248756314,0.01194929208751383,1,stabilizer matrix,Semi-Perfect Quantum Code,0.84,-0.0010004901612424844,0.8888888888888888,False,False,0.005,-0.0010004901612424844
3,50,44,3,3,3,"[[50,44,3]]_3",6,"{43: 4, 46: 2}",44.0,46,148225637901293110930792125498848505837387776000,0.9886569265449935,0.88,0.92,0.9998220348573886,0.9975564686115553,0.00889954206656185,0.011165108312395144,1,stabilizer matrix,Semi-Perfect Quantum Code,0.88,0.002265566245833295,0.8888888888888888,True,False,0.04,0.002265566245833295
3,50,48,2,2,2,"[[50,48,2]]_3",2,{50: 2},50.0,50,1427247692705959881058285969449495136382746624,0.9463946303571861,1.0,1.0,0.946394630357186,0.946394630357186,-1.1102230246251565e-16,-1.1102230246251565e-16,1,stabilizer matrix,Semi-Perfect Quantum Code,0.96,0.0,0.8888888888888888,True,True,0.0,0.0
3,51,43,4,4,4,"[[51,43,4]]_3",8,{43: 8},43.0,43,433358475643591769714503956641610786439535001600,0.9788453355124848,0.8431372549019608,0.8431372549019608,0.995658540910722,0.995658540910722,0.016813205398237274,0.016813205398237274,1,stabilizer matrix,Semi-Perfect Quantum Code,0.8431372549019608,0.0,0.8888888888888888,False,True,0.0,0.0
3,51,45,3,3,3,"[[51,45,3]]_3",6,"{44: 4, 46: 2}",44.666666666666664,46,1448867546499576383171970013667656826968332042240,0.9896162520917189,0.8758169934640523,0.9019607843137255,0.9996190512839525,0.9995919178143413,0.009975665722622429,0.010002799192233569,1,stabilizer matrix,Semi-Perfect Quantum Code,0.8823529411764706,2.713346961114027e-05,0.8888888888888888,True,False,0.02614379084967325,2.713346961114027e-05
3,51,49,2,2,2,"[[51,49,2]]_3",2,{51: 2},51.0,51,11417981541647679048466287755595961091061972992,0.9463946303571861,1.0,1.0,0.946394630357186,0.946394630357186,-1.1102230246251565e-16,-1.1102230246251565e-16,1,stabilizer matrix,Semi-Perfect Quantum Code,0.9607843137254902,0.0,0.8888888888888888,True,True,0.0,0.0
3,52,44,4,4,4,"[[52,44,4]]_3",8,"{43: 2, 44: 6}",43.75,44,6601056376470064532620928955712616827786048307200,0.9838575736764968,0.8413461538461539,0.8461538461538461,0.9953288608582418,0.9961887841836908,0.01233121050719399,0.011471287181744949,1,stabilizer matrix,Semi-Perfect Quantum Code,0.8461538461538461,-0.0008599233254490413,0.8888888888888888,False,False,0.004807692307692308,-0.0008599233254490413
3,52,46,3,3,3,"[[52,46,3]]_3",6,"{44: 2, 45: 2, 48: 2}",45.666666666666664,48,15961716071944437902484412586916868830481434542080,0.9915855346108732,0.8782051282051282,0.9230769230769231,0.999744044329584,0.9970186460001458,0.005433111389272605,0.008158509718710794,1,stabilizer matrix,Semi-Perfect Quantum Code,0.8846153846153846,0.002725398329438189,0.8888888888888888,True,False,0.04487179487179492,0.002725398329438189
3,52,50,2,2,2,"[[52,50,2]]_3",2,{52: 2},52.0,52,91343852333181432387730302044767688728495783936,0.9463946303571861,1.0,1.0,0.946394630357186,0.946394630357186,-1.1102230246251565e-16,-1.1102230246251565e-16,1,stabilizer matrix,Semi-Perfect Quantum Code,0.9615384615384616,0.0,0.8888888888888888,True,True,0.0,0.0
3,53,45,4,4,4,"[[53,45,4]]_3",8,"{44: 2, 45: 6}",44.75,45,62732797839832751213459586903255075784063272878080,0.9846295481457152,0.8443396226415094,0.8490566037735849,0.9958736688070544,0.9966689866082257,0.012039438462510432,0.011244120661339174,1,stabilizer matrix,Semi-Perfect Quantum Code,0.8490566037735849,-0.000795317801171258,0.8888888888888888,False,False,0.0047169811320754715,-0.000795317801171258
3,53,47,3,3,3,"[[53,47,3]]_3",6,"{45: 4, 49: 2}",46.333333333333336,49,90846524372744146210413627104432252146410198138880,0.9878092639506594,0.8742138364779874,0.9245283018867925,0.9995217307527705,0.9967440254241516,0.008934761473492259,0.011712466802111132,1,stabilizer matrix,Semi-Perfect Quantum Code,0.8867924528301887,0.0027777053286188735,0.8888888888888888,True,False,0.050314465408804986,0.0027777053286188735
3,53,51,2,2,2,"[[53,51,2]]_3",2,{53: 2},53.0,53,730750818665451459101842416358141509827966271488,0.9463946303571861,1.0,1.0,0.946394630357186,0.946394630357186,-1.1102230246251565e-16,-1.1102230246251565e-16,1,stabilizer matrix,Semi-Perfect Quantum Code,0.9622641509433962,0.0,0.8888888888888888,True,True,0.0,0.0
3,54,46,4,4,4,"[[54,46,4]]_3",8,{46: 8},46.0,46,362549413602779244471097545715133013226960988405760,0.9811809562518656,0.8518518518518519,0.8518518518518519,0.9971031272824566,0.9971031272824566,0.015922171030591015,0.015922171030591015,1,stabilizer matrix,Semi-Perfect Quantum Code,0.8518518518518519,0.0,0.8888888888888888,False,True,0.0,0.0
3,54,48,3,3,3,"[[54,48,3]]_3",6,"{46: 4, 50: 2}",47.333333333333336,50,813917923668731762815661541839505299603140990992384,0.9879967833470396,0.8765432098765432,0.9259259259259259,0.9996596043745669,0.9964665921262967,0.008469808779257182,0.01166282102752736,1,stabilizer matrix,Semi-Perfect Quantum Code,0.8888888888888888,0.0031930122482701773,0.8888888888888888,True,False,0.04938271604938267,0.0031930122482701773
3,54,52,2,2,2,"[[54,52,2]]_3",2,{54: 2},54.0,54,5846006549323611672814739330865132078623730171904,0.9463946303571861,1.0,1.0,0.946394630357186,0.946394630357186,-1.1102230246251565e-16,-1.1102230246251565e-16,1,stabilizer matrix,Semi-Perfect Quantum Code,0.9629629629629629,0.0,0.8888888888888888,True,True,0.0,0.0
3,55,47,4,4,4,"[[55,47,4]]_3",8,"{46: 2, 47: 6}",46.75,47,5609659366501631572253743349185686930426618603110400,0.9860069584682527,0.85,0.8545454545454545,0.9968186323899386,0.9974948253629681,0.01148786689471537,0.010811673921685916,1,stabilizer matrix,Semi-Perfect Quantum Code,0.8545454545454545,-0.0006761929730294547,0.8888888888888888,False,False,0.004545454545454545,-0.0006761929730294547
3,55,49,3,3,3,"[[55,49,3]]_3",6,"{47: 4, 49: 2}",47.666666666666664,49,8566010461212575462072943025407195408766697314713600,0.9895098246510112,0.8666666666666666,0.8909090909090909,0.9989225313255508,0.9999905463697245,0.010480721718713282,0.009412706674539528,1,stabilizer matrix,Semi-Perfect Quantum Code,0.8909090909090909,-0.0010680150441737535,0.8888888888888888,True,False,0.024242424242424284,-0.0010680150441737535
3,55,53,2,2,2,"[[55,53,2]]_3",2,{55: 2},55.0,55,46768052394588893382517914646921056628989841375232,0.9463946303571861,1.0,1.0,0.946394630357186,0.946394630357186,-1.1102230246251565e-16,-1.1102230246251565e-16,1,stabilizer matrix,Semi-Perfect Quantum Code,0.9636363636363636,0.0,0.8888888888888888,True,True,0.0,0.0
3,56,48,4,4,4,"[[56,48,4]]_3",8,"{47: 4, 48: 4}",47.5,48,52796794037662414797682290345277053462838763323392000,0.9866204089010755,0.8482142857142857,0.8571428571428571,0.9965327030517196,0.9978473776419601,0.01122696874088458,0.009912294150644096,1,stabilizer matrix,Semi-Perfect Quantum Code,0.8571428571428571,-0.0013146745902404833,0.8888888888888888,False,False,0.008928571428571428,-0.0013146745902404833
3,56,50,3,3,3,"[[56,50,3]]_3",6,"{48: 4, 51: 2}",49.0,51,75292665003087919670805675636595773788719239420444672,0.9895049915494338,0.875,0.9107142857142857,0.9995707916616016,0.9988324568267586,0.009327465277324754,0.010065800112167733,1,stabilizer matrix,Semi-Perfect Quantum Code,0.8928571428571429,0.0007383348348429797,0.8888888888888888,True,False,0.03571428571428571,0.0007383348348429797
3,56,54,2,2,2,"[[56,54,2]]_3",2,{56: 2},56.0,56,374144419156711147060143317175368453031918731001856,0.9463946303571861,1.0,1.0,0.946394630357186,0.946394630357186,-1.1102230246251565e-16,-1.1102230246251565e-16,1,stabilizer matrix,Semi-Perfect Quantum Code,0.9642857142857143,0.0,0.8888888888888888,True,True,0.0,0.0
3,57,49,4,4,4,"[[57,49,4]]_3",8,"{48: 4, 49: 4}",48.5,49,495427875479942414774986063280783452698229864818278400,0.9871884676703011,0.8508771929824561,0.8596491228070176,0.9969549267310696,0.998163791653625,0.010975323983323904,0.009766459060768451,1,stabilizer matrix,Semi-Perfect Quantum Code,0.8596491228070176,-0.0012088649225554526,0.8888888888888888,False,False,0.008771929824561403,-0.0012088649225554526
3,57,51,3,3,3,"[[57,51,3]]_3",6,"{48: 2, 49: 2, 52: 2}",49.666666666666664,52,877894267647320389414245937354242510779446932711407616,0.9917564663260185,0.8713450292397661,0.9122807017543859,0.9993211041623752,0.9986523556717922,0.006895889345773676,0.007564637836356636,1,stabilizer matrix,Semi-Perfect Quantum Code,0.8947368421052632,0.0006687484905829599,0.8888888888888888,True,False,0.04093567251461992,0.0006687484905829599
3,57,55,2,2,2,"[[57,55,2]]_3",2,{57: 2},57.0,57,2993155353253689176481146537402947624255349848014848,0.9463946303571861,1.0,1.0,0.946394630357186,0.946394630357186,-1.1102230246251565e-16,-1.1102230246251565e-16,1,stabilizer matrix,Semi-Perfect Quantum Code,0.9649122807017544,0.0,0.8888888888888888,True,True,0.0,0.0
3,58,50,4,4,4,"[[58,50,4]]_3",8,"{49: 4, 50: 4}",49.5,50,4635567136391500862079737366974973502535767964898033664,0.9877143449049335,0.853448275862069,0.8620689655172413,0.9973384597612264,0.9984468149069051,0.010732470001971639,0.009624114856292887,1,stabilizer matrix,Semi-Perfect Quantum Code,0.8620689655172413,-0.0011083551456787522,0.8888888888888888,False,False,0.008620689655172414,-0.0011083551456787522
3,58,52,3,3,3,"[[58,52,3]]_3",6,"{50: 4, 53: 2}",51.0,53,6084129557729801991660300145983122370172908495723036672,0.9898481113623098,0.8793103448275862,0.9137931034482759,0.9997937008670269,0.9984652256680012,0.008617114305691453,0.009945589504717134,1,stabilizer matrix,Semi-Perfect Quantum Code,0.896551724137931,0.0013284751990256805,0.8888888888888888,True,False,0.034482758620689655,0.0013284751990256805
3,58,56,2,2,2,"[[58,56,2]]_3",2,{58: 2},58.0,58,23945242826029513411849172299223580994042798784118784,0.9463946303571861,1.0,1.0,0.946394630357186,0.946394630357186,-1.1102230246251565e-16,-1.1102230246251565e-16,1,stabilizer matrix,Semi-Perfect Quantum Code,0.9655172413793104,0.0,0.8888888888888888,True,True,0.0,0.0
3,59,51,4,4,4,"[[59,51,4]]_3",8,"{50: 4, 51: 4}",50.5,51,43253372817477495025538610185968990945550714395712028672,0.9882009867929638,0.8559322033898306,0.864406779661017,0.9976861495966824,0.998698960753451,0.010497973960487239,0.009485162803718694,1,stabilizer matrix,Semi-Perfect Quantum Code,0.864406779661017,-0.001012811156768545,0.8888888888888888,False,False,0.00847457627118644,-0.001012811156768545
3,59,53,3,3,3,"[[59,53,3]]_3",6,"{50: 2, 51: 2, 53: 2}",51.333333333333336,53,76179158829974788842281938213123126712945049146159529984,0.9925671475256591,0.8700564971751413,0.8983050847457628,0.9992200796660637,0.9997904336403913,0.007223286114732219,0.006652932140404633,1,stabilizer matrix,Semi-Perfect Quantum Code,0.8983050847457628,-0.0005703539743275865,0.8888888888888888,True,False,0.028248587570621427,-0.0005703539743275865
3,59,57,2,2,2,"[[59,57,2]]_3",2,{59: 2},59.0,59,191561942608236107294793378393788647952342390272950272,0.9463946303571862,1.0,1.0,0.946394630357186,0.946394630357186,-2.220446049250313e-16,-2.220446049250313e-16,1,stabilizer matrix,Semi-Perfect Quantum Code,0.9661016949152542,0.0,0.8888888888888888,True,True,0.0,0.0
3,60,52,4,4,4,"[[60,52,4]]_3",8,"{51: 2, 52: 6}",51.75,52,402507934661704268905575059141475037692179255915068784640,0.9886511008492435,0.8625,0.8666666666666667,0.9984948861292999,0.9989225313255509,0.010271430476307408,0.009843785280056472,1,stabilizer matrix,Semi-Perfect Quantum Code,0.8666666666666667,-0.00042764519625093644,0.8888888888888888,False,False,0.004166666666666667,-0.00042764519625093644
3,60,54,3,3,3,"[[60,54,3]]_3",6,"{52: 4, 54: 2}",52.666666666666664,54,526387938086700287556367788846814382828928278277243535360,0.990686423489433,0.8777777777777778,0.9,0.9997234481674454,0.9997068044661597,0.009020380976726639,0.009037024678012373,1,stabilizer matrix,Semi-Perfect Quantum Code,0.9,1.6643701285734558e-05,0.8888888888888888,True,False,0.02222222222222226,1.6643701285734558e-05
3,60,58,2,2,2,"[[60,58,2]]_3",2,{60: 2},60.0,60,1532495540865888858358347027150309183618739122183602176,0.9463946303571861,1.0,1.0,0.946394630357186,0.946394630357186,-1.1102230246251565e-16,-1.1102230246251565e-16,1,stabilizer matrix,Semi-Perfect Quantum Code,0.9666666666666667,0.0,0.8888888888888888,True,True,0.0,0.0
3,61,53,4,4,4,"[[61,53,4]]_3",8,{52: 8},52.0,52,1584063484797674864725166361782579180595028039407690055680,0.9826654970910592,0.8524590163934426,0.8524590163934426,0.9971937183045224,0.9971937183045224,0.0145282212134632,0.0145282212134632,1,stabilizer matrix,Semi-Perfect Quantum Code,0.8688524590163934,0.0,0.8888888888888888,False,True,0.0,0.0
3,61,55,3,3,3,"[[61,55,3]]_3",6,"{53: 4, 55: 2}",53.666666666666664,55,4748748807027540795155513017780685625898142376342138650624,0.9908568130308819,0.8797814207650273,0.9016393442622951,0.9998132760904419,0.9996120984669616,0.00875528543607973,0.008956463059559994,1,stabilizer matrix,Semi-Perfect Quantum Code,0.9016393442622951,0.00020117762348026424,0.8888888888888888,True,False,0.021857923497267798,0.00020117762348026424
3,61,59,2,2,2,"[[61,59,2]]_3",2,{61: 2},61.0,61,12259964326927110866866776217202473468949912977468817408,0.9463946303571862,1.0,1.0,0.946394630357186,0.946394630357186,-2.220446049250313e-16,-2.220446049250313e-16,1,stabilizer matrix,Semi-Perfect Quantum Code,0.9672131147540983,0.0,0.8888888888888888,True,True,0.0,0.0
3,62,54,4,4,4,"[[62,54,4]]_3",8,"{53: 4, 54: 4}",53.5,54,34590367416462434781923129610749150408968159451720124989440,0.9894515147172502,0.8629032258064516,0.8709677419354839,0.9985392105369555,0.999292219123933,0.009840704406682721,0.009087695819705255,1,stabilizer matrix,Semi-Perfect Quantum Code,0.8709677419354839,-0.0007530085869774661,0.8888888888888888,False,False,0.008064516129032258,-0.0007530085869774661
3,62,56,3,3,3,"[[62,56,3]]_3",6,"{54: 4, 56: 2}",54.666666666666664,56,42766272442171737548559505700562585960178815322126699986944,0.9910090112571165,0.8817204301075269,0.9032258064516129,0.999883760063976,0.9995073177169103,0.00849830645979377,0.008874748806859456,1,stabilizer matrix,Semi-Perfect Quantum Code,0.9032258064516129,0.00037644234706568636,0.8888888888888888,True,False,0.02150537634408606,0.00037644234706568636
3,62,60,2,2,2,"[[62,60,2]]_3",2,{62: 2},62.0,62,98079714615416886934934209737619787751599303819750539264,0.9463946303571861,1.0,1.0,0.946394630357186,0.946394630357186,-1.1102230246251565e-16,-1.1102230246251565e-16,1,stabilizer matrix,Semi-Perfect Quantum Code,0.967741935483871,0.0,0.8888888888888888,True,True,0.0,0.0
3,63,55,4,4,4,"[[63,55,4]]_3",8,"{54: 6, 55: 2}",54.25,55,319489211773871215803944542586555789231924090935887699902464,0.9898062268248703,0.8611111111111112,0.873015873015873,0.9983374466768524,0.9994420570304087,0.009635830205538376,0.00853121985198213,1,stabilizer matrix,Semi-Perfect Quantum Code,0.873015873015873,-0.0011046103535562457,0.8888888888888888,False,False,0.011904761904761904,-0.0011046103535562457
3,63,57,3,3,3,"[[63,57,3]]_3",6,"{54: 2, 55: 2, 57: 2}",55.333333333333336,57,522860711684632172072016990747745052497666073396527362998272,0.9933647680397744,0.8783068783068784,0.9047619047619048,0.999748833729026,0.9993933774556878,0.006028609415913433,0.00638406568925165,1,stabilizer matrix,Semi-Perfect Quantum Code,0.9047619047619048,0.00035545627333821717,0.8888888888888888,True,False,0.02645502645502642,0.00035545627333821717
3,63,61,2,2,2,"[[63,61,2]]_3",2,{63: 2},63.0,63,784637716923335095479473677900958302012794430558004314112,0.9463946303571861,1.0,1.0,0.946394630357186,0.946394630357186,-1.1102230246251565e-16,-1.1102230246251565e-16,1,stabilizer matrix,Semi-Perfect Quantum Code,0.9682539682539683,0.0,0.8888888888888888,True,True,0.0,0.0
3,64,56,4,4,4,"[[64,56,4]]_3",8,{55: 8},55.0,55,1288019499434819389697792171687532000683032555584051199606784,0.984254556678617,0.859375,0.859375,0.9981303316079415,0.9981303316079415,0.013875774929324458,0.013875774929324458,1,stabilizer matrix,Semi-Perfect Quantum Code,0.875,0.0,0.8888888888888888,False,True,0.0,0.0
3,64,58,3,3,3,"[[64,58,3]]_3",6,"{55: 2, 56: 2, 58: 2}",56.333333333333336,58,4739324017624826750995868939743182305857816445125448437858304,0.9935190052796149,0.8802083333333334,0.90625,0.9998301914027024,0.9992711143896994,0.005752109110084502,0.006311186123087453,1,stabilizer matrix,Semi-Perfect Quantum Code,0.90625,0.000559077013002951,0.8888888888888888,True,False,0.02604166666666663,0.000559077013002951
3,64,62,2,2,2,"[[64,62,2]]_3",2,{64: 2},64.0,64,6277101735386680763835789423207666416102355444464034512896,0.946394630357186,1.0,1.0,0.946394630357186,0.946394630357186,0.0,0.0,1,stabilizer matrix,Semi-Perfect Quantum Code,0.96875,0.0,0.8888888888888888,True,True,0.0,0.0
3,65,57,4,4,4,"[[65,57,4]]_3",8,"{56: 6, 57: 2}",56.25,57,27067778202408422512822023457643999563226135284642278969180160,0.9904344505472585,0.8653846153846154,0.8769230769230769,0.9987981484589121,0.9996799339258278,0.00924548337856923,0.00836369791165359,1,stabilizer matrix,Semi-Perfect Quantum Code,0.8769230769230769,-0.0008817854669156411,0.8888888888888888,False,False,0.011538461538461539,-0.0008817854669156411
3,65,59,3,3,3,"[[65,59,3]]_3",6,"{56: 4, 59: 2}",57.0,59,27782982976245046999589261623841652712491648543491919330672640,0.9906170563403003,0.8769230769230769,0.9076923076923077,0.9996799339258278,0.9991412941048915,0.008524237764591214,0.009062877585527485,1,stabilizer matrix,Semi-Perfect Quantum Code,0.9076923076923077,0.0005386398209362708,0.8888888888888888,True,False,0.03076923076923077,0.0005386398209362708
3,65,63,2,2,2,"[[65,63,2]]_3",2,{65: 2},65.0,65,50216813883093446110686315385661331328818843555712276103168,0.9463946303571861,1.0,1.0,0.946394630357186,0.946394630357186,-1.1102230246251565e-16,-1.1102230246251565e-16,1,stabilizer matrix,Semi-Perfect Quantum Code,0.9692307692307692,0.0,0.8888888888888888,True,True,0.0,0.0
3,66,58,4,4,4,"[[66,58,4]]_3",8,"{56: 4, 57: 2, 58: 2}",56.75,58,327257469804675880398406189945080612522000923201634148441653248,0.992614861651978,0.8598484848484849,0.8787878787878788,0.9981879482227045,0.9997708772150373,0.007156015563059337,0.0055730865707265265,1,stabilizer matrix,Semi-Perfect Quantum Code,0.8787878787878788,-0.0015829289923328105,0.8888888888888888,False,False,0.01893939393939394,-0.0015829289923328105
3,66,60,3,3,3,"[[66,60,3]]_3",6,"{56: 2, 57: 2, 60: 2}",57.666666666666664,60,328966897511031071764309119685523398320739236373403165404430336,0.9926507878268997,0.8737373737373737,0.9090909090909091,0.9994907510474806,0.9990046176970633,0.00635382987016353,0.006839963220580891,1,stabilizer matrix,Semi-Perfect Quantum Code,0.9090909090909091,0.0004861333504173615,0.8888888888888888,True,False,0.03535353535353539,0.0004861333504173615
3,66,64,2,2,2,"[[66,64,2]]_3",2,{66: 2},66.0,66,401734511064747568885490523085290650630550748445698208825344,0.9463946303571862,1.0,1.0,0.946394630357186,0.946394630357186,-2.220446049250313e-16,-2.220446049250313e-16,1,stabilizer matrix,Semi-Perfect Quantum Code,0.9696969696969697,0.0,0.8888888888888888,True,True,0.0,0.0
3,67,59,4,4,4,"[[67,59,4]]_3",8,"{57: 4, 58: 4}",57.5,58,1766130200387586861324187148537700477676007900728036968621932544,0.9892510597123441,0.8582089552238806,0.8656716417910447,0.9979848450071145,0.9988265550977378,0.009575495385393706,0.008733785294770424,1,stabilizer matrix,Semi-Perfect Quantum Code,0.8805970149253731,-0.0008417100906232822,0.8888888888888888,False,False,0.007462686567164179,-0.0008417100906232822
3,67,61,3,3,3,"[[67,61,3]]_3",6,"{57: 2, 58: 2, 61: 2}",58.666666666666664,61,2989621873328449431552320420409668490431398855453969920150208512,0.9928265071773295,0.8756218905472637,0.9104477611940298,0.9996077798702427,0.9988617277115897,0.0060352205342601994,0.006781272692913287,1,stabilizer matrix,Semi-Perfect Quantum Code,0.9104477611940298,0.0007460521586530877,0.8888888888888888,True,False,0.034825870646766205,0.0007460521586530877
3,67,65,2,2,2,"[[67,65,2]]_3",2,{67: 2},67.0,67,3213876088517980551083924184682325205044405987565585670602752,0.9463946303571861,1.0,1.0,0.946394630357186,0.946394630357186,-1.1102230246251565e-16,-1.1102230246251565e-16,1,stabilizer matrix,Semi-Perfect Quantum Code,0.9701492537313433,0.0,0.8888888888888888,True,True,0.0,0.0
3,68,60,4,4,4,"[[68,60,4]]_3",8,"{59: 6, 60: 2}",59.25,60,20768407013744671634809994393219552264138012828212376753099767808,0.9911989406775698,0.8713235294117647,0.8823529411764706,0.9993194736539148,0.9999032143108053,0.00870427363323556,0.008120532976345074,1,stabilizer matrix,Semi-Perfect Quantum Code,0.8823529411764706,-0.0005837406568904857,0.8888888888888888,False,False,0.011029411764705883,-0.0005837406568904857
3,68,62,3,3,3,"[[68,62,3]]_3",6,"{58: 4, 62: 2}",59.333333333333336,62,17697289185330641015767719159870493731256323542419409702525861888,0.9901279273422212,0.8725490196078431,0.9117647058823529,0.999409409674658,0.9987132134725715,0.008585286130350256,0.009281482332436752,1,stabilizer matrix,Semi-Perfect Quantum Code,0.9117647058823529,0.0006961962020864965,0.8888888888888888,True,False,0.03921568627450977,0.0006961962020864965
3,68,66,2,2,2,"[[68,66,2]]_3",2,{68: 2},68.0,68,25711008708143844408671393477458601640355247900524685364822016,0.9463946303571861,1.0,1.0,0.946394630357186,0.946394630357186,-1.1102230246251565e-16,-1.1102230246251565e-16,1,stabilizer matrix,Semi-Perfect Quantum Code,0.9705882352941176,0.0,0.8888888888888888,True,True,0.0,0.0
3,69,61,4,4,4,"[[69,61,4]]_3",8,"{59: 2, 60: 6}",59.75,60,151986978600586006054745868059470359751191821151917848056775573504,0.9899620392702578,0.8659420289855072,0.8695652173913043,0.9988530200418297,0.9991797989494964,0.009217759679238546,0.00889098077157191,1,stabilizer matrix,Semi-Perfect Quantum Code,0.8840579710144928,-0.0003267789076666361,0.8888888888888888,False,False,0.0036231884057971015,-0.0003267789076666361
3,69,63,3,3,3,"[[69,63,3]]_3",6,"{59: 4, 63: 2}",60.333333333333336,63,159197662483729317364134732994225016087502802770366469993744302080,0.9902677724026953,0.8743961352657005,0.9130434782608695,0.9995333355053353,0.9985596158712013,0.008291843468506088,0.00926556310264004,1,stabilizer matrix,Semi-Perfect Quantum Code,0.9130434782608695,0.0009737196341339516,0.8888888888888888,True,False,0.038647342995169046,0.0009737196341339516
3,69,67,2,2,2,"[[69,67,2]]_3",2,{69: 2},69.0,69,205688069665150755269371147819668813122841983204197482918576128,0.946394630357186,1.0,1.0,0.946394630357186,0.946394630357186,0.0,0.0,1,stabilizer matrix,Semi-Perfect Quantum Code,0.9710144927536232,0.0,0.8888888888888888,True,True,0.0,0.0
3,70,62,4,4,4,"[[70,62,4]]_3",8,{61: 8},61.0,61,797308740199795441598666848836565821645596438829732973412593172480,0.9865959629611191,0.8714285714285714,0.8714285714285714,0.999327422036514,0.999327422036514,0.012731459075394969,0.012731459075394969,1,stabilizer matrix,Semi-Perfect Quantum Code,0.8857142857142857,0.0,0.8888888888888888,False,True,0.0,0.0
3,70,64,3,3,3,"[[70,64,3]]_3",6,"{60: 4, 64: 2}",61.333333333333336,64,1430976291382778028449865380714336480703447479528686074459456536576,0.99039861885899,0.8761904761904762,0.9142857142857143,0.9996401834968308,0.9984014316743419,0.008002812815351867,0.00924156463784076,1,stabilizer matrix,Semi-Perfect Quantum Code,0.9142857142857143,0.0012387518224888927,0.8888888888888888,True,False,0.038095238095238064,0.0012387518224888927
3,70,68,2,2,2,"[[70,68,2]]_3",2,{70: 2},70.0,70,1645504557321206042154969182557350504982735865633579863348609024,0.9463946303571861,1.0,1.0,0.946394630357186,0.946394630357186,-1.1102230246251565e-16,-1.1102230246251565e-16,1,stabilizer matrix,Semi-Perfect Quantum Code,0.9714285714285714,0.0,0.8888888888888888,True,True,0.0,0.0
3,71,63,4,4,4,"[[71,63,4]]_3",8,"{61: 4, 62: 4}",61.5,62,12965268901119899422899611564468155828759521445615109416041555427328,0.9905767503681833,0.8661971830985915,0.8732394366197183,0.9988777311520158,0.9994573743103697,0.008880623942186472,0.008300980783832568,1,stabilizer matrix,Semi-Perfect Quantum Code,0.8873239436619719,-0.0005796431583539041,0.8888888888888888,False,False,0.007042253521126761,-0.0005796431583539041
3,71,65,3,3,3,"[[71,65,3]]_3",6,"{61: 4, 65: 2}",62.333333333333336,65,12852893872724494010783471919272332159604509342077817026736753213440,0.9905209490547667,0.8779342723004695,0.9154929577464789,0.9997310804554543,0.9982391174067278,0.007718168351961041,0.009210131400687604,1,stabilizer matrix,Semi-Perfect Quantum Code,0.9154929577464789,0.0014919630487265634,0.8888888888888888,True,False,0.037558685446009356,0.0014919630487265634
3,71,69,2,2,2,"[[71,69,2]]_3",2,{71: 2},71.0,71,13164036458569648337239753460458804039861886925068638906788872192,0.9463946303571861,1.0,1.0,0.946394630357186,0.946394630357186,-1.1102230246251565e-16,-1.1102230246251565e-16,1,stabilizer matrix,Semi-Perfect Quantum Code,0.971830985915493,0.0,0.8888888888888888,True,True,0.0,0.0
3,72,64,4,4,4,"[[72,64,4]]_3",8,"{62: 2, 63: 6}",62.75,63,119374387306890663499373485953734971976667143129043743838644180353024,0.9908515346837427,0.8715277777777778,0.875,0.9993348876883273,0.9995707916616016,0.008719256977858914,0.008483353004584693,1,stabilizer matrix,Semi-Perfect Quantum Code,0.8888888888888888,-0.00023590397327422075,0.8888888888888888,False,False,0.003472222222222222,-0.00023590397327422075
3,72,66,3,3,3,"[[72,66,3]]_3",6,"{62: 4, 66: 2}",63.333333333333336,66,115358074603719810328677170322840079281672424831191423639075145383936,0.9906352031633376,0.8796296296296297,0.9166666666666666,0.9998070726367829,0.9980730928536479,0.007437889690310229,0.009171869473445282,1,stabilizer matrix,Semi-Perfect Quantum Code,0.9166666666666666,0.0017339797831350534,0.8888888888888888,True,False,0.03703703703703701,0.0017339797831350534
3,72,70,2,2,2,"[[72,70,2]]_3",2,{72: 2},72.0,72,105312291668557186697918027683670432318895095400549111254310977536,0.9463946303571862,1.0,1.0,0.946394630357186,0.946394630357186,-2.220446049250313e-16,-2.220446049250313e-16,1,stabilizer matrix,Semi-Perfect Quantum Code,0.9722222222222222,0.0,0.8888888888888888,True,True,0.0,0.0
3,73,65,4,4,4,"[[73,65,4]]_3",8,"{63: 2, 64: 6}",63.75,64,1096908705743037285581655668134319952289095287213730625202646524362752,0.9911062970787546,0.8732876712328768,0.8767123287671232,0.9994606521250577,0.9996687302463358,0.008562433167581207,0.008354355046303108,1,stabilizer matrix,Semi-Perfect Quantum Code,0.8904109589041096,-0.0002080781212780991,0.8888888888888888,False,False,0.003424657534246575,-0.0002080781212780991
3,73,67,3,3,3,"[[73,67,3]]_3",6,"{63: 4, 66: 2}",64.0,66,1142080548326083887085795334343425591349951581092773145121636629872640,0.9913578952145212,0.8767123287671232,0.9041095890410958,0.9996687302463358,0.9994432751950286,0.008085379980507401,0.008310835031814623,1,stabilizer matrix,Semi-Perfect Quantum Code,0.9178082191780822,0.00022545505130722177,0.8888888888888888,True,False,0.0273972602739726,0.00022545505130722177
3,73,71,2,2,2,"[[73,71,2]]_3",2,{73: 2},73.0,73,842498333348457493583344221469363458551160763204392890034487820288,0.9463946303571861,1.0,1.0,0.946394630357186,0.946394630357186,-1.1102230246251565e-16,-1.1102230246251565e-16,1,stabilizer matrix,Semi-Perfect Quantum Code,0.9726027397260274,0.0,0.8888888888888888,True,True,0.0,0.0
3,74,66,4,4,4,"[[74,66,4]]_3",8,"{64: 2, 65: 6}",64.75,65,10059684113352812029308688306907053921420506351968657784978117270437888,0.9913422009077996,0.875,0.8783783783783784,0.9995707916616016,0.9997521728816041,0.008409971973804553,0.008228590753802001,1,stabilizer matrix,Semi-Perfect Quantum Code,0.8918918918918919,-0.0001813812200025522,0.8888888888888888,False,False,0.0033783783783783786,-0.0001813812200025522
3,74,68,3,3,3,"[[74,68,3]]_3",6,"{64: 4, 67: 2}",65.0,67,10293137691241877428014396883158675067025923052973498203325992915697664,0.9914832982325,0.8783783783783784,0.9054054054054054,0.9997521728816041,0.9993419519253156,0.007858653692815576,0.008268874649104085,1,stabilizer matrix,Semi-Perfect Quantum Code,0.918918918918919,0.0004102209562885095,0.8888888888888888,True,False,0.02702702702702703,0.0004102209562885095
3,74,72,2,2,2,"[[74,72,2]]_3",2,{74: 2},74.0,74,6739986666787659948666753771754907668409286105635143120275902562304,0.946394630357186,1.0,1.0,0.946394630357186,0.946394630357186,0.0,0.0,1,stabilizer matrix,Semi-Perfect Quantum Code,0.972972972972973,0.0,0.8888888888888888,True,True,0.0,0.0
3,75,67,4,4,4,"[[75,67,4]]_3",8,"{65: 6, 66: 2}",65.25,66,92082374956082166537872632777957985738394603597957619849956433948835840,0.9915603327241103,0.87,0.88,0.9992154967662665,0.9998220348573886,0.00826170213327837,0.0076551640421562706,1,stabilizer matrix,Semi-Perfect Quantum Code,0.8933333333333333,-0.0006065380911220997,0.8888888888888888,False,False,0.01,-0.0006065380911220997
3,75,69,3,3,3,"[[75,69,3]]_3",6,"{65: 4, 67: 2}",65.66666666666667,67,95847755244615479420222771104597036473965840710938916920083460485283840,0.991803533434536,0.8755555555555556,0.8933333333333333,0.9996039113423432,0.9999539459907383,0.008150412556202302,0.007800377907807188,1,stabilizer matrix,Semi-Perfect Quantum Code,0.92,-0.00035003464839511444,0.8888888888888888,True,False,0.017777777777777715,-0.00035003464839511444
3,75,73,2,2,2,"[[75,73,2]]_3",2,{75: 2},75.0,75,53919893334301279589334030174039261347274288845081144962207220498432,0.9463946303571861,1.0,1.0,0.946394630357186,0.946394630357186,-1.1102230246251565e-16,-1.1102230246251565e-16,1,stabilizer matrix,Semi-Perfect Quantum Code,0.9733333333333334,0.0,0.8888888888888888,True,True,0.0,0.0
3,76,68,4,4,4,"[[76,68,4]]_3",8,"{66: 4, 67: 4}",66.5,67,841336571669883430432314907704229496356037220524541017349182809303941120,0.9917617081500584,0.875,0.881578947368421,0.9995707916616016,0.9998791692251494,0.008117461075091037,0.007809083511543191,1,stabilizer matrix,Semi-Perfect Quantum Code,0.8947368421052632,-0.00030837756354784585,0.8888888888888888,False,False,0.006578947368421052,-0.00030837756354784585
3,76,70,3,3,3,"[[76,70,3]]_3",6,"{66: 4, 68: 2}",66.66666666666667,68,868270115380804068461360603028894706323417363638571942274326716764651520,0.9919504095749294,0.8771929824561404,0.8947368421052632,0.9996940089321618,0.9999199620241821,0.007969552449252681,0.007743599357232345,1,stabilizer matrix,Semi-Perfect Quantum Code,0.9210526315789473,-0.00022595309202033675,0.8888888888888888,True,False,0.017543859649122744,-0.00022595309202033675
3,76,74,2,2,2,"[[76,74,2]]_3",2,{76: 2},76.0,76,431359146674410236714672241392314090778194310760649159697657763987456,0.9463946303571861,1.0,1.0,0.946394630357186,0.946394630357186,-1.1102230246251565e-16,-1.1102230246251565e-16,1,stabilizer matrix,Semi-Perfect Quantum Code,0.9736842105263158,0.0,0.8888888888888888,True,True,0.0,0.0
3,77,69,4,4,4,"[[77,69,4]]_3",8,"{67: 6, 68: 2}",67.25,68,7673366603241289774475118597997118319706602773187410511173499235556392960,0.9919472772341668,0.8733766233766234,0.8831168831168831,0.9994666718288273,0.9999243716157971,0.0079770943816303,0.007519394594660556,1,stabilizer matrix,Semi-Perfect Quantum Code,0.8961038961038961,-0.0004576997869697452,0.8888888888888888,False,False,0.00974025974025974,-0.0004576997869697452
3,77,71,3,3,3,"[[77,71,3]]_3",6,"{67: 4, 69: 2}",67.66666666666667,69,7853704243740497524756554992779659290792539383603095834585332355075932160,0.9920845806051554,0.8787878787878789,0.8961038961038961,0.9997708772150374,0.999877710264845,0.0077931296596895905,0.007686296609882071,1,stabilizer matrix,Semi-Perfect Quantum Code,0.922077922077922,-0.00010683304980751984,0.8888888888888888,True,False,0.017316017316017254,-0.00010683304980751984
3,77,75,2,2,2,"[[77,75,2]]_3",2,{77: 2},77.0,77,3450873173395281893717377931138512726225554486085193277581262111899648,0.9463946303571862,1.0,1.0,0.946394630357186,0.946394630357186,-2.220446049250313e-16,-2.220446049250313e-16,1,stabilizer matrix,Semi-Perfect Quantum Code,0.974025974025974,0.0,0.8888888888888888,True,True,0.0,0.0
3,78,70,4,4,4,"[[78,70,4]]_3",8,"{68: 4, 69: 4}",68.5,69,69862801929393082459028459338756372198691842875036494289744150501869486080,0.9921179293452875,0.8782051282051282,0.8846153846153846,0.999744044329584,0.9999583846341311,0.007840455288843584,0.007626114984296439,1,stabilizer matrix,Semi-Perfect Quantum Code,0.8974358974358975,-0.0002143403045471448,0.8888888888888888,False,False,0.00641025641025641,-0.0002143403045471448
3,78,72,3,3,3,"[[78,72,3]]_3",6,"{68: 4, 70: 2}",68.66666666666667,70,70934522764359802803558138484892615684002551874078281354591615897871319040,0.9922067587196886,0.8803418803418804,0.8974358974358975,0.9998353214397886,0.9998277552576031,0.007620996537914593,0.0076285627201000406,1,stabilizer matrix,Semi-Perfect Quantum Code,0.9230769230769231,7.566182185447801e-06,0.8888888888888888,True,False,0.017094017094017033,7.566182185447801e-06
3,78,76,2,2,2,"[[78,76,2]]_3",2,{78: 2},78.0,78,27606985387162255149739023449108101809804435888681546220650096895197184,0.9463946303571862,1.0,1.0,0.946394630357186,0.946394630357186,-2.220446049250313e-16,-2.220446049250313e-16,1,stabilizer matrix,Semi-Perfect Quantum Code,0.9743589743589743,0.0,0.8888888888888888,True,True,0.0,0.0
3,79,71,4,4,4,"[[79,71,4]]_3",8,"{69: 4, 70: 4}",69.5,70,634994594717781804133834894085724265046595081932258835922123247131086028800,0.9922744976490225,0.879746835443038,0.8860759493670886,0.9998118713628953,0.9999819018715433,0.007707404222520808,0.007537373713872753,1,stabilizer matrix,Semi-Perfect Quantum Code,0.8987341772151899,-0.0001700305086480558,0.8888888888888888,False,False,0.006329113924050633,-0.0001700305086480558
3,79,73,3,3,3,"[[79,73,3]]_3",6,"{69: 4, 71: 2}",69.66666666666667,71,639764507166366080596812057609372898023470913533627916379754219879488552960,0.9923176110982324,0.8818565400843883,0.8987341772151899,0.9998880941253752,0.9997706231209684,0.007453012022736072,0.007570483027142805,1,stabilizer matrix,Semi-Perfect Quantum Code,0.9240506329113924,0.00011747100440673286,0.8888888888888888,True,False,0.016877637130801627,0.00011747100440673286
3,79,77,2,2,2,"[[79,77,2]]_3",2,{79: 2},79.0,79,220855883097298041197912187592864814478435487109452369765200775161577472,0.946394630357186,1.0,1.0,0.946394630357186,0.946394630357186,0.0,0.0,1,stabilizer matrix,Semi-Perfect Quantum Code,0.9746835443037974,0.0,0.8888888888888888,True,True,0.0,0.0
3,80,72,4,4,4,"[[80,72,4]]_3",8,{70: 8},70.0,70,2709310270795869030971028881432423530865472349577637699934392521092633722880,0.9881248476828525,0.875,0.875,0.9995707916616016,0.9995707916616016,0.011445943978749096,0.011445943978749096,1,stabilizer matrix,Semi-Perfect Quantum Code,0.9,0.0,0.8888888888888888,False,True,0.0,0.0
3,80,74,3,3,3,"[[80,74,3]]_3",6,"{70: 4, 72: 2}",70.66666666666667,72,5762054237889805967276413536567548636066004574453849192818215080070249185280,0.9924177632065836,0.8833333333333334,0.9,0.9999298989919616,0.9997068044661597,0.007289041259576079,0.007512135785378016,1,stabilizer matrix,Semi-Perfect Quantum Code,0.925,0.00022309452580193678,0.8888888888888888,True,False,0.016666666666666607,0.00022309452580193678
3,80,78,2,2,2,"[[80,78,2]]_3",2,{80: 2},80.0,80,1766847064778384329583297500742918515827483896875618958121606201292619776,0.946394630357186,1.0,1.0,0.946394630357186,0.946394630357186,0.0,0.0,1,stabilizer matrix,Semi-Perfect Quantum Code,0.975,0.0,0.8888888888888888,True,True,0.0,0.0
3,81,73,4,4,4,"[[81,73,4]]_3",8,{71: 8},71.0,71,24727226133460889184073615706594513352124311021497313092358962727718685245440,0.9883500398477462,0.8765432098765432,0.8765432098765432,0.9996596043745669,0.9996596043745669,0.011309564526820748,0.011309564526820748,1,stabilizer matrix,Semi-Perfect Quantum Code,0.9012345679012346,0.0,0.8888888888888888,False,True,0.0,0.0
3,81,75,3,3,3,"[[81,75,3]]_3",6,"{71: 4, 73: 2}",71.66666666666667,73,51825556142733096509085797302862473190068761456014916481245497223848751267840,0.992507801820449,0.8847736625514404,0.9012345679012346,0.9999613945590804,0.9996367570663537,0.007128955245904733,0.007453592738631443,1,stabilizer matrix,Semi-Perfect Quantum Code,0.9259259259259259,0.0003246374927267093,0.8888888888888888,True,False,0.01646090534979418,0.0003246374927267093
3,81,79,2,2,2,"[[81,79,2]]_3",2,{81: 2},81.0,81,14134776518227074636666380005943348126619871175004951664972849610340958208,0.9463946303571861,1.0,1.0,0.946394630357186,0.946394630357186,-1.1102230246251565e-16,-1.1102230246251565e-16,1,stabilizer matrix,Semi-Perfect Quantum Code,0.9753086419753086,0.0,0.8888888888888888,True,True,0.0,0.0
3,82,74,4,4,4,"[[82,74,4]]_3",8,{72: 8},72.0,72,225292504771532545899337387548972232763799278195864408174826104852548021125120,0.988560214481258,0.8780487804878049,0.8780487804878049,0.9997365991683047,0.9997365991683047,0.011176384687046736,0.011176384687046736,1,stabilizer matrix,Semi-Perfect Quantum Code,0.9024390243902439,0.0,0.8888888888888888,False,True,0.0,0.0
3,82,76,3,3,3,"[[82,76,3]]_3",6,"{72: 4, 74: 2}",72.66666666666667,74,465515538367242924348094024402374687543414946912669108487117545791214552350720,0.9925882777983864,0.8861788617886179,0.9024390243902439,0.9999831974425636,0.9995609083000265,0.006972630501640098,0.007394919644177156,1,stabilizer matrix,Semi-Perfect Quantum Code,0.926829268292683,0.00042228914253705785,0.8888888888888888,True,False,0.01626016260162596,0.00042228914253705785
3,82,80,2,2,2,"[[82,80,2]]_3",2,{82: 2},82.0,82,113078212145816597093331040047546785012958969400039613319782796882727665664,0.9463946303571861,1.0,1.0,0.946394630357186,0.946394630357186,-1.1102230246251565e-16,-1.1102230246251565e-16,1,stabilizer matrix,Semi-Perfect Quantum Code,0.975609756097561,0.0,0.8888888888888888,True,True,0.0,0.0
3,83,77,3,3,3,"[[83,77,3]]_3",6,"{73: 4, 74: 2}",73.33333333333333,74,4264626132528291746294454628139153023601454829914163443599596108441716114063360,0.9927748492112729,0.8835341365461847,0.891566265060241,0.9999348417960617,0.9999833663069322,0.007208517095659284,0.007159992584788832,1,stabilizer matrix,Semi-Perfect Quantum Code,0.927710843373494,-4.852451087045129e-05,0.8888888888888888,True,False,0.008032128514056281,-4.852451087045129e-05
3,83,81,2,2,2,"[[83,81,2]]_3",2,{83: 2},83.0,83,904625697166532776746648320380374280103671755200316906558262375061821325312,0.9463946303571862,1.0,1.0,0.946394630357186,0.946394630357186,-2.220446049250313e-16,-2.220446049250313e-16,1,stabilizer matrix,Semi-Perfect Quantum Code,0.9759036144578314,0.0,0.8888888888888888,True,True,0.0,0.0
3,84,78,3,3,3,"[[84,78,3]]_3",6,"{74: 4, 75: 2}",74.33333333333333,75,38459173849709685566582718101036725449205847193407728509552721268856203501371392,0.9928717975074529,0.8849206349206349,0.8928571428571429,0.999964089353175,0.999963333187221,0.007091535679768057,0.007092291845722132,1,stabilizer matrix,Semi-Perfect Quantum Code,0.9285714285714286,7.561659540744614e-07,0.8888888888888888,True,False,0.007936507936507993,7.561659540744614e-07
3,84,82,2,2,2,"[[84,82,2]]_3",2,{84: 2},84.0,84,7237005577332262213973186563042994240829374041602535252466099000494570602496,0.9463946303571861,1.0,1.0,0.946394630357186,0.946394630357186,-1.1102230246251565e-16,-1.1102230246251565e-16,1,stabilizer matrix,Semi-Perfect Quantum Code,0.9761904761904762,0.0,0.8888888888888888,True,True,0.0,0.0
3,85,79,3,3,3,"[[85,79,3]]_3",6,{75: 6},75.0,75,168724117534210233453395150378741763261032103816240357332231293308530441167306752,0.9891082547521881,0.8823529411764706,0.8823529411764706,0.9999032143108053,0.9999032143108053,0.010794959558617201,0.010794959558617201,1,stabilizer matrix,Semi-Perfect Quantum Code,0.9294117647058824,0.0,0.8888888888888888,False,True,0.0,0.0
3,85,83,2,2,2,"[[85,83,2]]_3",2,{85: 2},85.0,85,57896044618658097711785492504343953926634992332820282019728792003956564819968,0.946394630357186,1.0,1.0,0.946394630357186,0.946394630357186,0.0,0.0,1,stabilizer matrix,Semi-Perfect Quantum Code,0.9764705882352941,0.0,0.8888888888888888,True,True,0.0,0.0
3,86,80,3,3,3,"[[86,80,3]]_3",6,{76: 6},76.0,76,1527397274520218955472840308691767541099869571389123234797041181529854520040882176,0.9892657606992221,0.8837209302325582,0.8837209302325582,0.9999392796497567,0.9999392796497567,0.010673518950534588,0.010673518950534588,1,stabilizer matrix,Semi-Perfect Quantum Code,0.9302325581395349,0.0,0.8888888888888888,False,True,0.0,0.0
3,86,84,2,2,2,"[[86,84,2]]_3",2,{86: 2},86.0,86,463168356949264781694283940034751631413079938662562256157830336031652518559744,0.9463946303571861,1.0,1.0,0.946394630357186,0.946394630357186,-1.1102230246251565e-16,-1.1102230246251565e-16,1,stabilizer matrix,Semi-Perfect Quantum Code,0.9767441860465116,0.0,0.8888888888888888,True,True,0.0,0.0
3,87,81,3,3,3,"[[87,81,3]]_3",6,"{77: 4, 78: 2}",77.33333333333333,78,27966171076330242773133084093609106386891517986433417230130040734344828814494793728,0.9931044142518894,0.8888888888888888,0.896551724137931,0.9999999999999998,0.9998618877695238,0.006757473517634338,0.006895585748110333,1,stabilizer matrix,Semi-Perfect Quantum Code,0.9310344827586207,0.0001381122304759952,0.8888888888888888,True,False,0.0076628352490422,0.0001381122304759952
3,87,85,2,2,2,"[[87,85,2]]_3",2,{87: 2},87.0,87,3705346855594118253554271520278013051304639509300498049262642688253220148477952,0.9463946303571861,1.0,1.0,0.946394630357186,0.946394630357186,-1.1102230246251565e-16,-1.1102230246251565e-16,1,stabilizer matrix,Semi-Perfect Quantum Code,0.9770114942528736,0.0,0.8888888888888888,True,True,0.0,0.0
3,88,82,3,3,3,"[[88,82,3]]_3",6,"{78: 4, 79: 2}",78.33333333333333,79,250794850632919568583033560415176168284176330502276156951757429870182884007313670144,0.9931642327225733,0.8901515151515151,0.8977272727272727,0.9999963145915984,0.9998156616632387,0.006651428940665394,0.006832081869025175,1,stabilizer matrix,Semi-Perfect Quantum Code,0.9318181818181818,0.0001806529283597813,0.8888888888888888,True,False,0.00757575757575763,0.0001806529283597813
3,88,86,2,2,2,"[[88,86,2]]_3",2,{88: 2},88.0,88,29642774844752946028434172162224104410437116074403984394101141506025761187823616,0.9463946303571862,1.0,1.0,0.946394630357186,0.946394630357186,-2.220446049250313e-16,-2.220446049250313e-16,1,stabilizer matrix,Semi-Perfect Quantum Code,0.9772727272727273,0.0,0.8888888888888888,True,True,0.0,0.0
3,89,83,3,3,3,"[[89,83,3]]_3",6,{79: 6},79.0,79,1123056186482004609000754056701920954832286461117110841192775409230001342221429768192,0.9896714139146454,0.8876404494382022,0.8876404494382022,0.9999964206177537,0.9999964206177537,0.01032500670310832,0.01032500670310832,1,stabilizer matrix,Semi-Perfect Quantum Code,0.9325842696629213,0.0,0.8888888888888888,False,True,0.0,0.0
3,89,87,2,2,2,"[[89,87,2]]_3",2,{89: 2},89.0,89,237142198758023568227473377297792835283496928595231875152809132048206089502588928,0.9463946303571861,1.0,1.0,0.946394630357186,0.946394630357186,-1.1102230246251565e-16,-1.1102230246251565e-16,1,stabilizer matrix,Semi-Perfect Quantum Code,0.9775280898876404,0.0,0.8888888888888888,True,True,0.0,0.0
3,90,84,3,3,3,"[[90,84,3]]_3",6,{80: 6},80.0,80,10107505678338041481006786510317288593490578150053997570734978683070012079992867913728,0.9897861759822605,0.8888888888888888,0.8888888888888888,0.9999999999999998,0.9999999999999998,0.010213824017739292,0.010213824017739292,1,stabilizer matrix,Semi-Perfect Quantum Code,0.9333333333333333,0.0,0.8888888888888888,False,True,0.0,0.0
3,90,88,2,2,2,"[[90,88,2]]_3",2,{90: 2},90.0,90,1897137590064188545819787018382342682267975428761855001222473056385648716020711424,0.9463946303571861,1.0,1.0,0.946394630357186,0.946394630357186,-1.1102230246251565e-16,-1.1102230246251565e-16,1,stabilizer matrix,Semi-Perfect Quantum Code,0.9777777777777777,0.0,0.8888888888888888,True,True,0.0,0.0
3,91,85,3,3,3,"[[91,85,3]]_3",6,{81: 6},81.0,81,90842767084322150594727661475444272790878282632584076932037833102160108570800096804864,0.9898915505832718,0.8901098901098901,0.8901098901098901,0.9999965539598012,0.9999965539598012,0.01010500337652942,0.01010500337652942,1,stabilizer matrix,Semi-Perfect Quantum Code,0.9340659340659341,0.0,0.8888888888888888,True,True,0.0,0.0
3,91,89,2,2,2,"[[91,89,2]]_3",2,{91: 2},91.0,91,15177100720513508366558296147058741458143803430094840009779784451085189728165691392,0.946394630357186,1.0,1.0,0.946394630357186,0.946394630357186,0.0,0.0,1,stabilizer matrix,Semi-Perfect Quantum Code,0.978021978021978,0.0,0.8888888888888888,True,True,0.0,0.0
3,92,90,2,2,2,"[[92,90,2]]_3",2,{92: 2},92.0,92,121416805764108066932466369176469931665150427440758720078238275608681517825325531136,0.9463946303571861,1.0,1.0,0.946394630357186,0.946394630357186,-1.1102230246251565e-16,-1.1102230246251565e-16,1,stabilizer matrix,Semi-Perfect Quantum Code,0.9782608695652174,0.0,0.8888888888888888,True,True,0.0,0.0
3,93,86,3,3,3,"[[93,86,3]]_3",7,"{78: 1, 80: 2, 82: 2, 84: 2}",81.42857142857143,84,20596974350298009155149582335972094207130909425292315122790609404429855847388296016560128,0.9951461815593154,0.8755760368663594,0.9032258064516129,0.9996051077344174,0.9995073177169103,0.004361136157594814,0.004458926175101907,1,stabilizer matrix,Semi-Perfect Quantum Code,0.9247311827956989,9.779001750709337e-05,0.8888888888888888,True,False,0.027649769585253434,9.779001750709337e-05
3,93,91,2,2,2,"[[93,91,2]]_3",2,{93: 2},93.0,93,971334446112864535459730953411759453321203419526069760625906204869452142602604249088,0.9463946303571861,1.0,1.0,0.946394630357186,0.946394630357186,-1.1102230246251565e-16,-1.1102230246251565e-16,1,stabilizer matrix,Semi-Perfect Quantum Code,0.978494623655914,0.0,0.8888888888888888,True,True,0.0,0.0
3,94,87,3,3,3,"[[94,87,3]]_3",7,"{81: 2, 82: 2, 83: 1, 84: 1, 86: 1}",82.71428571428571,86,276023053736033605469911817412093673040303751582575919281662140659538032333865629419307008,0.9971253735523037,0.8799392097264437,0.9148936170212766,0.9998196195647765,0.9983207637403588,0.0011953901880551454,0.002694246012472812,1,stabilizer matrix,Semi-Perfect Quantum Code,0.925531914893617,0.0014988558244176664,0.8888888888888888,True,False,0.034954407294832894,0.0014988558244176664
3,94,92,2,2,2,"[[94,92,2]]_3",2,{94: 2},94.0,94,7770675568902916283677847627294075626569627356208558085007249638955617140820833992704,0.9463946303571862,1.0,1.0,0.946394630357186,0.946394630357186,-2.220446049250313e-16,-2.220446049250313e-16,1,stabilizer matrix,Semi-Perfect Quantum Code,0.9787234042553191,0.0,0.8888888888888888,True,True,0.0,0.0
3,95,88,3,3,3,"[[95,88,3]]_3",7,"{82: 2, 83: 1, 84: 2, 85: 1, 87: 1}",83.85714285714286,87,2489583345625530859412666498653993460403900656942596293700945478266388067164339695358312448,0.9971659887939041,0.8827067669172933,0.9157894736842105,0.9999133324636194,0.9981979434706131,0.0010319546767090237,0.0027473436697152964,1,stabilizer matrix,Semi-Perfect Quantum Code,0.9263157894736842,0.0017153889930062727,0.8888888888888888,True,False,0.03308270676691725,0.0017153889930062727
3,95,93,2,2,2,"[[95,93,2]]_3",2,{95: 2},95.0,95,62165404551223330269422781018352605012557018849668464680057997111644937126566671941632,0.9463946303571861,1.0,1.0,0.946394630357186,0.946394630357186,-1.1102230246251565e-16,-1.1102230246251565e-16,1,stabilizer matrix,Semi-Perfect Quantum Code,0.9789473684210527,0.0,0.8888888888888888,True,True,0.0,0.0
3,96,89,3,3,3,"[[96,89,3]]_3",7,"{81: 1, 82: 1, 83: 3, 84: 2}",82.85714285714286,84,12727051846652013282448060430558942838199920956457755541864075572004980900116813702928269312,0.9945140485790079,0.8630952380952381,0.875,0.9985600976427549,0.9995707916616016,0.005056743082593629,0.004046049063746948,1,stabilizer matrix,Semi-Perfect Quantum Code,0.9270833333333334,-0.0010106940188466806,0.8888888888888888,False,False,0.011904761904761862,-0.0010106940188466806
3,96,94,2,2,2,"[[96,94,2]]_3",2,{96: 2},96.0,96,497323236409786642155382248146820840100456150797347717440463976893159497012533375533056,0.9463946303571861,1.0,1.0,0.946394630357186,0.946394630357186,-1.1102230246251565e-16,-1.1102230246251565e-16,1,stabilizer matrix,Semi-Perfect Quantum Code,0.9791666666666666,0.0,0.8888888888888888,True,True,0.0,0.0
3,97,90,3,3,3,"[[97,90,3]]_3",7,"{85: 4, 86: 1, 87: 1, 88: 1}",85.85714285714286,88,176306230464435026779130136778082959473090777628007511709184737836960043643576844630221651968,0.9965940949983224,0.8851251840942563,0.9072164948453608,0.9999676791432273,0.9991853626876047,0.002591267689282306,0.003373584144904851,1,stabilizer matrix,Semi-Perfect Quantum Code,0.9278350515463918,0.0007823164556225448,0.8888888888888888,True,False,0.022091310751104525,0.0007823164556225448
3,97,95,2,2,2,"[[97,95,2]]_3",2,{97: 2},97.0,97,3978585891278293137243057985174566720803649206378781739523711815145275976100267004264448,0.9463946303571861,1.0,1.0,0.946394630357186,0.946394630357186,-1.1102230246251565e-16,-1.1102230246251565e-16,1,stabilizer matrix,Semi-Perfect Quantum Code,0.979381443298969,0.0,0.8888888888888888,True,True,0.0,0.0
3,98,91,3,3,3,"[[98,91,3]]_3",7,"{82: 1, 84: 2, 85: 3, 87: 1}",84.57142857142857,87,1069587848580613735502888745523423686457124096156484924518675986785446819554853267710014390272,0.9947971397131778,0.8629737609329445,0.8877551020408163,0.9985468998420509,0.9999970469850958,0.005199907271917992,0.0037497601288730698,1,stabilizer matrix,Semi-Perfect Quantum Code,0.9285714285714286,-0.001450147143044922,0.8888888888888888,False,False,0.02478134110787174,-0.001450147143044922
3,98,96,2,2,2,"[[98,96,2]]_3",2,{98: 2},98.0,98,31828687130226345097944463881396533766429193651030253916189694521162207808802136034115584,0.9463946303571861,1.0,1.0,0.946394630357186,0.946394630357186,-1.1102230246251565e-16,-1.1102230246251565e-16,1,stabilizer matrix,Semi-Perfect Quantum Code,0.9795918367346939,0.0,0.8888888888888888,True,True,0.0,0.0
3,99,92,3,3,3,"[[99,92,3]]_3",7,"{86: 3, 87: 1, 88: 1, 89: 1, 90: 1}",87.42857142857143,90,17005348130378072764035109071795684760148919923937032000135452997212934888558766122385513906176,0.9974656199220919,0.8831168831168832,0.9090909090909091,0.9999243716157971,0.9990046176970633,0.0015389977749713513,0.00245875169370513,1,stabilizer matrix,Semi-Perfect Quantum Code,0.9292929292929293,0.0009197539187337789,0.8888888888888888,True,False,0.025974025974025955,0.0009197539187337789
3,99,97,2,2,2,"[[99,97,2]]_3",2,{99: 2},99.0,99,254629497041810760783555711051172270131433549208242031329517556169297662470417088272924672,0.9463946303571862,1.0,1.0,0.946394630357186,0.946394630357186,-2.220446049250313e-16,-2.220446049250313e-16,1,stabilizer matrix,Semi-Perfect Quantum Code,0.9797979797979798,0.0,0.8888888888888888,True,True,0.0,0.0
3,100,93,3,3,3,"[[100,93,3]]_3",7,"{83: 1, 87: 2, 88: 1, 89: 1, 90: 1, 91: 1}",87.85714285714286,91,158797109697186140147621728800281985843998016905479014709362579810368815618146541990931972751360,0.9976587885337999,0.8785714285714286,0.91,0.9997610797741665,0.9989100106858559,0.0012512221520560862,0.0021022912403666494,1,stabilizer matrix,Semi-Perfect Quantum Code,0.93,0.0008510690883105632,0.8888888888888888,True,False,0.03142857142857139,0.0008510690883105632
3,100,98,2,2,2,"[[100,98,2]]_3",2,{100: 2},100.0,100,2037035976334486086268445688409378161051468393665936250636140449354381299763336706183397376,0.9463946303571861,1.0,1.0,0.946394630357186,0.946394630357186,-1.1102230246251565e-16,-1.1102230246251565e-16,1,stabilizer matrix,Semi-Perfect Quantum Code,0.98,0.0,0.8888888888888888,True,True,0.0,0.0
4,2,0,2,2,2,"[[2,0,2]]_4",4,{2: 4},2.0,2,225,0.9767226489021297,1.0,1.0,0.9767226489021297,0.9767226489021297,0.0,0.0,1,stabilizer matrix,Semi-Perfect Quantum Code,0.0,0.0,0.9375,True,True,0.0,0.0
4,3,1,2,2,2,"[[3,1,2]]_4",4,{3: 4},3.0,3,3375,0.9767226489021297,1.0,1.0,0.9767226489021297,0.9767226489021297,0.0,0.0,1,stabilizer matrix,Semi-Perfect Quantum Code,0.3333333333333333,0.0,0.9375,True,True,0.0,0.0
4,4,0,3,3,3,"[[4,0,3]]_4",8,{3: 8},3.0,3,13500,0.8575419866765972,0.75,0.75,0.9353615177913804,0.9353615177913804,0.07781953111478324,0.07781953111478324,1,stabilizer matrix,Semi-Perfect Quantum Code,0.0,0.0,0.9375,False,True,0.0,0.0
4,4,2,2,2,2,"[[4,2,2]]_4",4,{4: 4},4.0,4,50625,0.9767226489021297,1.0,1.0,0.9767226489021297,0.9767226489021297,0.0,0.0,1,stabilizer matrix,Semi-Perfect Quantum Code,0.5,0.0,0.9375,True,True,0.0,0.0
4,5,1,3,3,3,"[[5,1,3]]_4",8,{4: 8},4.0,4,253125,0.8974745238660717,0.8,0.8,0.9618601428435443,0.9618601428435443,0.06438561897747253,0.06438561897747253,1,stabilizer matrix,Semi-Perfect Quantum Code,0.2,0.0,0.9375,False,True,0.0,0.0
4,5,3,2,2,2,"[[5,3,2]]_4",4,{5: 4},5.0,5,759375,0.9767226489021297,1.0,1.0,0.9767226489021297,0.9767226489021297,0.0,0.0,1,stabilizer matrix,Semi-Perfect Quantum Code,0.6,0.0,0.9375,True,True,0.0,0.0
4,6,0,4,4,4,"[[6,0,4]]_4",12,{4: 12},4.0,4,759375,0.8139355407517748,0.6666666666666666,0.6666666666666666,0.8807223911150421,0.8807223911150421,0.06678685036326737,0.06678685036326737,1,stabilizer matrix,Semi-Perfect Quantum Code,0.0,0.0,0.9375,False,True,0.0,0.0
4,6,2,3,3,3,"[[6,2,3]]_4",8,{5: 8},5.0,5,4556250,0.9216423116151563,0.8333333333333334,0.8333333333333334,0.9764411461638633,0.9764411461638633,0.05479883454870704,0.05479883454870704,1,stabilizer matrix,Semi-Perfect Quantum Code,0.3333333333333333,0.0,0.9375,False,True,0.0,0.0
4,6,4,2,2,2,"[[6,4,2]]_4",4,{6: 4},6.0,6,11390625,0.9767226489021297,1.0,1.0,0.9767226489021297,0.9767226489021297,0.0,0.0,1,stabilizer matrix,Semi-Perfect Quantum Code,0.6666666666666666,0.0,0.9375,True,True,0.0,0.0
4,7,3,3,3,3,"[[7,3,3]]_4",8,{6: 8},6.0,6,79734375,0.9374535177038827,0.8571428571428571,0.8571428571428571,0.985109036561693,0.985109036561693,0.047655518857810275,0.047655518857810275,1,stabilizer matrix,Semi-Perfect Quantum Code,0.42857142857142855,0.0,0.9375,False,True,0.0,0.0
4,7,5,2,2,2,"[[7,5,2]]_4",4,{7: 4},7.0,7,170859375,0.9767226489021297,1.0,1.0,0.9767226489021297,0.9767226489021297,0.0,0.0,1,stabilizer matrix,Semi-Perfect Quantum Code,0.7142857142857143,0.0,0.9375,True,True,0.0,0.0
4,8,2,4,4,4,"[[8,2,4]]_4",12,{6: 12},6.0,6,318937500,0.8827718279908975,0.75,0.75,0.9353615177913804,0.9353615177913804,0.05258968980048295,0.05258968980048295,1,stabilizer matrix,Semi-Perfect Quantum Code,0.25,0.0,0.9375,False,True,0.0,0.0
4,8,4,3,3,3,"[[8,4,3]]_4",8,{7: 8},7.0,7,1366875000,0.9483823177893635,0.875,0.875,0.9905234285892626,0.9905234285892626,0.04214111079989902,0.04214111079989902,1,stabilizer matrix,Semi-Perfect Quantum Code,0.5,0.0,0.9375,False,True,0.0,0.0
4,8,6,2,2,2,"[[8,6,2]]_4",4,{8: 4},8.0,8,2562890625,0.9767226489021297,1.0,1.0,0.9767226489021297,0.9767226489021297,0.0,0.0,1,stabilizer matrix,Semi-Perfect Quantum Code,0.75,0.0,0.9375,True,True,0.0,0.0
4,9,1,5,5,5,"[[9,1,5]]_4",16,{6: 16},6.0,6,956812500,0.8287128054563853,0.6666666666666666,0.6666666666666666,0.8807223911150421,0.8807223911150421,0.052009585658656876,0.052009585658656876,1,stabilizer matrix,Semi-Perfect Quantum Code,0.1111111111111111,0.0,0.9375,False,True,0.0,0.0
4,9,3,4,4,4,"[[9,3,4]]_4",12,{7: 12},7.0,7,6150937500,0.903282199186165,0.7777777777777778,0.7777777777777778,0.9507242979954783,0.9507242979954783,0.04744209880931327,0.04744209880931327,1,stabilizer matrix,Semi-Perfect Quantum Code,0.3333333333333333,0.0,0.9375,False,True,0.0,0.0
4,9,5,3,3,3,"[[9,5,3]]_4",8,{8: 8},8.0,8,23066015625,0.9562513823975127,0.8888888888888888,0.8888888888888888,0.9940124938291377,0.9940124938291377,0.03776111143162497,0.03776111143162497,1,stabilizer matrix,Semi-Perfect Quantum Code,0.5555555555555556,0.0,0.9375,False,True,0.0,0.0
4,9,7,2,2,2,"[[9,7,2]]_4",4,{9: 4},9.0,9,38443359375,0.9767226489021297,1.0,1.0,0.9767226489021297,0.9767226489021297,0.0,0.0,1,stabilizer matrix,Semi-Perfect Quantum Code,0.7777777777777778,0.0,0.9375,True,True,0.0,0.0
4,10,0,6,6,6,"[[10,0,6]]_4",20,{6: 20},6.0,6,2392031250,0.7788897272829308,0.6,0.6,0.828771237954945,0.828771237954945,0.049881510672014184,0.049881510672014184,1,stabilizer matrix,Semi-Perfect Quantum Code,0.0,0.0,0.9375,False,True,0.0,0.0
4,10,4,4,4,4,"[[10,4,4]]_4",12,{8: 12},8.0,8,115330078125,0.9186744465299457,0.8,0.8,0.9618601428435443,0.9618601428435443,0.04318569631359859,0.04318569631359859,1,stabilizer matrix,Semi-Perfect Quantum Code,0.4,0.0,0.9375,False,True,0.0,0.0
4,10,6,3,3,3,"[[10,6,3]]_4",8,{9: 8},9.0,9,384433593750,0.9620985863841007,0.9,0.9,0.9962992824092369,0.9962992824092369,0.0342006960251362,0.0342006960251362,1,stabilizer matrix,Semi-Perfect Quantum Code,0.6,0.0,0.9375,False,True,0.0,0.0
4,10,8,2,2,2,"[[10,8,2]]_4",4,{10: 4},10.0,10,576650390625,0.9767226489021297,1.0,1.0,0.9767226489021297,0.9767226489021297,0.0,0.0,1,stabilizer matrix,Semi-Perfect Quantum Code,0.8,0.0,0.9375,True,True,0.0,0.0
4,11,5,4,4,4,"[[11,5,4]]_4",12,{9: 12},9.0,9,2114384765625,0.9305312516818484,0.8181818181818182,0.8181818181818182,0.9701463216478665,0.9701463216478665,0.03961506996601816,0.03961506996601816,1,stabilizer matrix,Semi-Perfect Quantum Code,0.45454545454545453,0.0,0.9375,False,True,0.0,0.0
4,11,7,3,3,3,"[[11,7,3]]_4",8,{10: 8},10.0,10,6343154296875,0.9665531266982382,0.9090909090909091,0.9090909090909091,0.9978039275504962,0.9978039275504962,0.031250800852257954,0.031250800852257954,1,stabilizer matrix,Semi-Perfect Quantum Code,0.6363636363636364,0.0,0.9375,False,True,0.0,0.0
4,11,9,2,2,2,"[[11,9,2]]_4",4,{11: 4},11.0,11,8649755859375,0.9767226489021297,1.0,1.0,0.9767226489021297,0.9767226489021297,0.0,0.0,1,stabilizer matrix,Semi-Perfect Quantum Code,0.8181818181818182,0.0,0.9375,True,True,0.0,0.0
4,12,6,4,4,4,"[[12,6,4]]_4",12,{10: 12},10.0,10,38058925781250,0.9398604182384092,0.8333333333333334,0.8333333333333334,0.9764411461638633,0.9764411461638633,0.03658072792545419,0.03658072792545419,1,stabilizer matrix,Semi-Perfect Quantum Code,0.5,0.0,0.9375,False,True,0.0,0.0
4,12,8,3,3,3,"[[12,8,3]]_4",8,{11: 8},11.0,11,103797070312500,0.9700158135919763,0.9166666666666666,0.9166666666666666,0.9987833074028607,0.9987833074028607,0.028767493810884393,0.028767493810884393,1,stabilizer matrix,Semi-Perfect Quantum Code,0.6666666666666666,0.0,0.9375,False,True,0.0,0.0
4,12,10,2,2,2,"[[12,10,2]]_4",4,{12: 4},12.0,12,129746337890625,0.9767226489021297,1.0,1.0,0.9767226489021297,0.9767226489021297,0.0,0.0,1,stabilizer matrix,Semi-Perfect Quantum Code,0.8333333333333334,0.0,0.9375,True,True,0.0,0.0
4,13,9,3,3,3,"[[13,9,3]]_4",8,{12: 8},12.0,12,1686702392578125,0.9727524397200638,0.9230769230769231,0.9230769230769231,0.9994010283554337,0.9994010283554337,0.026648588635369896,0.026648588635369896,1,stabilizer matrix,Semi-Perfect Quantum Code,0.6923076923076923,0.0,0.9375,False,True,0.0,0.0
4,13,11,2,2,2,"[[13,11,2]]_4",4,{13: 4},13.0,13,1946195068359375,0.9767226489021297,1.0,1.0,0.9767226489021297,0.9767226489021297,0.0,0.0,1,stabilizer matrix,Semi-Perfect Quantum Code,0.8461538461538461,0.0,0.9375,True,True,0.0,0.0
4,14,8,4,4,4,"[[14,8,4]]_4",12,{12: 12},12.0,12,11806916748046875,0.9534014604910879,0.8571428571428571,0.8571428571428571,0.985109036561693,0.985109036561693,0.03170757607060515,0.03170757607060515,1,stabilizer matrix,Semi-Perfect Quantum Code,0.5714285714285714,0.0,0.9375,False,True,0.0,0.0
4,14,10,3,3,3,"[[14,10,3]]_4",8,{13: 8},13.0,13,27246730957031250,0.9749452261601491,0.9285714285714286,0.9285714285714286,0.9997648270693392,0.9997648270693392,0.02481960090919011,0.02481960090919011,1,stabilizer matrix,Semi-Perfect Quantum Code,0.7142857142857143,0.0,0.9375,False,True,0.0,0.0
4,14,12,2,2,2,"[[14,12,2]]_4",4,{14: 4},14.0,14,29192926025390625,0.9767226489021297,1.0,1.0,0.9767226489021297,0.9767226489021297,0.0,0.0,1,stabilizer matrix,Semi-Perfect Quantum Code,0.8571428571428571,0.0,0.9375,True,True,0.0,0.0
4,15,11,3,3,3,"[[15,11,3]]_4",8,{14: 8},14.0,14,437893890380859375,0.9767226489021297,0.9333333333333333,0.9333333333333333,0.999947639397343,0.999947639397343,0.023224990495213316,0.023224990495213316,1,stabilizer matrix,Semi-Perfect Quantum Code,0.7333333333333333,0.0,0.9375,False,True,0.0,0.0
4,15,13,2,2,2,"[[15,13,2]]_4",4,{15: 4},15.0,15,437893890380859375,0.9767226489021297,1.0,1.0,0.9767226489021297,0.9767226489021297,0.0,0.0,1,stabilizer matrix,Semi-Perfect Quantum Code,0.8666666666666667,0.0,0.9375,True,True,0.0,0.0
4,16,10,4,4,4,"[[16,10,4]]_4",12,{14: 12},14.0,14,3503151123046875000,0.9625524833457465,0.875,0.875,0.9905234285892626,0.9905234285892626,0.027970945243516065,0.027970945243516065,1,stabilizer matrix,Semi-Perfect Quantum Code,0.625,0.0,0.9375,False,True,0.0,0.0
4,16,12,3,3,3,"[[16,12,3]]_4",8,{15: 8},15.0,15,7006302246093750000,0.9781774833457466,0.9375,0.9375,1.0,1.0,0.021822516654253388,0.021822516654253388,1,stabilizer matrix,Semi-Perfect Quantum Code,0.75,0.0,0.9375,False,True,0.0,0.0
4,16,14,2,2,2,"[[16,14,2]]_4",4,{16: 4},16.0,16,6568408355712890625,0.9767226489021297,1.0,1.0,0.9767226489021297,0.9767226489021297,0.0,0.0,1,stabilizer matrix,Semi-Perfect Quantum Code,0.875,0.0,0.9375,True,True,0.0,0.0
4,17,9,5,5,5,"[[17,9,5]]_4",16,{14: 16},14.0,14,19851189697265625000,0.9427332246273084,0.8235294117647058,0.8235294117647058,0.9724335327765457,0.9724335327765457,0.029700308149237298,0.029700308149237298,1,stabilizer matrix,Semi-Perfect Quantum Code,0.5294117647058824,0.0,0.9375,False,True,0.0,0.0
4,17,13,3,3,3,"[[17,13,3]]_4",8,{16: 8},16.0,16,111662942047119140625,0.9793781231027447,0.9411764705882353,0.9411764705882353,0.9999576151616482,0.9999576151616482,0.020579492058903415,0.020579492058903415,1,stabilizer matrix,Semi-Perfect Quantum Code,0.7647058823529411,0.0,0.9375,True,True,0.0,0.0
4,17,15,2,2,2,"[[17,15,2]]_4",4,{17: 4},17.0,17,98526125335693359375,0.9767226489021297,1.0,1.0,0.9767226489021297,0.9767226489021297,0.0,0.0,1,stabilizer matrix,Semi-Perfect Quantum Code,0.8823529411764706,0.0,0.9375,True,True,0.0,0.0
4,18,12,4,4,4,"[[18,12,4]]_4",12,{16: 12},16.0,16,1004966478424072265625,0.9689949635059576,0.8888888888888888,0.8888888888888888,0.9940124938291377,0.9940124938291377,0.025017530323180104,0.025017530323180104,1,stabilizer matrix,Semi-Perfect Quantum Code,0.6666666666666666,0.0,0.9375,False,True,0.0,0.0
4,18,16,2,2,2,"[[18,16,2]]_4",4,{18: 4},18.0,18,1477891880035400390625,0.9767226489021297,1.0,1.0,0.9767226489021297,0.9767226489021297,0.0,0.0,1,stabilizer matrix,Semi-Perfect Quantum Code,0.8888888888888888,0.0,0.9375,True,True,0.0,0.0
4,19,14,3,3,3,"[[19,14,3]]_4",10,"{16: 3, 17: 6, 18: 1}",16.8,18,51292700849761962890625,0.9926469950902838,0.8842105263157896,0.9473684210526315,0.9929123197477091,0.9996842559265768,0.00703726083629308,0.0002653246574253476,1,stabilizer matrix,Semi-Perfect Quantum Code,0.7368421052631579,-0.006771936178867732,0.9375,True,False,0.06315789473684207,-0.006771936178867732
4,19,17,2,2,2,"[[19,17,2]]_4",4,{19: 4},19.0,19,22168378200531005859375,0.9767226489021297,1.0,1.0,0.9767226489021297,0.9767226489021297,0.0,0.0,1,stabilizer matrix,Semi-Perfect Quantum Code,0.8947368421052632,0.0,0.9375,True,True,0.0,0.0
4,20,13,4,4,4,"[[20,13,4]]_4",14,"{16: 7, 17: 3, 18: 4}",16.785714285714285,18,424943178572845458984375,0.9811452015759914,0.8392857142857142,0.9,0.9787532704776627,0.9962992824092369,0.015154080833245542,-0.0023919310983286923,1,stabilizer matrix,Semi-Perfect Quantum Code,0.65,-0.017546011931574235,0.9375,False,False,0.06071428571428576,-0.017546011931574235
4,20,15,3,3,3,"[[20,15,3]]_4",10,"{15: 1, 16: 2, 17: 2, 18: 2, 19: 3}",17.4,19,875099849459930419921875,0.9941724227648163,0.8699999999999999,0.95,0.98910825080185,0.9994857557360122,0.00531333297119585,-0.0050641719629662685,1,stabilizer matrix,Semi-Perfect Quantum Code,0.75,-0.010377504934162118,0.9375,True,False,0.08000000000000007,-0.010377504934162118
4,20,18,2,2,2,"[[20,18,2]]_4",4,{20: 4},20.0,20,332525673007965087890625,0.9767226489021297,1.0,1.0,0.9767226489021297,0.9767226489021297,0.0,0.0,1,stabilizer matrix,Semi-Perfect Quantum Code,0.9,0.0,0.9375,True,True,0.0,0.0
4,21,16,3,3,3,"[[21,16,3]]_4",10,"{17: 1, 18: 2, 19: 3, 20: 4}",19.0,20,14193673615859985351562500,0.9946839334426637,0.9047619047619048,0.9523809523809523,0.9971305290415202,0.9992609034854416,0.004576970042777906,0.002446595598856516,1,stabilizer matrix,Semi-Perfect Quantum Code,0.7619047619047619,-0.00213037444392139,0.9375,True,False,0.047619047619047616,-0.00213037444392139
4,21,19,2,2,2,"[[21,19,2]]_4",4,{21: 4},21.0,21,4987885095119476318359375,0.9767226489021297,1.0,1.0,0.9767226489021297,0.9767226489021297,0.0,0.0,1,stabilizer matrix,Semi-Perfect Quantum Code,0.9047619047619048,0.0,0.9375,True,True,0.0,0.0
4,22,17,3,3,3,"[[22,17,3]]_4",10,"{19: 1, 20: 7, 21: 2}",20.1,21,220686204986286163330078125,0.9944559876951103,0.9136363636363637,0.9545454545454546,0.9984228795572099,0.9990174118118803,0.004561424116769963,0.003966891862099531,1,stabilizer matrix,Semi-Perfect Quantum Code,0.7727272727272727,-0.0005945322546704324,0.9375,True,False,0.040909090909090846,-0.0005945322546704324
4,22,20,2,2,2,"[[22,20,2]]_4",4,{22: 4},22.0,22,74818276426792144775390625,0.9767226489021297,1.0,1.0,0.9767226489021297,0.9767226489021297,0.0,0.0,1,stabilizer matrix,Semi-Perfect Quantum Code,0.9090909090909091,0.0,0.9375,True,True,0.0,0.0
4,23,18,3,3,3,"[[23,18,3]]_4",10,"{19: 1, 20: 3, 21: 1, 22: 5}",21.0,22,3767959242744255065917968750,0.9957156730614389,0.9130434782608695,0.9565217391304348,0.9983474088993068,0.9987611139421539,0.0030454408807150113,0.00263173583786791,1,stabilizer matrix,Semi-Perfect Quantum Code,0.782608695652174,-0.0004137050428471012,0.9375,True,False,0.043478260869565216,-0.0004137050428471012
4,23,21,2,2,2,"[[23,21,2]]_4",4,{23: 4},23.0,23,1122274146401882171630859375,0.9767226489021297,1.0,1.0,0.9767226489021297,0.9767226489021297,0.0,0.0,1,stabilizer matrix,Semi-Perfect Quantum Code,0.9130434782608695,0.0,0.9375,True,True,0.0,0.0
4,24,17,4,4,4,"[[24,17,4]]_4",14,"{20: 10, 21: 2, 22: 2}",20.428571428571427,22,34278741527699089050292968750,0.9874093833514351,0.8511904761904762,0.9166666666666666,0.9830902921059109,0.9987833074028607,0.011373924051425566,-0.004319091245524209,1,stabilizer matrix,Semi-Perfect Quantum Code,0.7083333333333334,-0.015693015296949775,0.9375,False,False,0.06547619047619054,-0.015693015296949775
4,24,19,3,3,3,"[[24,19,3]]_4",10,"{21: 5, 22: 4, 23: 1}",21.6,23,57679903239961624145507812500,0.9952297437630827,0.9,0.9583333333333334,0.9962992824092369,0.9984964450728374,0.003266701309754705,0.0010695386461542222,1,stabilizer matrix,Semi-Perfect Quantum Code,0.7916666666666666,-0.0021971626636004826,0.9375,True,False,0.05833333333333327,-0.0021971626636004826
4,24,22,2,2,2,"[[24,22,2]]_4",4,{24: 4},24.0,24,16834112196028232574462890625,0.9767226489021297,1.0,1.0,0.9767226489021297,0.9767226489021297,0.0,0.0,1,stabilizer matrix,Semi-Perfect Quantum Code,0.9166666666666666,0.0,0.9375,True,True,0.0,0.0
4,25,20,3,3,3,"[[25,20,3]]_4",10,"{22: 4, 23: 3, 24: 3}",22.9,24,929617084602892398834228515625,0.9955255133472442,0.9159999999999999,0.96,0.9987076842073184,0.9982267902166482,0.0027012768694040235,0.0031821708600742182,1,stabilizer matrix,Semi-Perfect Quantum Code,0.8,0.0004808939906701948,0.9375,True,False,0.04400000000000006,0.0004808939906701948
4,25,23,2,2,2,"[[25,23,2]]_4",4,{25: 4},25.0,25,252511682940423488616943359375,0.9767226489021296,1.0,1.0,0.9767226489021297,0.9767226489021297,1.1102230246251565e-16,1.1102230246251565e-16,1,stabilizer matrix,Semi-Perfect Quantum Code,0.92,0.0,0.9375,True,True,0.0,0.0
4,26,21,3,3,3,"[[26,21,3]]_4",10,"{23: 4, 24: 4, 25: 2}",23.8,25,14954303000805079936981201171875,0.9957724193416331,0.9153846153846155,0.9615384615384616,0.9986360287162639,0.997954738629935,0.002182319288301926,0.0028636093746308156,1,stabilizer matrix,Semi-Perfect Quantum Code,0.8076923076923077,0.0006812900863288895,0.9375,True,False,0.04615384615384613,0.0006812900863288895
4,26,24,2,2,2,"[[26,24,2]]_4",4,{26: 4},26.0,26,3787675244106352329254150390625,0.9767226489021297,1.0,1.0,0.9767226489021297,0.9767226489021297,0.0,0.0,1,stabilizer matrix,Semi-Perfect Quantum Code,0.9230769230769231,0.0,0.9375,True,True,0.0,0.0
4,27,22,3,3,3,"[[27,22,3]]_4",10,"{23: 3, 24: 1, 25: 6}",24.3,25,157567290154824256896972656250000,0.9903487695284741,0.9,0.9259259259259259,0.9962992824092369,0.9996094694838751,0.00926069995540102,0.0059505128807628704,1,stabilizer matrix,Semi-Perfect Quantum Code,0.8148148148148148,-0.003310187074638149,0.9375,False,False,0.0259259259259259,-0.003310187074638149
4,27,25,2,2,2,"[[27,25,2]]_4",4,{27: 4},27.0,27,56815128661595284938812255859375,0.9767226489021296,1.0,1.0,0.9767226489021297,0.9767226489021297,1.1102230246251565e-16,1.1102230246251565e-16,1,stabilizer matrix,Semi-Perfect Quantum Code,0.9259259259259259,0.0,0.9375,True,True,0.0,0.0
4,28,23,3,3,3,"[[28,23,3]]_4",10,"{25: 6, 26: 2, 27: 2}",25.6,27,3849793118109696507453918457031250,0.9961465004552454,0.9142857142857144,0.9642857142857143,0.9985036939313068,0.9974109048270471,0.0012644043718016418,0.0023571934760613367,1,stabilizer matrix,Semi-Perfect Quantum Code,0.8214285714285714,0.0010927891042596949,0.9375,True,False,0.04999999999999995,0.0010927891042596949
4,28,26,2,2,2,"[[28,26,2]]_4",4,{28: 4},28.0,28,852226929923929274082183837890625,0.9767226489021297,1.0,1.0,0.9767226489021297,0.9767226489021297,0.0,0.0,1,stabilizer matrix,Semi-Perfect Quantum Code,0.9285714285714286,0.0,0.9375,True,True,0.0,0.0
4,29,24,3,3,3,"[[29,24,3]]_4",10,"{26: 5, 27: 1, 28: 4}",26.9,28,61621688546366246044635772705078125,0.9962844262203261,0.9275862068965517,0.9655172413793104,0.9997113490663248,0.9971417906734932,0.0008573644531670865,0.003426922845998659,1,stabilizer matrix,Semi-Perfect Quantum Code,0.8275862068965517,0.0025695583928315724,0.9375,True,False,0.03793103448275867,0.0025695583928315724
4,29,27,2,2,2,"[[29,27,2]]_4",4,{29: 4},29.0,29,12783403948858939111232757568359375,0.9767226489021296,1.0,1.0,0.9767226489021297,0.9767226489021297,1.1102230246251565e-16,1.1102230246251565e-16,1,stabilizer matrix,Semi-Perfect Quantum Code,0.9310344827586207,0.0,0.9375,True,True,0.0,0.0
4,30,25,3,3,3,"[[30,25,3]]_4",10,"{26: 2, 27: 5, 28: 1, 29: 2}",27.3,29,1088691495413488849997520446777343750,0.997600055072218,0.91,0.9666666666666667,0.9979350647669637,0.9968758023516917,-0.0007242527205263416,0.0003350096947456471,1,stabilizer matrix,Semi-Perfect Quantum Code,0.8333333333333334,0.0010592624152719887,0.9375,True,False,0.05666666666666664,0.0010592624152719887
4,30,28,2,2,2,"[[30,28,2]]_4",4,{30: 4},30.0,30,191751059232884086668491363525390625,0.9767226489021297,1.0,1.0,0.9767226489021297,0.9767226489021297,0.0,0.0,1,stabilizer matrix,Semi-Perfect Quantum Code,0.9333333333333333,0.0,0.9375,True,True,0.0,0.0
4,31,26,3,3,3,"[[31,26,3]]_4",10,"{27: 1, 28: 2, 29: 6, 30: 1}",28.7,30,17507013745783971101045608520507812500,0.9977360687763428,0.9258064516129032,0.967741935483871,0.9996015755076006,0.9966135937257511,-0.0011224750505917092,0.0018655067312578488,1,stabilizer matrix,Semi-Perfect Quantum Code,0.8387096774193549,0.002987981781849558,0.9375,True,False,0.041935483870967766,0.002987981781849558
4,31,29,2,2,2,"[[31,29,2]]_4",4,{31: 4},31.0,31,2876265888493261300027370452880859375,0.9767226489021296,1.0,1.0,0.9767226489021297,0.9767226489021297,1.1102230246251565e-16,1.1102230246251565e-16,1,stabilizer matrix,Semi-Perfect Quantum Code,0.9354838709677419,0.0,0.9375,True,True,0.0,0.0
4,32,25,4,4,4,"[[32,25,4]]_4",14,"{28: 10, 30: 4}",28.571428571428573,30,125754605779575003683567047119140625000,0.9887803034814119,0.8928571428571429,0.9375,0.9948831291186991,1.0,0.011219696518588118,0.006102825637287257,1,stabilizer matrix,Semi-Perfect Quantum Code,0.78125,-0.005116870881300861,0.9375,False,False,0.044642857142857095,-0.005116870881300861
4,32,27,3,3,3,"[[32,27,3]]_4",10,"{29: 2, 30: 8}",29.8,30,158514208965850844979286193847656250000,0.9913896857250675,0.93125,0.9375,0.9998833383965233,1.0,0.008610314274932529,0.008493652671455854,1,stabilizer matrix,Semi-Perfect Quantum Code,0.84375,-0.00011666160347667542,0.9375,False,False,0.006249999999999978,-0.00011666160347667542
4,32,30,2,2,2,"[[32,30,2]]_4",4,{32: 4},32.0,32,43143988327398919500410556793212890625,0.9767226489021297,1.0,1.0,0.9767226489021297,0.9767226489021297,0.0,0.0,1,stabilizer matrix,Semi-Perfect Quantum Code,0.9375,0.0,0.9375,True,True,0.0,0.0
4,33,28,3,3,3,"[[33,28,3]]_4",10,"{29: 1, 30: 4, 31: 5}",30.4,31,3087959057886365331709384918212890625000,0.9938018888270977,0.9212121212121211,0.9393939393939394,0.9992421780360534,0.9999888543992418,0.006186965572144043,0.005440289208955673,1,stabilizer matrix,Semi-Perfect Quantum Code,0.8484848484848485,-0.0007466763631883699,0.9375,True,False,0.018181818181818226,-0.0007466763631883699
4,33,31,2,2,2,"[[33,31,2]]_4",4,{33: 4},33.0,33,647159824910983792506158351898193359375,0.9767226489021298,1.0,1.0,0.9767226489021297,0.9767226489021297,-1.1102230246251565e-16,-1.1102230246251565e-16,1,stabilizer matrix,Semi-Perfect Quantum Code,0.9393939393939394,0.0,0.9375,True,True,0.0,0.0
4,34,29,3,3,3,"[[34,29,3]]_4",10,"{30: 2, 31: 2, 32: 4, 33: 2}",31.6,33,72311433698372150807641446590423583984375,0.9980246145290128,0.9294117647058824,0.9705882352941176,0.9998062721013515,0.9958538258732624,-0.0021707886557503775,0.001781657572338724,1,stabilizer matrix,Semi-Perfect Quantum Code,0.8529411764705882,0.0039524462280891015,0.9375,True,False,0.04117647058823525,0.0039524462280891015
4,34,32,2,2,2,"[[34,32,2]]_4",4,{34: 4},34.0,34,9707397373664756887592375278472900390625,0.9767226489021297,1.0,1.0,0.9767226489021297,0.9767226489021297,0.0,0.0,1,stabilizer matrix,Semi-Perfect Quantum Code,0.9411764705882353,0.0,0.9375,True,True,0.0,0.0
4,35,30,3,3,3,"[[35,30,3]]_4",10,"{31: 3, 32: 1, 33: 5, 34: 1}",32.4,34,1157797689424634937406517565250396728515625,0.9980883083415482,0.9257142857142857,0.9714285714285714,0.999595434651563,0.995610351723228,-0.0024779566183201762,0.001507126310014817,1,stabilizer matrix,Semi-Perfect Quantum Code,0.8571428571428571,0.003985082928334993,0.9375,True,False,0.045714285714285756,0.003985082928334993
4,35,33,2,2,2,"[[35,33,2]]_4",4,{35: 4},35.0,35,145610960604971353313885629177093505859375,0.9767226489021298,1.0,1.0,0.9767226489021297,0.9767226489021297,-1.1102230246251565e-16,-1.1102230246251565e-16,1,stabilizer matrix,Semi-Perfect Quantum Code,0.9428571428571428,0.0,0.9375,True,True,0.0,0.0
4,36,31,3,3,3,"[[36,31,3]]_4",10,"{32: 6, 33: 3, 34: 1}",32.5,34,13277778127698654470848850905895233154296875,0.9948050127071407,0.9027777777777778,0.9444444444444444,0.996795474017873,0.9998461368062593,0.00504112409911861,0.0019904613107323277,1,stabilizer matrix,Semi-Perfect Quantum Code,0.8611111111111112,-0.0030506627883862825,0.9375,True,False,0.041666666666666664,-0.0030506627883862825
4,36,34,2,2,2,"[[36,34,2]]_4",4,{36: 4},36.0,36,2184164409074570299708284437656402587890625,0.9767226489021297,1.0,1.0,0.9767226489021297,0.9767226489021297,0.0,0.0,1,stabilizer matrix,Semi-Perfect Quantum Code,0.9444444444444444,0.0,0.9375,True,True,0.0,0.0
4,37,32,3,3,3,"[[37,32,3]]_4",10,"{32: 1, 33: 1, 34: 7, 35: 1}",33.8,35,233951383072480213713180273771286010742187500,0.9958854387343505,0.9135135135135134,0.9459459459459459,0.9984073731373895,0.9997705390641586,0.0038851003298080444,0.002521934403038939,1,stabilizer matrix,Semi-Perfect Quantum Code,0.8648648648648649,-0.0013631659267691054,0.9375,True,False,0.03243243243243251,-0.0013631659267691054
4,37,35,2,2,2,"[[37,35,2]]_4",4,{37: 4},37.0,37,32762466136118554495624266564846038818359375,0.9767226489021298,1.0,1.0,0.9767226489021297,0.9767226489021297,-1.1102230246251565e-16,-1.1102230246251565e-16,1,stabilizer matrix,Semi-Perfect Quantum Code,0.9459459459459459,0.0,0.9375,True,True,0.0,0.0
4,38,33,3,3,3,"[[38,33,3]]_4",10,"{34: 1, 35: 7, 36: 2}",35.1,36,3480393180380025286908494308590888977050781250,0.9953027274119804,0.9236842105263158,0.9473684210526315,0.9994489651570723,0.9996842559265768,0.004381528514596389,0.004146237745091819,1,stabilizer matrix,Semi-Perfect Quantum Code,0.868421052631579,-0.00023529076950457029,0.9375,True,False,0.023684210526315752,-0.00023529076950457029
4,38,36,2,2,2,"[[38,36,2]]_4",4,{38: 4},38.0,38,491436992041778317434363998472690582275390625,0.9767226489021297,1.0,1.0,0.9767226489021297,0.9767226489021297,0.0,0.0,1,stabilizer matrix,Semi-Perfect Quantum Code,0.9473684210526315,0.0,0.9375,True,True,0.0,0.0
4,39,34,3,3,3,"[[39,34,3]]_4",10,"{36: 6, 37: 4}",36.4,37,44238065941396346850291593000292778015136718750,0.993294747936599,0.9333333333333333,0.9487179487179487,0.999947639397343,0.9995888720825111,0.006294124145912128,0.006652891460743993,1,stabilizer matrix,Semi-Perfect Quantum Code,0.8717948717948718,0.00035876731483186486,0.9375,True,False,0.015384615384615422,0.00035876731483186486
4,39,37,2,2,2,"[[39,37,2]]_4",4,{39: 4},39.0,39,7371554880626674761515459977090358734130859375,0.9767226489021297,1.0,1.0,0.9767226489021297,0.9767226489021297,0.0,0.0,1,stabilizer matrix,Semi-Perfect Quantum Code,0.9487179487179487,0.0,0.9375,True,True,0.0,0.0
4,40,35,3,3,3,"[[40,35,3]]_4",10,"{36: 4, 37: 6}",36.6,37,523303950770176298107107868418097496032714843750,0.9907391850660364,0.915,0.925,0.9985903478050855,0.9995463362660942,0.008807151200057817,0.007851162739049067,1,stabilizer matrix,Semi-Perfect Quantum Code,0.875,-0.0009559884610087499,0.9375,False,False,0.009999999999999964,-0.0009559884610087499
4,40,38,2,2,2,"[[40,38,2]]_4",4,{40: 4},40.0,40,110573323209400121422731899656355381011962890625,0.9767226489021297,1.0,1.0,0.9767226489021297,0.9767226489021297,0.0,0.0,1,stabilizer matrix,Semi-Perfect Quantum Code,0.95,0.0,0.9375,True,True,0.0,0.0
4,41,36,3,3,3,"[[41,36,3]]_4",10,"{36: 1, 37: 1, 38: 5, 39: 3}",38.0,39,16238056722715621015525655820965766906738281250000,0.9967918026761277,0.926829268292683,0.9512195121951219,0.999666718350277,0.9993760907466217,0.002584288070494045,0.0028749156741493254,1,stabilizer matrix,Semi-Perfect Quantum Code,0.8780487804878049,0.0002906276036552802,0.9375,True,False,0.024390243902439025,0.0002906276036552802
4,41,39,2,2,2,"[[41,39,2]]_4",4,{41: 4},41.0,41,1658599848141001821340978494845330715179443359375,0.9767226489021297,1.0,1.0,0.9767226489021297,0.9767226489021297,0.0,0.0,1,stabilizer matrix,Semi-Perfect Quantum Code,0.9512195121951219,0.0,0.9375,True,True,0.0,0.0
4,42,37,3,3,3,"[[42,37,3]]_4",10,"{38: 2, 39: 3, 40: 4, 41: 1}",39.4,41,304496817454046054373919105273671448230743408203125,0.9982311422249376,0.9380952380952381,0.9761904761904762,0.9999989062809804,0.9940488927816414,-0.004182249443296149,0.001767764056042842,1,stabilizer matrix,Semi-Perfect Quantum Code,0.8809523809523809,0.005950013499338991,0.9375,True,False,0.038095238095238126,0.005950013499338991
4,42,40,2,2,2,"[[42,40,2]]_4",4,{42: 4},42.0,42,24878997722115027320114677422679960727691650390625,0.9767226489021297,1.0,1.0,0.9767226489021297,0.9767226489021297,0.0,0.0,1,stabilizer matrix,Semi-Perfect Quantum Code,0.9523809523809523,0.0,0.9375,True,True,0.0,0.0
4,43,38,3,3,3,"[[43,38,3]]_4",10,"{39: 3, 40: 6, 42: 1}",39.9,42,3344105871596291005561488418607041239738464355468750,0.9951160079181176,0.927906976744186,0.9767441860465116,0.9997293359282313,0.993845684366512,-0.0012703235516056122,0.004613328010113715,1,stabilizer matrix,Semi-Perfect Quantum Code,0.8837209302325582,0.0058836515617193275,0.9375,True,False,0.048837209302325615,0.0058836515617193275
4,43,41,2,2,2,"[[43,41,2]]_4",4,{43: 4},43.0,43,373184965831725409801720161340199410915374755859375,0.9767226489021297,1.0,1.0,0.9767226489021297,0.9767226489021297,0.0,0.0,1,stabilizer matrix,Semi-Perfect Quantum Code,0.9534883720930233,0.0,0.9375,True,True,0.0,0.0
4,44,39,3,3,3,"[[44,39,3]]_4",10,"{40: 2, 41: 4, 42: 3, 43: 1}",41.3,43,76932605929495437881201369236805476248264312744140625,0.9982037279066017,0.9386363636363636,0.9772727272727273,0.9999960029446159,0.9936471726080521,-0.004556555298549592,0.0017922750380141572,1,stabilizer matrix,Semi-Perfect Quantum Code,0.8863636363636364,0.006348830336563749,0.9375,True,False,0.0386363636363637,0.006348830336563749
4,44,42,2,2,2,"[[44,42,2]]_4",4,{44: 4},44.0,44,5597774487475881147025802420102991163730621337890625,0.9767226489021297,1.0,1.0,0.9767226489021297,0.9767226489021297,0.0,0.0,1,stabilizer matrix,Semi-Perfect Quantum Code,0.9545454545454546,0.0,0.9375,True,True,0.0,0.0
4,45,40,3,3,3,"[[45,40,3]]_4",10,"{41: 4, 42: 5, 43: 1}",41.7,43,969609178223988959746829323194106109440326690673828125,0.996331068801741,0.9266666666666667,0.9555555555555556,0.999656732417314,0.9988905582989526,0.00255948949721152,0.00332566361557296,1,stabilizer matrix,Semi-Perfect Quantum Code,0.8888888888888888,0.0007661741183614401,0.9375,True,False,0.028888888888888825,0.0007661741183614401
4,45,43,2,2,2,"[[45,43,2]]_4",4,{45: 4},45.0,45,83966617312138217205387036301544867455959320068359375,0.9767226489021297,1.0,1.0,0.9767226489021297,0.9767226489021297,0.0,0.0,1,stabilizer matrix,Semi-Perfect Quantum Code,0.9555555555555556,0.0,0.9375,True,True,0.0,0.0
4,46,41,3,3,3,"[[46,41,3]]_4",10,"{42: 6, 43: 2, 44: 2}",42.6,44,15518523619146469441194731189170852303504943847656250000,0.9964132420089048,0.9260869565217391,0.9565217391304348,0.9996199904048494,0.9987611139421539,0.002347871933249146,0.003206748395944592,1,stabilizer matrix,Semi-Perfect Quantum Code,0.8913043478260869,0.0008588764626954459,0.9375,True,False,0.030434782608695622,0.0008588764626954459
4,46,44,2,2,2,"[[46,44,2]]_4",4,{46: 4},46.0,46,1259499259682073258080805544523173011839389801025390625,0.9767226489021297,1.0,1.0,0.9767226489021297,0.9767226489021297,0.0,0.0,1,stabilizer matrix,Semi-Perfect Quantum Code,0.9565217391304348,0.0,0.9375,True,True,0.0,0.0
4,47,42,3,3,3,"[[47,42,3]]_4",10,"{43: 4, 44: 3, 45: 2, 46: 1}",44.0,46,307295428264475971447128449653973802924156188964843750000,0.9981255298794279,0.9361702127659575,0.9787234042553191,0.9999945931564853,0.9930786885543523,-0.005046841325075602,0.0018690632770573812,1,stabilizer matrix,Semi-Perfect Quantum Code,0.8936170212765957,0.006915904602132983,0.9375,True,False,0.0425531914893617,0.006915904602132983
4,47,45,2,2,2,"[[47,45,2]]_4",4,{47: 4},47.0,47,18892488895231098871212083167847595177590847015380859375,0.9767226489021296,1.0,1.0,0.9767226489021297,0.9767226489021297,1.1102230246251565e-16,1.1102230246251565e-16,1,stabilizer matrix,Semi-Perfect Quantum Code,0.9574468085106383,0.0,0.9375,True,True,0.0,0.0
4,48,43,3,3,3,"[[48,43,3]]_4",10,"{44: 3, 45: 6, 46: 1}",44.8,46,3962216737725178193487803468997299205511808395385742187500,0.996542756291728,0.9333333333333332,0.9583333333333334,0.9999476393973431,0.9984964450728374,0.001953688781109464,0.003404883105615153,1,stabilizer matrix,Semi-Perfect Quantum Code,0.8958333333333334,0.001451194324505689,0.9375,True,False,0.02500000000000006,0.001451194324505689
4,48,46,2,2,2,"[[48,46,2]]_4",4,{48: 4},48.0,48,283387333428466483068181247517713927663862705230712890625,0.9767226489021297,1.0,1.0,0.9767226489021297,0.9767226489021297,0.0,0.0,1,stabilizer matrix,Semi-Perfect Quantum Code,0.9583333333333334,0.0,0.9375,True,True,0.0,0.0
4,49,44,3,3,3,"[[49,44,3]]_4",10,"{45: 4, 46: 5, 47: 1}",45.7,47,63213092310800886888034754861109831836074590682983398437500,0.996592106607294,0.9326530612244899,0.9591836734693877,0.9999293745428499,0.9983620628897787,0.0017699562824846637,0.0033372679355558876,1,stabilizer matrix,Semi-Perfect Quantum Code,0.8979591836734694,0.0015673116530712239,0.9375,True,False,0.026530612244897903,0.0015673116530712239
4,49,47,2,2,2,"[[49,47,2]]_4",4,{49: 4},49.0,49,4250810001426997246022718712765708914957940578460693359375,0.9767226489021297,1.0,1.0,0.9767226489021297,0.9767226489021297,0.0,0.0,1,stabilizer matrix,Semi-Perfect Quantum Code,0.9591836734693877,0.0,0.9375,True,True,0.0,0.0
4,50,45,3,3,3,"[[50,45,3]]_4",10,"{45: 1, 46: 3, 47: 5, 48: 1}",46.6,48,1185410055397448420056374212236960374866612255573272705078125,0.9978053594688157,0.932,0.96,0.9999093399366036,0.9982267902166482,0.00042143074783251855,0.002103980467787925,1,stabilizer matrix,Semi-Perfect Quantum Code,0.9,0.0016825497199554063,0.9375,True,False,0.027999999999999973,0.0016825497199554063
4,50,48,2,2,2,"[[50,48,2]]_4",4,{50: 4},50.0,50,63762150021404958690340780691485633724369108676910400390625,0.9767226489021296,1.0,1.0,0.9767226489021297,0.9767226489021297,1.1102230246251565e-16,1.1102230246251565e-16,1,stabilizer matrix,Semi-Perfect Quantum Code,0.96,0.0,0.9375,True,True,0.0,0.0
4,51,46,3,3,3,"[[51,46,3]]_4",10,"{47: 2, 48: 6, 49: 2}",48.0,49,16042556945385487606489740421977785445051267743110656738281250,0.9966643033942054,0.9411764705882353,0.9607843137254902,0.9999576151616482,0.9980909277633259,0.0014266243691204439,0.0032933117674427415,1,stabilizer matrix,Semi-Perfect Quantum Code,0.9019607843137255,0.0018666873983222976,0.9375,True,False,0.0196078431372549,0.0018666873983222976
4,51,49,2,2,2,"[[51,49,2]]_4",4,{51: 4},51.0,51,956432250321074380355111710372284505865536630153656005859375,0.9767226489021298,1.0,1.0,0.9767226489021297,0.9767226489021297,-1.1102230246251565e-16,-1.1102230246251565e-16,1,stabilizer matrix,Semi-Perfect Quantum Code,0.9607843137254902,0.0,0.9375,True,True,0.0,0.0
4,52,47,3,3,3,"[[52,47,3]]_4",10,"{48: 4, 49: 5, 50: 1}",48.7,50,255211547802341202989127326983265220405883155763149261474609375,0.996688632175991,0.9365384615384615,0.9615384615384616,0.9999971679630842,0.997954738629935,0.0012661064539439826,0.0033085357870932253,1,stabilizer matrix,Semi-Perfect Quantum Code,0.9038461538461539,0.0020424293331492427,0.9375,True,False,0.024999999999999946,0.0020424293331492427
4,52,50,2,2,2,"[[52,50,2]]_4",4,{52: 4},52.0,52,14346483754816115705326675655584267587983049452304840087890625,0.9767226489021297,1.0,1.0,0.9767226489021297,0.9767226489021297,0.0,0.0,1,stabilizer matrix,Semi-Perfect Quantum Code,0.9615384615384616,0.0,0.9375,True,True,0.0,0.0
4,53,48,3,3,3,"[[53,48,3]]_4",10,"{47: 1, 48: 1, 49: 6, 50: 2}",48.9,50,3985391880961451918023913413911429870495339855551719665527343750,0.9965858092846636,0.9226415094339623,0.9433962264150944,0.9993655047171601,0.9998897022706406,0.003303892985976997,0.002779695432496565,1,stabilizer matrix,Semi-Perfect Quantum Code,0.9056603773584906,-0.0005241975534804322,0.9375,True,False,0.020754716981132102,-0.0005241975534804322
4,53,51,2,2,2,"[[53,51,2]]_4",4,{53: 4},53.0,53,215197256322241735579900134833764013819745741784572601318359375,0.9767226489021297,1.0,1.0,0.9767226489021297,0.9767226489021297,0.0,0.0,1,stabilizer matrix,Semi-Perfect Quantum Code,0.9622641509433962,0.0,0.9375,True,True,0.0,0.0
4,54,49,3,3,3,"[[54,49,3]]_4",10,"{50: 5, 51: 5}",50.5,51,43888189243383268521107153098537168034454225562512874603271484375,0.9941538463931603,0.9351851851851852,0.9444444444444444,0.9999836948559734,0.9998461368062593,0.005692290413099044,0.005829848462813092,1,stabilizer matrix,Semi-Perfect Quantum Code,0.9074074074074074,0.00013755804971404828,0.9375,True,False,0.009259259259259259,0.00013755804971404828
4,54,52,2,2,2,"[[54,52,2]]_4",4,{54: 4},54.0,54,3227958844833626033698502022506460207296186126768589019775390625,0.9767226489021296,1.0,1.0,0.9767226489021297,0.9767226489021297,1.1102230246251565e-16,1.1102230246251565e-16,1,stabilizer matrix,Semi-Perfect Quantum Code,0.9629629629629629,0.0,0.9375,True,True,0.0,0.0
4,55,50,3,3,3,"[[55,50,3]]_4",10,"{49: 1, 50: 1, 51: 5, 52: 3}",51.0,52,1047618883639585740207920202883862259568559238687157630920410156250,0.996883491966388,0.9272727272727272,0.9454545454545454,0.9996932371788385,0.9997970107727226,0.002913518806334614,0.0028097452124504763,1,stabilizer matrix,Semi-Perfect Quantum Code,0.9090909090909091,-0.00010377359388413776,0.9375,True,False,0.01818181818181818,-0.00010377359388413776
4,55,53,2,2,2,"[[55,53,2]]_4",4,{55: 4},55.0,55,48419382672504390505477530337596903109442791901528835296630859375,0.9767226489021298,1.0,1.0,0.9767226489021297,0.9767226489021297,-1.1102230246251565e-16,-1.1102230246251565e-16,1,stabilizer matrix,Semi-Perfect Quantum Code,0.9636363636363636,0.0,0.9375,True,True,0.0,0.0
4,56,51,3,3,3,"[[56,51,3]]_4",10,"{52: 3, 53: 6, 54: 1}",52.8,54,16205644584602736139579959553791432824709772830829024314880371093750,0.9967217801915117,0.9428571428571428,0.9642857142857143,0.9999092093523284,0.9974109048270471,0.0006891246355353875,0.0031874291608167127,1,stabilizer matrix,Semi-Perfect Quantum Code,0.9107142857142857,0.002498304525281325,0.9375,True,False,0.02142857142857148,0.002498304525281325
4,56,54,2,2,2,"[[56,54,2]]_4",4,{56: 4},56.0,56,726290740087565857582162955063953546641641878522932529449462890625,0.9767226489021297,1.0,1.0,0.9767226489021297,0.9767226489021297,0.0,0.0,1,stabilizer matrix,Semi-Perfect Quantum Code,0.9642857142857143,0.0,0.9375,True,True,0.0,0.0
4,57,52,3,3,3,"[[57,52,3]]_4",10,"{52: 1, 53: 4, 54: 5}",53.4,54,239525392228373692683902077036774969087673525791615247726440429687500,0.9962775835849262,0.9368421052631579,0.9473684210526315,0.9999986722112154,0.9996842559265768,0.003406672341650596,0.0037210886262891707,1,stabilizer matrix,Semi-Perfect Quantum Code,0.9122807017543859,0.0003144162846385745,0.9375,True,False,0.01052631578947371,0.0003144162846385745
4,57,55,2,2,2,"[[57,55,2]]_4",4,{57: 4},57.0,57,10894361101313487863732444325959303199624628177843987941741943359375,0.9767226489021297,1.0,1.0,0.9767226489021297,0.9767226489021297,0.0,0.0,1,stabilizer matrix,Semi-Perfect Quantum Code,0.9649122807017544,0.0,0.9375,True,True,0.0,0.0
4,58,53,3,3,3,"[[58,53,3]]_4",10,"{54: 4, 55: 6}",54.6,55,2863554570840357990754278129185705914494519674917683005332946777343750,0.9945295070880739,0.9413793103448276,0.9482758620689655,0.9999527594250699,0.9996215893527929,0.005092082264719022,0.005423252336996032,1,stabilizer matrix,Semi-Perfect Quantum Code,0.9137931034482759,0.00033117007227700945,0.9375,True,False,0.006896551724137907,0.00033117007227700945
4,58,56,2,2,2,"[[58,56,2]]_4",4,{58: 4},58.0,58,163415416519702317955986664889389547994369422667659819126129150390625,0.9767226489021296,1.0,1.0,0.9767226489021297,0.9767226489021297,1.1102230246251565e-16,1.1102230246251565e-16,1,stabilizer matrix,Semi-Perfect Quantum Code,0.9655172413793104,0.0,0.9375,True,True,0.0,0.0
4,59,57,2,2,2,"[[59,57,2]]_4",4,{59: 4},59.0,59,2451231247795534769339799973340843219915541340014897286891937255859375,0.9767226489021298,1.0,1.0,0.9767226489021297,0.9767226489021297,-1.1102230246251565e-16,-1.1102230246251565e-16,1,stabilizer matrix,Semi-Perfect Quantum Code,0.9661016949152542,0.0,0.9375,True,True,0.0,0.0
4,60,55,3,3,3,"[[60,55,3]]_4",10,"{56: 8, 57: 2}",56.2,57,726969821929547731659002277426938343207751813679351471364498138427734375,0.994661625887655,0.9366666666666668,0.95,0.9999978714810414,0.9994857557360122,0.004824129848357117,0.005336245593386302,1,stabilizer matrix,Semi-Perfect Quantum Code,0.9166666666666666,0.0005121157450291847,0.9375,True,False,0.013333333333333286,0.0005121157450291847
4,60,58,2,2,2,"[[60,58,2]]_4",4,{60: 4},60.0,60,36768468716933021540096999600112648298733120100223459303379058837890625,0.9767226489021297,1.0,1.0,0.9767226489021297,0.9767226489021297,0.0,0.0,1,stabilizer matrix,Semi-Perfect Quantum Code,0.9666666666666667,0.0,0.9375,True,True,0.0,0.0
4,61,59,2,2,2,"[[61,59,2]]_4",4,{61: 4},61.0,61,551527030753995323101454994001689724480996801503351889550685882568359375,0.9767226489021297,1.0,1.0,0.9767226489021297,0.9767226489021297,0.0,0.0,1,stabilizer matrix,Semi-Perfect Quantum Code,0.9672131147540983,0.0,0.9375,True,True,0.0,0.0
4,62,60,2,2,2,"[[62,60,2]]_4",4,{62: 4},62.0,62,8272905461309929846521824910025345867214952022550278343260288238525390625,0.9767226489021296,1.0,1.0,0.9767226489021297,0.9767226489021297,1.1102230246251565e-16,1.1102230246251565e-16,1,stabilizer matrix,Semi-Perfect Quantum Code,0.967741935483871,0.0,0.9375,True,True,0.0,0.0
4,63,58,3,3,3,"[[63,58,3]]_4",10,{59: 10},59.0,59,1460112661218127218378791951120073376590990932299973792396485805511474609375,0.9908360587588876,0.9365079365079365,0.9365079365079365,0.9999969857501932,0.9999969857501932,0.009160926991305662,0.009160926991305662,1,stabilizer matrix,Semi-Perfect Quantum Code,0.9206349206349206,0.0,0.9375,False,True,0.0,0.0
4,63,61,2,2,2,"[[63,61,2]]_4",4,{63: 4},63.0,63,124093581919648947697827373650380188008224280338254175148904323577880859375,0.9767226489021298,1.0,1.0,0.9767226489021297,0.9767226489021297,-1.1102230246251565e-16,-1.1102230246251565e-16,1,stabilizer matrix,Semi-Perfect Quantum Code,0.9682539682539683,0.0,0.9375,True,True,0.0,0.0
4,64,59,3,3,3,"[[64,59,3]]_4",10,{60: 10},60.0,60,23361802579490035494060671217921174025455854916799580678343772888183593750000,0.9909792453407797,0.9375,0.9375,1.0,1.0,0.009020754659220254,0.009020754659220254,1,stabilizer matrix,Semi-Perfect Quantum Code,0.921875,0.0,0.9375,False,True,0.0,0.0
4,64,62,2,2,2,"[[64,62,2]]_4",4,{64: 4},64.0,64,1861403728794734215467410604755702820123364205073812627233564853668212890625,0.9767226489021297,1.0,1.0,0.9767226489021297,0.9767226489021297,0.0,0.0,1,stabilizer matrix,Semi-Perfect Quantum Code,0.96875,0.0,0.9375,True,True,0.0,0.0
4,65,63,2,2,2,"[[65,63,2]]_4",4,{65: 4},65.0,65,27921055931921013232011159071335542301850463076107189408503472805023193359375,0.9767226489021296,1.0,1.0,0.9767226489021297,0.9767226489021297,1.1102230246251565e-16,1.1102230246251565e-16,1,stabilizer matrix,Semi-Perfect Quantum Code,0.9692307692307692,0.0,0.9375,True,True,0.0,0.0
4,66,64,2,2,2,"[[66,64,2]]_4",4,{66: 4},66.0,66,418815838978815198480167386070033134527756946141607841127552092075347900390625,0.9767226489021298,1.0,1.0,0.9767226489021297,0.9767226489021297,-1.1102230246251565e-16,-1.1102230246251565e-16,1,stabilizer matrix,Semi-Perfect Quantum Code,0.9696969696969697,0.0,0.9375,True,True,0.0,0.0
4,67,65,2,2,2,"[[67,65,2]]_4",4,{67: 4},67.0,67,6282237584682227977202510791050497017916354192124117616913281381130218505859375,0.9767226489021297,1.0,1.0,0.9767226489021297,0.9767226489021297,0.0,0.0,1,stabilizer matrix,Semi-Perfect Quantum Code,0.9701492537313433,0.0,0.9375,True,True,0.0,0.0
4,68,62,3,3,3,"[[68,62,3]]_4",12,"{60: 1, 61: 2, 62: 4, 63: 1, 64: 4}",62.416666666666664,64,4521431222685293023889472897750956058773343093637464562561945058405399322509765625,0.9972535117805922,0.9178921568627451,0.9411764705882353,0.9989168351603082,0.9999576151616482,0.002704103381055978,0.0016633233797159752,1,stabilizer matrix,Semi-Perfect Quantum Code,0.9117647058823529,-0.0010407800013400026,0.9375,True,False,0.02328431372549023,-0.0010407800013400026
4,68,66,2,2,2,"[[68,66,2]]_4",4,{68: 4},68.0,68,94233563770233419658037661865757455268745312881861764253699220716953277587890625,0.9767226489021297,1.0,1.0,0.9767226489021297,0.9767226489021297,0.0,0.0,1,stabilizer matrix,Semi-Perfect Quantum Code,0.9705882352941176,0.0,0.9375,True,True,0.0,0.0
4,69,61,4,4,4,"[[69,61,4]]_4",16,"{61: 4, 62: 8, 64: 4}",62.25,64,34456592655984799721578241713387187755445774384188695194097817875444889068603515625,0.9934162457396113,0.9021739130434783,0.927536231884058,0.9966902760271105,0.9997084969645001,0.006292251224888856,0.0032740302874991745,1,stabilizer matrix,Semi-Perfect Quantum Code,0.8840579710144928,-0.0030182209373896818,0.9375,False,False,0.025362318840579712,-0.0030182209373896818
4,69,63,3,3,3,"[[69,63,3]]_4",12,"{61: 1, 62: 1, 63: 4, 64: 3, 65: 2, 66: 1}",63.583333333333336,66,95413835389594914068310776213076140238695740936059053183271316811442375183105468750,0.9987402255751529,0.9214975845410628,0.9565217391304348,0.9992676244194277,0.9987611139421539,2.0888367001092867e-05,0.0005273988442748845,1,stabilizer matrix,Semi-Perfect Quantum Code,0.9130434782608695,0.0005065104772737916,0.9375,True,False,0.03502415458937195,0.0005065104772737916
4,69,67,2,2,2,"[[69,67,2]]_4",4,{69: 4},69.0,69,1413503456553501294870564927986361829031179693227926463805488310754299163818359375,0.9767226489021296,1.0,1.0,0.9767226489021297,0.9767226489021297,1.1102230246251565e-16,1.1102230246251565e-16,1,stabilizer matrix,Semi-Perfect Quantum Code,0.9710144927536232,0.0,0.9375,True,True,0.0,0.0
4,70,62,4,4,4,"[[70,62,4]]_4",16,"{63: 4, 64: 4, 65: 4, 66: 4}",64.5,66,1114759111822422500700658813145343645460575224270804994830541545525193214416503906250,0.9971381855805174,0.9214285714285714,0.9428571428571428,0.9992615097342575,0.9999092093523284,0.002771023771811043,0.0021233241537401693,1,stabilizer matrix,Semi-Perfect Quantum Code,0.8857142857142857,-0.0006476996180708738,0.9375,True,False,0.02142857142857143,-0.0006476996180708738
4,70,64,3,3,3,"[[70,64,3]]_4",12,"{63: 3, 64: 2, 65: 2, 66: 3, 67: 2}",64.91666666666667,67,1458648797207927660172724253847447852221316452747679193180374568328261375427246093750,0.9985235447644352,0.9273809523809524,0.9571428571428572,0.999699549600358,0.9986736351038721,0.00015009033943691463,0.0011760048359228392,1,stabilizer matrix,Semi-Perfect Quantum Code,0.9142857142857143,0.0010259144964859246,0.9375,True,False,0.029761904761904694,0.0010259144964859246
4,70,68,2,2,2,"[[70,68,2]]_4",4,{70: 4},70.0,70,21202551848302519423058473919795427435467695398418896957082324661314487457275390625,0.9767226489021298,1.0,1.0,0.9767226489021297,0.9767226489021297,-1.1102230246251565e-16,-1.1102230246251565e-16,1,stabilizer matrix,Semi-Perfect Quantum Code,0.9714285714285714,0.0,0.9375,True,True,0.0,0.0
4,71,63,4,4,4,"[[71,63,4]]_4",16,"{64: 4, 66: 4, 67: 8}",66.0,67,14032449544032001278753455837545086684763659228003529477746269549243152141571044921875,0.9959600525960879,0.9295774647887324,0.9436619718309859,0.9998139874749997,0.9998793648941283,0.003919312298040434,0.0038539348789118355,1,stabilizer matrix,Semi-Perfect Quantum Code,0.8873239436619719,-6.537741912859829e-05,0.9375,True,False,0.014084507042253521,-6.537741912859829e-05
4,71,65,3,3,3,"[[71,65,3]]_4",12,"{63: 1, 64: 3, 65: 3, 66: 4, 68: 1}",65.16666666666667,68,18633399856480493000084803971344170586225139421565621944409940624609589576721191406250,0.9974006302758854,0.9178403755868545,0.9577464788732394,0.9989113378866722,0.9985853707007927,0.001184740424907238,0.0015107076107867545,1,stabilizer matrix,Semi-Perfect Quantum Code,0.9154929577464789,0.00032596718587951656,0.9375,True,False,0.03990610328638491,0.00032596718587951656
4,71,69,2,2,2,"[[71,69,2]]_4",4,{71: 4},71.0,71,318038277724537791345877108796931411532015430976283454356234869919717311859130859375,0.9767226489021297,1.0,1.0,0.9767226489021297,0.9767226489021297,0.0,0.0,1,stabilizer matrix,Semi-Perfect Quantum Code,0.971830985915493,0.0,0.9375,True,True,0.0,0.0
4,72,64,4,4,4,"[[72,64,4]]_4",16,"{63: 4, 65: 4, 67: 8}",65.5,67,139590959697060947028655761974110812884894428087534379301359876990318298339843750000000,0.993635491916319,0.9097222222222222,0.9305555555555556,0.9978953796791123,0.9998564367170475,0.006220944800728545,0.004259887762793402,1,stabilizer matrix,Semi-Perfect Quantum Code,0.8888888888888888,-0.0019610570379351433,0.9375,False,False,0.020833333333333332,-0.0019610570379351433
4,72,66,3,3,3,"[[72,66,3]]_4",12,"{65: 3, 66: 2, 67: 4, 68: 3}",66.58333333333333,68,291410859430107088268985146715398851721370203707306423268619255395606160163879394531250,0.997322468058229,0.9247685185185185,0.9444444444444444,0.999529854532448,0.9998461368062593,0.002523668748030339,0.0022073864742190308,1,stabilizer matrix,Semi-Perfect Quantum Code,0.9166666666666666,-0.000316282273811308,0.9375,True,False,0.019675925925925992,-0.000316282273811308
4,72,70,2,2,2,"[[72,70,2]]_4",4,{72: 4},72.0,72,4770574165868066870188156631953971172980231464644251815343523048795759677886962890625,0.9767226489021297,1.0,1.0,0.9767226489021297,0.9767226489021297,0.0,0.0,1,stabilizer matrix,Semi-Perfect Quantum Code,0.9722222222222222,0.0,0.9375,True,True,0.0,0.0
4,73,65,4,4,4,"[[73,65,4]]_4",16,{66: 16},66.0,66,682397005923748041048165240020876622536810055669187491389493516180664300918579101562500,0.9878644776610725,0.9041095890410958,0.9041095890410958,0.9970221773162409,0.9970221773162409,0.009157699655168328,0.009157699655168328,1,stabilizer matrix,Semi-Perfect Quantum Code,0.8904109589041096,0.0,0.9375,False,True,0.0,0.0
4,73,67,3,3,3,"[[73,67,3]]_4",12,"{65: 3, 66: 2, 67: 1, 68: 3, 69: 2, 70: 1}",67.16666666666667,70,6399776586606409542189290523814294778591978715524823950744348621810786426067352294921875,0.9989238554703463,0.9200913242009133,0.958904109589041,0.9991383658936657,0.9984069719264603,-0.0005168835438860153,0.00021451042331932513,1,stabilizer matrix,Semi-Perfect Quantum Code,0.9178082191780822,0.0007313939672053404,0.9375,True,False,0.03881278538812779,0.0007313939672053404
4,73,71,2,2,2,"[[73,71,2]]_4",4,{73: 4},73.0,73,71558612488021003052822349479309567594703471969663777230152845731936395168304443359375,0.9767226489021296,1.0,1.0,0.9767226489021297,0.9767226489021297,1.1102230246251565e-16,1.1102230246251565e-16,1,stabilizer matrix,Semi-Perfect Quantum Code,0.9726027397260274,0.0,0.9375,True,True,0.0,0.0
4,74,66,4,4,4,"[[74,66,4]]_4",16,"{66: 8, 68: 4, 70: 4}",67.5,70,48165221483816468488490936160865437320722855945621942996837105965823866426944732666015625,0.9952623788851442,0.9121621621621622,0.9459459459459459,0.998232274632666,0.9997705390641586,0.004508160179014342,0.0029698957475217114,1,stabilizer matrix,Semi-Perfect Quantum Code,0.8918918918918919,-0.0015382644314926308,0.9375,True,False,0.033783783783783786,-0.0015382644314926308
4,74,68,3,3,3,"[[74,68,3]]_4",12,"{66: 1, 67: 4, 68: 2, 69: 2, 70: 3}",68.16666666666667,70,82240398311089138781903984840283288243431182172778204364504972545546479523181915283203125,0.9978699986553186,0.9211711711711712,0.9459459459459459,0.9992384944803391,0.9997705390641586,0.0019005404088400235,0.0013684958250205215,1,stabilizer matrix,Semi-Perfect Quantum Code,0.918918918918919,-0.000532044583819502,0.9375,True,False,0.02477477477477471,-0.000532044583819502
4,74,72,2,2,2,"[[74,72,2]]_4",4,{74: 4},74.0,74,1073379187320315045792335242189643513920552079544956658452292685979045927524566650390625,0.9767226489021298,1.0,1.0,0.9767226489021297,0.9767226489021297,-1.1102230246251565e-16,-1.1102230246251565e-16,1,stabilizer matrix,Semi-Perfect Quantum Code,0.972972972972973,0.0,0.9375,True,True,0.0,0.0
4,75,67,4,4,4,"[[75,67,4]]_4",16,"{67: 8, 68: 4, 69: 4}",67.75,69,577647977982483509720485840601183498485559847184477033632532538831583224236965179443359375,0.9939393033959472,0.9033333333333333,0.92,0.9968909329108949,0.9991296345405276,0.005190331144580451,0.0029516295149477623,1,stabilizer matrix,Semi-Perfect Quantum Code,0.8933333333333333,-0.002238701629632689,0.9375,False,False,0.016666666666666666,-0.002238701629632689
4,75,69,3,3,3,"[[75,69,3]]_4",12,"{67: 3, 68: 2, 69: 3, 70: 2, 71: 2}",68.83333333333333,71,1330150713987846988916973366674991784957584790047117884181915314911748282611370086669921875,0.9979503942026005,0.9177777777777777,0.9466666666666667,0.9989046751719348,0.9997286286352116,0.0017782344326111588,0.0009542809693343646,1,stabilizer matrix,Semi-Perfect Quantum Code,0.92,-0.0008239534632767942,0.9375,True,False,0.028888888888888953,-0.0008239534632767942
4,75,73,2,2,2,"[[75,73,2]]_4",4,{75: 4},75.0,75,16100687809804725686885028632844652708808281193174349876784390289685688912868499755859375,0.9767226489021297,1.0,1.0,0.9767226489021297,0.9767226489021297,0.0,0.0,1,stabilizer matrix,Semi-Perfect Quantum Code,0.9733333333333334,0.0,0.9375,True,True,0.0,0.0
4,76,68,4,4,4,"[[76,68,4]]_4",16,"{68: 8, 69: 4, 72: 4}",69.25,72,10987570771344067568158028137562633596582621734209436747953247959230793640017509460449218750,0.9948398983309209,0.9111842105263158,0.9473684210526315,0.9981004247667524,0.9996842559265768,0.004844357595655935,0.0032605264358315234,1,stabilizer matrix,Semi-Perfect Quantum Code,0.8947368421052632,-0.0015838311598244115,0.9375,True,False,0.03618421052631579,-0.0015838311598244115
4,76,70,3,3,3,"[[76,70,3]]_4",12,"{65: 1, 68: 2, 69: 3, 70: 2, 71: 3, 74: 1}",69.58333333333333,74,18597068135014518011505739415216085215966681124335514729839502479080692864954471588134765625,0.9973372757574056,0.9155701754385964,0.9736842105263158,0.9986578215929465,0.9949106777638177,-0.002426597993587909,0.001320545835540865,1,stabilizer matrix,Semi-Perfect Quantum Code,0.9210526315789473,0.003747143829128774,0.9375,True,False,0.05811403508771936,0.003747143829128774
4,76,74,2,2,2,"[[76,74,2]]_4",4,{76: 4},76.0,76,241510317147070885303275429492669790632124217897615248151765854345285333693027496337890625,0.9767226489021297,1.0,1.0,0.9767226489021297,0.9767226489021297,0.0,0.0,1,stabilizer matrix,Semi-Perfect Quantum Code,0.9736842105263158,0.0,0.9375,True,True,0.0,0.0
4,77,69,4,4,4,"[[77,69,4]]_4",16,"{68: 4, 70: 4, 71: 4, 73: 4}",70.5,73,238433451975072086238352877389873507381777814118951897004450302119948901236057281494140625000,0.9963343226893192,0.9155844155844156,0.948051948051948,0.9986594873762206,0.9996376114113247,0.0033032887220054707,0.00232516468690136,1,stabilizer matrix,Semi-Perfect Quantum Code,0.8961038961038961,-0.000978124035104111,0.9375,True,False,0.032467532467532464,-0.000978124035104111
4,77,71,3,3,3,"[[77,71,3]]_4",12,"{68: 1, 69: 3, 70: 3, 71: 3, 72: 2}",70.16666666666667,72,265594135356559559199274746717595148657360441680065459013615480898806708864867687225341796875,0.9968396364292283,0.9112554112554113,0.935064935064935,0.9981101686066617,0.9999819673345371,0.003142330905308799,0.0012705321774333367,1,stabilizer matrix,Semi-Perfect Quantum Code,0.922077922077922,-0.0018717987278754622,0.9375,False,False,0.02380952380952375,-0.0018717987278754622
4,77,75,2,2,2,"[[77,75,2]]_4",4,{77: 4},77.0,77,3622654757206063279549131442390046859481863268464228722276487815179280005395412445068359375,0.9767226489021296,1.0,1.0,0.9767226489021297,0.9767226489021297,1.1102230246251565e-16,1.1102230246251565e-16,1,stabilizer matrix,Semi-Perfect Quantum Code,0.974025974025974,0.0,0.9375,True,True,0.0,0.0
4,78,70,4,4,4,"[[78,70,4]]_4",16,"{70: 8, 71: 4, 72: 4}",70.75,72,2562689300492895759279210680319755424144123245655318629743213421079417457804083824157714843750,0.9945415750062211,0.907051282051282,0.9230769230769231,0.9974966340241267,0.9994010283554337,0.004859453349212561,0.0029550590179056035,1,stabilizer matrix,Semi-Perfect Quantum Code,0.8974358974358975,-0.0019043943313069578,0.9375,False,False,0.016025641025641024,-0.0019043943313069578
4,78,72,3,3,3,"[[78,72,3]]_4",12,"{70: 4, 71: 1, 72: 2, 73: 2, 74: 3}",71.91666666666667,74,5604464516276011465811949852029275092841115265784282702121732455680103157646954059600830078125,0.9981599017965186,0.9220085470085471,0.9487179487179487,0.9993121565706568,0.9995888720825111,0.0014289702859925368,0.0011522547741381617,1,stabilizer matrix,Semi-Perfect Quantum Code,0.9230769230769231,-0.00027671551185437515,0.9375,True,False,0.02670940170940165,-0.00027671551185437515
4,78,76,2,2,2,"[[78,76,2]]_4",4,{78: 4},78.0,78,54339821358090949193236971635850702892227949026963430834147317227689200080931186676025390625,0.9767226489021297,1.0,1.0,0.9767226489021297,0.9767226489021297,0.0,0.0,1,stabilizer matrix,Semi-Perfect Quantum Code,0.9743589743589743,0.0,0.9375,True,True,0.0,0.0
4,79,71,4,4,4,"[[79,71,4]]_4",16,"{68: 4, 70: 4, 73: 4, 74: 4}",71.25,74,49297241271507191349704027080675273122261016858032187104576848923898069187998771667480468750000,0.9954517336501705,0.9018987341772152,0.9367088607594937,0.9966418429355615,0.9999980811710204,0.004546347520849925,0.0011901092853909834,1,stabilizer matrix,Semi-Perfect Quantum Code,0.8987341772151899,-0.0033562382354589415,0.9375,False,False,0.03481012658227848,-0.0033562382354589415
4,79,73,3,3,3,"[[79,73,3]]_4",12,"{71: 2, 72: 4, 73: 1, 74: 4, 75: 1}",72.83333333333333,75,90399174469472604707218728758438225068774037177077155559568044651541640632785856723785400390625,0.9982200965738529,0.9219409282700421,0.9493670886075949,0.9993063383748233,0.9995382024982246,0.0013181059243716486,0.001086241800970389,1,stabilizer matrix,Semi-Perfect Quantum Code,0.9240506329113924,-0.00023186412340125973,0.9375,True,False,0.027426160337552803,-0.00023186412340125973
4,79,77,2,2,2,"[[79,77,2]]_4",4,{79: 4},79.0,79,815097320371364237898554574537760543383419235404451462512209758415338001213967800140380859375,0.9767226489021297,1.0,1.0,0.9767226489021297,0.9767226489021297,0.0,0.0,1,stabilizer matrix,Semi-Perfect Quantum Code,0.9746835443037974,0.0,0.9375,True,True,0.0,0.0
4,80,72,4,4,4,"[[80,72,4]]_4",16,"{71: 4, 73: 4, 74: 4, 75: 4}",73.25,75,1010686042001540275200024290641219183333316063131443289513367034260227228514850139617919921875000,0.9966263500606055,0.915625,0.9375,0.9986642296664998,1.0,0.003373649939394485,0.0020378796058942994,1,stabilizer matrix,Semi-Perfect Quantum Code,0.9,-0.0013357703335001858,0.9375,False,False,0.021875,-0.0013357703335001858
4,80,74,3,3,3,"[[80,74,3]]_4",12,"{71: 1, 72: 1, 73: 2, 74: 2, 75: 4, 76: 1, 77: 1}",74.16666666666667,77,1828578440106985655423998701583786737243094505607948806538698427459621598245576024055480957031250,0.9992994363254669,0.9270833333333334,0.9625,0.9996820397603556,0.9977730384911689,-0.0015263978342979767,0.0003826034348887175,1,stabilizer matrix,Semi-Perfect Quantum Code,0.925,0.0019090012691866942,0.9375,True,False,0.03541666666666661,0.0019090012691866942
4,80,78,2,2,2,"[[80,78,2]]_4",4,{80: 4},80.0,80,12226459805570463568478318618066408150751288531066771937683146376230070018209517002105712890625,0.9767226489021297,1.0,1.0,0.9767226489021297,0.9767226489021297,0.0,0.0,1,stabilizer matrix,Semi-Perfect Quantum Code,0.975,0.0,0.9375,True,True,0.0,0.0
4,81,73,4,4,4,"[[81,73,4]]_4",16,"{72: 4, 73: 4, 75: 4, 76: 4}",74.0,76,14959414593806996932345948943345543580800543945480559574617851481548314040992408990859985351562500,0.9963212312452935,0.9135802469135802,0.9382716049382716,0.9984158049312947,0.9999981605054096,0.0036769292601160908,0.0020945736860011888,1,stabilizer matrix,Semi-Perfect Quantum Code,0.9012345679012346,-0.001582355574114902,0.9375,True,False,0.024691358024691357,-0.001582355574114902
4,81,75,3,3,3,"[[81,75,3]]_4",12,"{72: 1, 73: 2, 74: 2, 75: 1, 76: 2, 77: 3, 78: 1}",75.16666666666667,78,29355215706078041432688867566185190888246662522893999126838426860786057659424841403961181640625000,0.9993229693269026,0.9279835390946503,0.9629629629629629,0.9997335471659469,0.9976822719682106,-0.0016406973586919893,0.00041057783904430156,1,stabilizer matrix,Semi-Perfect Quantum Code,0.9259259259259259,0.002051275197736291,0.9375,True,False,0.0349794238683127,0.002051275197736291
4,81,79,2,2,2,"[[81,79,2]]_4",4,{81: 4},81.0,81,183396897083556953527174779270996122261269327966001579065247195643451050273142755031585693359375,0.9767226489021297,1.0,1.0,0.9767226489021297,0.9767226489021297,0.0,0.0,1,stabilizer matrix,Semi-Perfect Quantum Code,0.9753086419753086,0.0,0.9375,True,True,0.0,0.0
4,82,74,4,4,4,"[[82,74,4]]_4",16,"{74: 8, 75: 4, 76: 4}",74.75,76,184035402156634506392567932972799014450810454226128981417356933469875457376474514603614807128906250,0.9952101726141281,0.9115853658536586,0.926829268292683,0.9981550275592572,0.999666718350277,0.0044565457361488425,0.002944854945129083,1,stabilizer matrix,Semi-Perfect Quantum Code,0.9024390243902439,-0.0015116907910197597,0.9375,False,False,0.01524390243902439,-0.0015116907910197597
4,82,76,3,3,3,"[[82,76,3]]_4",12,"{73: 1, 74: 3, 75: 1, 76: 3, 77: 3, 79: 1}",75.66666666666667,79,376036173907929949804305769510335306423627520341740982983899654890080910263350233435630798339843750,0.9983531242434187,0.9227642276422765,0.9634146341463414,0.9993756139696351,0.9975916305597599,-0.0007614936836588537,0.0010224897262164356,1,stabilizer matrix,Semi-Perfect Quantum Code,0.926829268292683,0.0017839834098752894,0.9375,True,False,0.040650406504064984,0.0017839834098752894
4,82,80,2,2,2,"[[82,80,2]]_4",4,{82: 4},82.0,82,2750953456253354302907621689064941833919039919490023685978707934651765754097141325473785400390625,0.9767226489021297,1.0,1.0,0.9767226489021297,0.9767226489021297,0.0,0.0,1,stabilizer matrix,Semi-Perfect Quantum Code,0.975609756097561,0.0,0.9375,True,True,0.0,0.0
4,83,75,4,4,4,"[[83,75,4]]_4",16,"{75: 12, 78: 4}",75.75,78,2212786975470907658299499190228757423664263336799396100556744371168349516665330156683921813964843750,0.9940263432642457,0.9126506024096386,0.9397590361445783,0.9982965179409311,0.9999841135950815,0.005957770330835888,0.004270174676685445,1,stabilizer matrix,Semi-Perfect Quantum Code,0.9036144578313253,-0.0016875956541504422,0.9375,True,False,0.02710843373493976,-0.0016875956541504422
4,83,77,3,3,3,"[[83,77,3]]_4",12,"{75: 3, 76: 3, 77: 2, 78: 4}",76.58333333333333,78,4582878866384080115799966264161323207540425820706217317377847986215044784330530092120170593261718750,0.9971901673104717,0.9226907630522088,0.9397590361445783,0.999369571269053,0.9999841135950815,0.0027939462846098273,0.002179403958581294,1,stabilizer matrix,Semi-Perfect Quantum Code,0.927710843373494,-0.0006145423260285332,0.9375,True,False,0.017068273092369534,-0.0006145423260285332
4,83,81,2,2,2,"[[83,81,2]]_4",4,{83: 4},83.0,83,41264301843800314543614325335974127508785598792350355289680619019776486311457119882106781005859375,0.9767226489021297,1.0,1.0,0.9767226489021297,0.9767226489021297,0.0,0.0,1,stabilizer matrix,Semi-Perfect Quantum Code,0.9759036144578314,0.0,0.9375,True,True,0.0,0.0
4,84,76,4,4,4,"[[84,76,4]]_4",16,"{75: 4, 77: 12}",76.5,77,22335583922400546595213803382205530199161168844065479262110673897012702582287602126598358154296875000,0.9921195043465938,0.9107142857142857,0.9166666666666666,0.9980355495369518,0.9987833074028607,0.006663803056266904,0.0059160451903580435,1,stabilizer matrix,Semi-Perfect Quantum Code,0.9047619047619048,-0.0007477578659088602,0.9375,False,False,0.005952380952380952,-0.0007477578659088602
4,84,78,3,3,3,"[[84,78,3]]_4",12,"{75: 1, 76: 3, 77: 2, 78: 2, 79: 2, 80: 1, 81: 1}",77.66666666666667,81,121181849726280740951098878286384433948979365125247143589767677418489455476446892134845256805419921875,0.9993806881423927,0.9246031746031746,0.9642857142857143,0.999517911744929,0.9974109048270471,-0.0019697833153455857,0.00013722360253631827,1,stabilizer matrix,Semi-Perfect Quantum Code,0.9285714285714286,0.002107006917881904,0.9375,True,False,0.039682539682539625,0.002107006917881904
4,84,82,2,2,2,"[[84,82,2]]_4",4,{84: 4},84.0,84,618964527657004718154214880039611912631783981885255329345209285296647294671856798231601715087890625,0.9767226489021297,1.0,1.0,0.9767226489021297,0.9767226489021297,0.0,0.0,1,stabilizer matrix,Semi-Perfect Quantum Code,0.9761904761904762,0.0,0.9375,True,True,0.0,0.0
4,85,77,4,4,4,"[[85,77,4]]_4",16,"{77: 4, 78: 8, 80: 4}",78.25,80,843597980834596009060618765428575811940494245729517943253243476842140324833962949924170970916748046875,0.9958567447813101,0.9205882352941176,0.9411764705882353,0.9991851566646778,0.9999576151616482,0.0041008703803380175,0.0033284118833676324,1,stabilizer matrix,Semi-Perfect Quantum Code,0.9058823529411765,-0.0007724584969703852,0.9375,True,False,0.020588235294117647,-0.0007724584969703852
4,85,79,3,3,3,"[[85,79,3]]_4",12,"{75: 1, 76: 1, 77: 2, 79: 4, 80: 2, 81: 2}",78.58333333333333,81,1453029100726593878406139709361446340020716493255223584774721290457932809658814221620559692382812500000,0.9981639096339145,0.9245098039215686,0.9529411764705882,0.9995111050746923,0.9992015223010002,0.0010376126670856856,0.0013471954407777709,1,stabilizer matrix,Semi-Perfect Quantum Code,0.9294117647058824,0.0003095827736920853,0.9375,True,False,0.028431372549019663,0.0003095827736920853
4,85,83,2,2,2,"[[85,83,2]]_4",4,{85: 4},85.0,85,9284467914855070772313223200594178689476759728278829940178139279449709420077851973474025726318359375,0.9767226489021297,1.0,1.0,0.9767226489021297,0.9767226489021297,0.0,0.0,1,stabilizer matrix,Semi-Perfect Quantum Code,0.9764705882352941,0.0,0.9375,True,True,0.0,0.0
4,86,78,4,4,4,"[[86,78,4]]_4",16,"{77: 4, 78: 4, 79: 4, 80: 4}",78.5,80,14677205330011972301092574974206292915084004137847570687494601175682173987979695084504783153533935546875,0.9962563112378073,0.9127906976744186,0.9302325581395349,0.9983147453621875,0.999843005691122,0.0035866944533147205,0.002058434124380115,1,stabilizer matrix,Semi-Perfect Quantum Code,0.9069767441860465,-0.0015282603289346053,0.9375,False,False,0.01744186046511628,-0.0015282603289346053
4,86,80,3,3,3,"[[86,80,3]]_4",12,{78: 12},78.0,78,2883290412410828697835719837167594358750235388613716121572862552402405356133385794237256050109863281250,0.9894313425424704,0.9069767441860465,0.9069767441860465,0.9974850647982253,0.9974850647982253,0.008053722255754847,0.008053722255754847,1,stabilizer matrix,Semi-Perfect Quantum Code,0.9302325581395349,0.0,0.9375,False,True,0.0,0.0
4,86,84,2,2,2,"[[86,84,2]]_4",4,{86: 4},86.0,86,139267018722826061584698348008912680342151395924182449102672089191745641301167779602110385894775390625,0.9767226489021297,1.0,1.0,0.9767226489021297,0.9767226489021297,0.0,0.0,1,stabilizer matrix,Semi-Perfect Quantum Code,0.9767441860465116,0.0,0.9375,True,True,0.0,0.0
4,87,79,4,4,4,"[[87,79,4]]_4",16,"{78: 8, 79: 8}",78.5,79,75500845145238830796491465440768314727442872665555790086418502110587880338243849109858274459838867187500,0.9915950763426445,0.9022988505747126,0.9080459770114943,0.9967121636651939,0.9976487416262103,0.006053665283565768,0.005117087322549341,1,stabilizer matrix,Semi-Perfect Quantum Code,0.9080459770114943,-0.0009365779610164271,0.9375,False,False,0.005747126436781609,-0.0009365779610164271
4,87,81,3,3,3,"[[87,81,3]]_4",12,"{77: 2, 79: 2, 80: 3, 81: 2, 82: 2, 83: 1}",80.08333333333333,83,419675292337952582735674334243587462343070654878844273372737530558573837424773955717682838439941406250000,0.9987063086144164,0.9204980842911877,0.9540229885057471,0.9991767580060769,0.999079686128022,0.00037337751360555504,0.0004704493916604102,1,stabilizer matrix,Semi-Perfect Quantum Code,0.9310344827586207,9.707187805485518e-05,0.9375,True,False,0.03352490421455944,9.707187805485518e-05
4,87,85,2,2,2,"[[87,85,2]]_4",4,{87: 4},87.0,87,2089005280842390923770475220133690205132270938862736736540081337876184619517516694031655788421630859375,0.9767226489021297,1.0,1.0,0.9767226489021297,0.9767226489021297,0.0,0.0,1,stabilizer matrix,Semi-Perfect Quantum Code,0.9770114942528736,0.0,0.9375,True,True,0.0,0.0
4,88,80,4,4,4,"[[88,80,4]]_4",16,"{79: 4, 80: 4, 82: 8}",80.75,82,2742412878467603405261549898257266923050971610591630546052696669294401754513046398642472922801971435546875,0.9950508402065307,0.9176136363636364,0.9318181818181818,0.9988871155660817,0.9999033292527583,0.004852489046227593,0.003836275359551,1,stabilizer matrix,Semi-Perfect Quantum Code,0.9090909090909091,-0.0010162136866765925,0.9375,False,False,0.014204545454545454,-0.0010162136866765925
4,88,82,3,3,3,"[[88,82,3]]_4",12,"{78: 1, 80: 3, 81: 4, 82: 2, 83: 1, 84: 1}",81.08333333333333,84,6746161252204564297312090253803507464066946916182313787823963198604648727751964543131180107593536376953125,0.9987401044500154,0.9214015151515151,0.9545454545454546,0.9992591060241003,0.9990174118118803,0.0002773073618649313,0.0005190015740849097,1,stabilizer matrix,Semi-Perfect Quantum Code,0.9318181818181818,0.00024169421221997833,0.9375,True,False,0.03314393939393945,0.00024169421221997833
4,88,86,2,2,2,"[[88,86,2]]_4",4,{88: 4},88.0,88,31335079212635863856557128302005353076984064082941051048101220068142769292762750410474836826324462890625,0.9767226489021297,1.0,1.0,0.9767226489021297,0.9767226489021297,0.0,0.0,1,stabilizer matrix,Semi-Perfect Quantum Code,0.9772727272727273,0.0,0.9375,True,True,0.0,0.0
4,89,81,4,4,4,"[[89,81,4]]_4",16,"{80: 4, 81: 8, 82: 4}",81.0,82,39678731711962539354615207588246223883811779771987422852699280931970671204567224776837974786758422851562500,0.9946987190177666,0.9101123595505618,0.9213483146067416,0.9979510206928225,0.9992543689966906,0.004555649978923992,0.0032523016750558575,1,stabilizer matrix,Semi-Perfect Quantum Code,0.9101123595505618,-0.0013033483038681348,0.9375,False,False,0.011235955056179775,-0.0013033483038681348
4,89,83,3,3,3,"[[89,83,3]]_4",12,"{80: 1, 81: 1, 82: 2, 83: 2, 84: 3, 85: 2, 86: 1}",83.25,86,127834381864337183133288303953301516022073954040466620626281736994994675526982064184267073869705200195312500,0.9994398372566435,0.9353932584269663,0.9662921348314607,0.9999864807146298,0.9969640735162869,-0.002475763740356629,0.0005466434579862733,1,stabilizer matrix,Semi-Perfect Quantum Code,0.9325842696629213,0.0030224071983429024,0.9375,True,False,0.03089887640449438,0.0030224071983429024
4,89,87,2,2,2,"[[89,87,2]]_4",4,{89: 4},89.0,89,470026188189537957848356924530080296154760961244115765721518301022141539391441256157122552394866943359375,0.9767226489021297,1.0,1.0,0.9767226489021297,0.9767226489021297,0.0,0.0,1,stabilizer matrix,Semi-Perfect Quantum Code,0.9775280898876404,0.0,0.9375,True,True,0.0,0.0
4,90,82,4,4,4,"[[90,82,4]]_4",16,"{80: 8, 81: 4, 83: 4}",81.0,83,507768860650795882669179965712444688885021396536884019892158200816002777688851210768916644155979156494140625,0.9938624391004678,0.9,0.9222222222222223,0.9962992824092369,0.999330391247166,0.005467952146698263,0.0024368433087691432,1,stabilizer matrix,Semi-Perfect Quantum Code,0.9111111111111111,-0.0030311088379291196,0.9375,False,False,0.022222222222222223,-0.0030311088379291196
4,90,84,3,3,3,"[[90,84,3]]_4",12,"{80: 1, 81: 2, 83: 3, 84: 2, 85: 2, 86: 1, 87: 1}",83.5,87,1902460833612195338727542373285732880657955814977138508926652284342952159423845159835764206945896148681640625,0.9991558361132872,0.9277777777777778,0.9666666666666667,0.9997221578152267,0.9968758023516917,-0.002280033761595468,0.0005663217019394873,1,stabilizer matrix,Semi-Perfect Quantum Code,0.9333333333333333,0.0028463554635349553,0.9375,True,False,0.03888888888888889,0.0028463554635349553
4,90,88,2,2,2,"[[90,88,2]]_4",4,{90: 4},90.0,90,7050392822843069367725353867951204442321414418661736485822774515332123090871618842356838285923004150390625,0.9767226489021297,1.0,1.0,0.9767226489021297,0.9767226489021297,0.0,0.0,1,stabilizer matrix,Semi-Perfect Quantum Code,0.9777777777777777,0.0,0.9375,True,True,0.0,0.0
4,91,83,4,4,4,"[[91,83,4]]_4",16,"{79: 4, 82: 4, 83: 4, 84: 4}",82.0,84,10930092262975250484212382988912397144323803699835731258910116931760969638531832970329560339450836181640625000,0.9951056811039707,0.9010989010989011,0.9230769230769231,0.9964993178744952,0.9994010283554337,0.0042953472514629665,0.001393636770524509,1,stabilizer matrix,Semi-Perfect Quantum Code,0.9120879120879121,-0.0029017104809384575,0.9375,False,False,0.02197802197802198,-0.0029017104809384575
4,91,85,3,3,3,"[[91,85,3]]_4",12,{84: 12},84.0,84,5009892814813779873523930146192645632248796631578394341365343078687974442964048193971393629908561706542968750,0.9920137746855738,0.9230769230769231,0.9230769230769231,0.9994010283554337,0.9994010283554337,0.007387253669859817,0.007387253669859817,1,stabilizer matrix,Semi-Perfect Quantum Code,0.9340659340659341,0.0,0.9375,False,True,0.0,0.0
4,91,89,2,2,2,"[[91,89,2]]_4",4,{91: 4},91.0,91,105755892342646040515880308019268066634821216279926047287341617729981846363074282635352574288845062255859375,0.9767226489021297,1.0,1.0,0.9767226489021297,0.9767226489021297,0.0,0.0,1,stabilizer matrix,Semi-Perfect Quantum Code,0.978021978021978,0.0,0.9375,True,True,0.0,0.0
4,92,84,4,4,4,"[[92,84,4]]_4",16,"{82: 8, 84: 8}",83.0,84,77449974091649295345495649583014631758636174415086967098639246756173158681146873050238355062901973724365234375,0.9919658345085084,0.9021739130434783,0.9130434782608695,0.9966902760271105,0.9983474088993068,0.00638157439079845,0.004724441518602074,1,stabilizer matrix,Semi-Perfect Quantum Code,0.9130434782608695,-0.0016571328721963763,0.9375,False,False,0.010869565217391304,-0.0016571328721963763
4,92,86,3,3,3,"[[92,86,3]]_4",12,"{82: 2, 83: 4, 85: 1, 86: 3, 87: 1, 88: 1}",84.5,88,426615108863209423499010280019196468968385611597806048892018055494605201227731328117442899383604526519775390625,0.9986549605929776,0.9184782608695652,0.9565217391304348,0.9989781615577624,0.9987611139421539,0.00010615334917629671,0.00032320096478477556,1,stabilizer matrix,Semi-Perfect Quantum Code,0.9347826086956522,0.00021704761560847885,0.9375,True,False,0.03804347826086957,0.00021704761560847885
4,92,90,2,2,2,"[[92,90,2]]_4",4,{92: 4},92.0,92,1586338385139690607738204620289020999522318244198890709310124265949727695446114239530288614332675933837890625,0.9767226489021297,1.0,1.0,0.9767226489021297,0.9767226489021297,0.0,0.0,1,stabilizer matrix,Semi-Perfect Quantum Code,0.9782608695652174,0.0,0.9375,True,True,0.0,0.0
4,93,85,4,4,4,"[[93,85,4]]_4",16,"{85: 8, 86: 4, 88: 4}",86.0,88,3893431017770614302940322272262440700514478173583769705230083159932510591949572642533894395455718040466308593750,0.9964920983814695,0.9247311827956989,0.946236559139785,0.9995271701521394,0.9997540831507461,0.003261984769276638,0.0030350717706699726,1,stabilizer matrix,Semi-Perfect Quantum Code,0.9139784946236559,-0.00022691299860666536,0.9375,True,False,0.021505376344086023,-0.00022691299860666536
4,93,87,3,3,3,"[[93,87,3]]_4",12,"{83: 1, 85: 2, 86: 2, 87: 6, 89: 1}",86.33333333333333,89,5562985169314284457916831550530556181520196653472524602865985757959221488788692511207045754417777061462402343750,0.9978760155697023,0.9283154121863799,0.956989247311828,0.9997514353533916,0.9986955835650422,0.0008195679953398871,0.001875419783689325,1,stabilizer matrix,Semi-Perfect Quantum Code,0.9354838709677419,0.0010558517883494378,0.9375,True,False,0.02867383512544808,0.0010558517883494378
4,93,91,2,2,2,"[[93,91,2]]_4",4,{93: 4},93.0,93,23795075777095359116073069304335314992834773662983360639651863989245915431691713592954329214990139007568359375,0.9767226489021296,1.0,1.0,0.9767226489021297,0.9767226489021297,1.1102230246251565e-16,1.1102230246251565e-16,1,stabilizer matrix,Semi-Perfect Quantum Code,0.978494623655914,0.0,0.9375,True,True,0.0,0.0
4,94,86,4,4,4,"[[94,86,4]]_4",16,"{85: 4, 86: 12}",85.75,86,25378194599115343086530063961369799083369331522915191233202583195684479654141707527514881803654134273529052734375,0.9930838725189077,0.9122340425531915,0.9148936170212766,0.9982417964018684,0.9985775914246012,0.005493718905693501,0.005157923882960658,1,stabilizer matrix,Semi-Perfect Quantum Code,0.9148936170212766,-0.00033579502273284323,0.9375,False,False,0.0026595744680851063,-0.00033579502273284323
4,94,88,3,3,3,"[[94,88,3]]_4",12,"{84: 2, 85: 3, 86: 1, 87: 1, 89: 2, 90: 1, 91: 2}",87.16666666666667,91,113833532778500481934841807106701483818851350836685364796318155075239707436918212835053054732270538806915283203125,0.9988425540632494,0.9273049645390071,0.9680851063829787,0.9996951240291149,0.996527118345288,-0.002315435717961445,0.0008525699658654684,1,stabilizer matrix,Semi-Perfect Quantum Code,0.9361702127659575,0.0031680056838269133,0.9375,True,False,0.04078014184397158,0.0031680056838269133
4,94,92,2,2,2,"[[94,92,2]]_4",4,{94: 4},94.0,94,356926136656430386741096039565029724892521604944750409594777959838688731475375703894314938224852085113525390625,0.9767226489021296,1.0,1.0,0.9767226489021297,0.9767226489021297,1.1102230246251565e-16,1.1102230246251565e-16,1,stabilizer matrix,Semi-Perfect Quantum Code,0.9787234042553191,0.0,0.9375,True,True,0.0,0.0
4,95,87,4,4,4,"[[95,87,4]]_4",16,"{84: 8, 88: 8}",86.0,88,394586246560936982074469053986355435417742142895376541238933761690180082939982675327428296441212296485900878906250,0.9930479352462606,0.9052631578947369,0.9263157894736842,0.9972125792010826,0.9996347060802745,0.006586770834013933,0.004164643954822078,1,stabilizer matrix,Semi-Perfect Quantum Code,0.9157894736842105,-0.002422126879191855,0.9375,False,False,0.021052631578947368,-0.002422126879191855
4,95,89,3,3,3,"[[95,89,3]]_4",12,"{85: 2, 86: 4, 87: 1, 88: 3, 89: 1, 91: 1}",87.08333333333333,91,1602814495621586833717354361689624537770268157922993966288871009879109198401070379702559876022860407829284667968750,0.9983695007358531,0.9166666666666666,0.9578947368421052,0.9987833074028607,0.9985631966677208,0.00019369593186768785,0.00041380666700763236,1,stabilizer matrix,Semi-Perfect Quantum Code,0.9368421052631579,0.0002201107351399445,0.9375,True,False,0.04122807017543865,0.0002201107351399445
4,95,93,2,2,2,"[[95,93,2]]_4",4,{95: 4},95.0,95,5353892049846455801116440593475445873387824074171256143921669397580330972130635558414724073372781276702880859375,0.9767226489021298,1.0,1.0,0.9767226489021297,0.9767226489021297,-1.1102230246251565e-16,-1.1102230246251565e-16,1,stabilizer matrix,Semi-Perfect Quantum Code,0.9789473684210527,0.0,0.9375,True,True,0.0,0.0
4,96,88,4,4,4,"[[96,88,4]]_4",16,"{86: 4, 87: 4, 90: 8}",88.25,90,10815462177690638633006836402252917945537297166963937448149305076822417753801275352998345624655485153198242187500000,0.9951427766391244,0.9192708333333334,0.9375,0.9990584577734448,1.0,0.004857223360875573,0.003915681134320392,1,stabilizer matrix,Semi-Perfect Quantum Code,0.9166666666666666,-0.0009415422265551809,0.9375,False,False,0.018229166666666668,-0.0009415422265551809
4,96,90,3,3,3,"[[96,90,3]]_4",12,"{86: 1, 87: 2, 88: 3, 89: 2, 90: 3, 93: 1}",88.75,93,23972698563083751703085396565788896629566162552771109520666170119561095164933961498832104553002864122390747070312500,0.9981331334159695,0.9244791666666666,0.96875,0.9995088618164537,0.9963556472021168,-0.0017774862138527636,0.0013757284004841663,1,stabilizer matrix,Semi-Perfect Quantum Code,0.9375,0.00315321461433693,0.9375,True,False,0.044270833333333336,0.00315321461433693
4,96,94,2,2,2,"[[96,94,2]]_4",4,{96: 4},96.0,96,80308380747696837016746608902131688100817361112568842158825040963704964581959533376220861100591719150543212890625,0.9767226489021297,1.0,1.0,0.9767226489021297,0.9767226489021297,0.0,0.0,1,stabilizer matrix,Semi-Perfect Quantum Code,0.9791666666666666,0.0,0.9375,True,True,0.0,0.0
4,97,89,4,4,4,"[[97,89,4]]_4",16,"{87: 8, 88: 4, 89: 4}",87.75,89,138982943989522533217879665914915704467118404650617102418441809478572750505276367505302914651110768318176269531250000,0.9943777496210445,0.904639175257732,0.9175257731958762,0.9971102789768194,0.9988776632610828,0.004499913640038322,0.0027325293557748376,1,stabilizer matrix,Semi-Perfect Quantum Code,0.9175257731958762,-0.0017673842842634846,0.9375,False,False,0.01288659793814433,-0.0017673842842634846
4,97,91,3,3,3,"[[97,91,3]]_4",12,"{88: 2, 89: 3, 90: 1, 91: 5, 92: 1}",90.0,92,410019928345392237920936038502693276325388033398129423202571273398330605093609069200510930386371910572052001953125000,0.9984003944283312,0.9278350515463918,0.9484536082474226,0.9997253509609385,0.9996086083929204,0.0012082139645892553,0.0013249565326073354,1,stabilizer matrix,Semi-Perfect Quantum Code,0.9381443298969072,0.00011674256801808003,0.9375,True,False,0.020618556701030927,0.00011674256801808003
4,97,95,2,2,2,"[[97,95,2]]_4",4,{97: 4},97.0,97,1204625711215452555251199133531975321512260416688532632382375614455574468729393000643312916508875787258148193359375,0.9767226489021296,1.0,1.0,0.9767226489021297,0.9767226489021297,1.1102230246251565e-16,1.1102230246251565e-16,1,stabilizer matrix,Semi-Perfect Quantum Code,0.979381443298969,0.0,0.9375,True,True,0.0,0.0
4,98,90,4,4,4,"[[98,90,4]]_4",16,"{86: 4, 89: 4, 90: 4, 94: 4}",89.75,94,3251606122663145521798072822293518268567777989653276930735860695557839052712706395809050263778772205114364624023437500,0.9958335194173555,0.9158163265306123,0.9591836734693877,0.9986864825480329,0.9983620628897787,0.0025285434724231504,0.0028529631306773995,1,stabilizer matrix,Semi-Perfect Quantum Code,0.9183673469387755,0.0003244196582542491,0.9375,True,False,0.04336734693877551,0.0003244196582542491
4,98,92,3,3,3,"[[98,92,3]]_4",12,"{88: 1, 89: 3, 90: 1, 91: 6, 92: 1}",90.25,92,5420905504041427182976369823465575264264930134500676803837944014458156342765871027467028397950343787670135498046875000,0.9977145942863298,0.9209183673469388,0.9387755102040817,0.999215569884933,0.9999949606063826,0.0022803663200527957,0.0015009755986031825,1,stabilizer matrix,Semi-Perfect Quantum Code,0.9387755102040817,-0.0007793907214496132,0.9375,True,False,0.017857142857142856,-0.0007793907214496132
4,98,96,2,2,2,"[[98,96,2]]_4",4,{98: 4},98.0,98,18069385668231788328767987002979629822683906250327989485735634216833617030940895009649693747633136808872222900390625,0.9767226489021297,1.0,1.0,0.9767226489021297,0.9767226489021297,0.0,0.0,1,stabilizer matrix,Semi-Perfect Quantum Code,0.9795918367346939,0.0,0.9375,True,True,0.0,0.0
4,99,91,4,4,4,"[[99,91,4]]_4",16,"{90: 4, 91: 8, 93: 4}",91.25,93,56973026722851649631857322520267113093608695738175394167411460416627704776010299170252437761519104242324829101562500000,0.9962065511336047,0.9217171717171717,0.9393939393939394,0.9992869221600683,0.9999888543992418,0.0037823032656371103,0.0030803710264636353,1,stabilizer matrix,Semi-Perfect Quantum Code,0.9191919191919192,-0.000701932239173475,0.9375,True,False,0.017676767676767676,-0.000701932239173475
4,99,93,3,3,3,"[[99,93,3]]_4",12,"{91: 2, 92: 4, 93: 3, 95: 3}",92.83333333333333,95,88538510885629337526214898892626929614815608352875829454738158233899853269150553858324315115169156342744827270507812500,0.9978126775401581,0.9377104377104377,0.9595959595959596,0.9999998635618397,0.9982945181294207,0.0004818405892625943,0.002187186021681553,1,stabilizer matrix,Semi-Perfect Quantum Code,0.9393939393939394,0.0017053454324189588,0.9375,True,False,0.021885521885521935,0.0017053454324189588
4,99,97,2,2,2,"[[99,97,2]]_4",4,{99: 4},99.0,99,271040785023476824931519805044694447340258593754919842286034513252504255464113425144745406214497052133083343505859375,0.9767226489021297,1.0,1.0,0.9767226489021297,0.9767226489021297,0.0,0.0,1,stabilizer matrix,Semi-Perfect Quantum Code,0.9797979797979798,0.0,0.9375,True,True,0.0,0.0
4,100,92,4,4,4,"[[100,92,4]]_4",16,"{90: 4, 91: 8, 94: 4}",91.5,94,748691361716810197361525464628571021375001902438369261008231202102568873821795969458747777025564573705196380615234375000,0.9955345360013793,0.915,0.94,0.9985903478050855,0.999980519756621,0.004445983755241634,0.0030558118037061766,1,stabilizer matrix,Semi-Perfect Quantum Code,0.92,-0.0013901719515354571,0.9375,True,False,0.025,-0.0013901719515354571
4,100,94,3,3,3,"[[100,94,3]]_4",12,"{89: 1, 90: 1, 91: 3, 92: 2, 93: 2, 94: 2, 96: 1}",92.16666666666667,96,1806267801205226602627791066319149164668893598161951503130539919693123511915231090008138181701724533922970294952392578125,0.998710957980687,0.9216666666666667,0.96,0.9992825050001657,0.9982267902166482,-0.000484167764038812,0.000571547019478702,1,stabilizer matrix,Semi-Perfect Quantum Code,0.94,0.001055714783517514,0.9375,True,False,0.03833333333333329,0.001055714783517514
4,100,98,2,2,2,"[[100,98,2]]_4",4,{100: 4},100.0,100,4065611775352152373972797075670416710103878906323797634290517698787563831961701377171181093217455781996250152587890625,0.9767226489021296,1.0,1.0,0.9767226489021297,0.9767226489021297,1.1102230246251565e-16,1.1102230246251565e-16,1,stabilizer matrix,Semi-Perfect Quantum Code,0.98,0.0,0.9375,True,True,0.0,0.0
5,2,0,2,2,2,"[[2,0,2]]_5",2,{2: 2},2.0,2,576,0.9873179343530823,1.0,1.0,0.9873179343530823,0.9873179343530823,0.0,0.0,1,stabilizer matrix,Semi-Perfect Quantum Code,0.0,0.0,0.96,True,True,0.0,0.0
5,3,1,2,2,2,"[[3,1,2]]_5",2,{3: 2},3.0,3,13824,0.9873179343530825,1.0,1.0,0.9873179343530823,0.9873179343530823,-1.1102230246251565e-16,-1.1102230246251565e-16,1,stabilizer matrix,Semi-Perfect Quantum Code,0.3333333333333333,0.0,0.96,True,True,0.0,0.0
5,4,0,3,3,3,"[[4,0,3]]_5",4,{3: 4},3.0,3,55296,0.84815759028316,0.75,0.75,0.9151876859059602,0.9151876859059602,0.06703009562280027,0.06703009562280027,1,stabilizer matrix,Semi-Perfect Quantum Code,0.0,0.0,0.96,False,True,0.0,0.0
5,4,2,2,2,2,"[[4,2,2]]_5",2,{4: 2},4.0,4,331776,0.9873179343530823,1.0,1.0,0.9873179343530823,0.9873179343530823,0.0,0.0,1,stabilizer matrix,Semi-Perfect Quantum Code,0.5,0.0,0.96,True,True,0.0,0.0
5,5,1,3,3,3,"[[5,1,3]]_5",4,{4: 4},4.0,4,1658880,0.8898543474824658,0.8,0.8,0.9453131010237515,0.9453131010237515,0.05545875354128571,0.05545875354128571,1,stabilizer matrix,Semi-Perfect Quantum Code,0.2,0.0,0.96,False,True,0.0,0.0
5,5,3,2,2,2,"[[5,3,2]]_5",2,{5: 2},5.0,5,7962624,0.9873179343530822,1.0,1.0,0.9873179343530823,0.9873179343530823,1.1102230246251565e-16,1.1102230246251565e-16,1,stabilizer matrix,Semi-Perfect Quantum Code,0.6,0.0,0.96,True,True,0.0,0.0
5,6,0,4,4,4,"[[6,0,4]]_5",6,{4: 6},4.0,4,4976640,0.7984291391092203,0.6666666666666666,0.6666666666666666,0.8559562007872499,0.8559562007872499,0.05752706167802957,0.05752706167802957,1,stabilizer matrix,Semi-Perfect Quantum Code,0.0,0.0,0.96,False,True,0.0,0.0
5,6,2,3,3,3,"[[6,2,3]]_5",4,{5: 4},5.0,5,47775744,0.9155385080075169,0.8333333333333334,0.8333333333333334,0.9627396549072578,0.9627396549072578,0.047201146899740865,0.047201146899740865,1,stabilizer matrix,Semi-Perfect Quantum Code,0.3333333333333333,0.0,0.96,False,True,0.0,0.0
5,6,4,2,2,2,"[[6,4,2]]_5",2,{6: 2},6.0,6,191102976,0.9873179343530825,1.0,1.0,0.9873179343530823,0.9873179343530823,-1.1102230246251565e-16,-1.1102230246251565e-16,1,stabilizer matrix,Semi-Perfect Quantum Code,0.6666666666666666,0.0,0.96,True,True,0.0,0.0
5,7,1,4,4,4,"[[7,1,4]]_5",6,{5: 6},5.0,5,167215104,0.8403462495099269,0.7142857142857143,0.7142857142857143,0.8910899938028007,0.8910899938028007,0.05074374429287387,0.05074374429287387,1,stabilizer matrix,Semi-Perfect Quantum Code,0.14285714285714285,0.0,0.96,False,True,0.0,0.0
5,7,3,3,3,3,"[[7,3,3]]_5",4,{6: 4},6.0,6,1337720832,0.9326340833827967,0.8571428571428571,0.8571428571428571,0.9736823130525637,0.9736823130525637,0.041048229669766956,0.041048229669766956,1,stabilizer matrix,Semi-Perfect Quantum Code,0.42857142857142855,0.0,0.96,False,True,0.0,0.0
5,7,5,2,2,2,"[[7,5,2]]_5",2,{7: 2},7.0,7,4586471424,0.9873179343530822,1.0,1.0,0.9873179343530823,0.9873179343530823,1.1102230246251565e-16,1.1102230246251565e-16,1,stabilizer matrix,Semi-Perfect Quantum Code,0.7142857142857143,0.0,0.96,True,True,0.0,0.0
5,8,0,5,5,5,"[[8,0,5]]_5",8,{5: 8},5.0,5,445906944,0.7733919358045731,0.625,0.625,0.8225998846146438,0.8225998846146438,0.049207948810070734,0.049207948810070734,1,stabilizer matrix,Semi-Perfect Quantum Code,0.0,0.0,0.96,False,True,0.0,0.0
5,8,2,4,4,4,"[[8,2,4]]_5",6,{6: 6},6.0,6,5350883328,0.8698893927191214,0.75,0.75,0.9151876859059602,0.9151876859059602,0.04529829318683887,0.04529829318683887,1,stabilizer matrix,Semi-Perfect Quantum Code,0.25,0.0,0.96,False,True,0.0,0.0
5,8,4,3,3,3,"[[8,4,3]]_5",4,{7: 4},7.0,7,36691771392,0.9446550471977082,0.875,0.875,0.9809534243030884,0.9809534243030884,0.0362983771053802,0.0362983771053802,1,stabilizer matrix,Semi-Perfect Quantum Code,0.5,0.0,0.96,False,True,0.0,0.0
5,8,6,2,2,2,"[[8,6,2]]_5",2,{8: 2},8.0,8,110075314176,0.9873179343530823,1.0,1.0,0.9873179343530823,0.9873179343530823,0.0,0.0,1,stabilizer matrix,Semi-Perfect Quantum Code,0.75,0.0,0.96,True,True,0.0,0.0
5,9,1,5,5,5,"[[9,1,5]]_5",8,{6: 8},6.0,6,16052649984,0.8111575821106627,0.6666666666666666,0.6666666666666666,0.8559562007872499,0.8559562007872499,0.04479861867658719,0.04479861867658719,1,stabilizer matrix,Semi-Perfect Quantum Code,0.1111111111111111,0.0,0.96,False,True,0.0,0.0
5,9,3,4,4,4,"[[9,3,4]]_5",6,{7: 6},7.0,7,165112971264,0.891612032558995,0.7777777777777778,0.7777777777777778,0.9324764322049405,0.9324764322049405,0.04086439964594546,0.04086439964594546,1,stabilizer matrix,Semi-Perfect Quantum Code,0.3333333333333333,0.0,0.96,False,True,0.0,0.0
5,9,5,3,3,3,"[[9,5,3]]_5",4,{8: 4},8.0,8,990677827584,0.9534610743678493,0.8888888888888888,0.8888888888888888,0.9859867253686455,0.9859867253686455,0.032525651000796185,0.032525651000796185,1,stabilizer matrix,Semi-Perfect Quantum Code,0.5555555555555556,0.0,0.96,False,True,0.0,0.0
5,9,7,2,2,2,"[[9,7,2]]_5",2,{9: 2},9.0,9,2641807540224,0.9873179343530823,1.0,1.0,0.9873179343530823,0.9873179343530823,0.0,0.0,1,stabilizer matrix,Semi-Perfect Quantum Code,0.7777777777777778,0.0,0.96,True,True,0.0,0.0
5,10,0,6,6,6,"[[10,0,6]]_5",10,{6: 10},6.0,6,40131624960,0.7585079959959267,0.6,0.6,0.8014735906513751,0.8014735906513751,0.04296559465544847,0.04296559465544847,1,stabilizer matrix,Semi-Perfect Quantum Code,0.0,0.0,0.96,False,True,0.0,0.0
5,10,2,5,5,5,"[[10,2,5]]_5",8,{7: 8},7.0,7,550376570880,0.8398543474824658,0.7,0.7,0.8808982196181977,0.8808982196181977,0.04104387213573191,0.04104387213573191,1,stabilizer matrix,Semi-Perfect Quantum Code,0.2,0.0,0.96,False,True,0.0,0.0
5,10,4,4,4,4,"[[10,4,4]]_5",6,{8: 6},8.0,8,4953389137920,0.9081149669310643,0.8,0.8,0.9453131010237515,0.9453131010237515,0.03719813409268724,0.03719813409268724,1,stabilizer matrix,Semi-Perfect Quantum Code,0.4,0.0,0.96,False,True,0.0,0.0
5,10,6,3,3,3,"[[10,6,3]]_5",4,{9: 4},9.0,9,26418075402240,0.9601199688214437,0.9,0.9,0.9895788449170839,0.9895788449170839,0.02945887609564024,0.02945887609564024,1,stabilizer matrix,Semi-Perfect Quantum Code,0.6,0.0,0.96,False,True,0.0,0.0
5,10,8,2,2,2,"[[10,8,2]]_5",2,{10: 2},10.0,10,63403380965376,0.9873179343530822,1.0,1.0,0.9873179343530823,0.9873179343530823,1.1102230246251565e-16,1.1102230246251565e-16,1,stabilizer matrix,Semi-Perfect Quantum Code,0.8,0.0,0.96,True,True,0.0,0.0
5,11,3,5,5,5,"[[11,3,5]]_5",8,{8: 8},8.0,8,18162426839040,0.8622540566609218,0.7272727272727273,0.7272727272727273,0.9000858226765768,0.9000858226765768,0.037831766015654966,0.037831766015654966,1,stabilizer matrix,Semi-Perfect Quantum Code,0.2727272727272727,0.0,0.96,False,True,0.0,0.0
5,11,5,4,4,4,"[[11,5,4]]_5",6,{9: 6},9.0,9,145299414712320,0.9209826782163845,0.8181818181818182,0.8181818181818182,0.9551052421779873,0.9551052421779873,0.03412256396160285,0.03412256396160285,1,stabilizer matrix,Semi-Perfect Quantum Code,0.45454545454545453,0.0,0.96,False,True,0.0,0.0
5,11,7,3,3,3,"[[11,7,3]]_5",4,{10: 4},10.0,10,697437190619136,0.9652843086121192,0.9090909090909091,0.9090909090909091,0.9922022833082943,0.9922022833082943,0.026917974696175073,0.026917974696175073,1,stabilizer matrix,Semi-Perfect Quantum Code,0.6363636363636364,0.0,0.96,False,True,0.0,0.0
5,11,9,2,2,2,"[[11,9,2]]_5",2,{11: 2},11.0,11,1521681143169024,0.9873179343530823,1.0,1.0,0.9873179343530823,0.9873179343530823,0.0,0.0,1,stabilizer matrix,Semi-Perfect Quantum Code,0.8181818181818182,0.0,0.96,True,True,0.0,0.0
5,12,2,6,6,6,"[[12,2,6]]_5",10,{8: 10},8.0,8,54487280517120,0.8188414767094278,0.6666666666666666,0.6666666666666666,0.8559562007872499,0.8559562007872499,0.037114724077822125,0.037114724077822125,1,stabilizer matrix,Semi-Perfect Quantum Code,0.16666666666666666,0.0,0.96,False,True,0.0,0.0
5,12,4,5,5,5,"[[12,4,5]]_5",8,{9: 8},9.0,9,581197658849280,0.8801238348711353,0.75,0.75,0.9151876859059602,0.9151876859059602,0.0350638510348249,0.0350638510348249,1,stabilizer matrix,Semi-Perfect Quantum Code,0.3333333333333333,0.0,0.96,False,True,0.0,0.0
5,12,6,4,4,4,"[[12,6,4]]_5",6,{10: 6},10.0,10,4184623143714816,0.9312307309177501,0.8333333333333334,0.8333333333333334,0.9627396549072578,0.9627396549072578,0.031508923989507664,0.031508923989507664,1,stabilizer matrix,Semi-Perfect Quantum Code,0.5,0.0,0.96,False,True,0.0,0.0
5,12,8,3,3,3,"[[12,8,3]]_5",4,{11: 4},11.0,11,18260173718028288,0.969373077766691,0.9166666666666666,0.9166666666666666,0.9941520482044296,0.9941520482044296,0.02477897043773858,0.02477897043773858,1,stabilizer matrix,Semi-Perfect Quantum Code,0.6666666666666666,0.0,0.96,False,True,0.0,0.0
5,12,10,2,2,2,"[[12,10,2]]_5",2,{12: 2},12.0,12,36520347436056576,0.9873179343530825,1.0,1.0,0.9873179343530823,0.9873179343530823,-1.1102230246251565e-16,-1.1102230246251565e-16,1,stabilizer matrix,Semi-Perfect Quantum Code,0.8333333333333334,0.0,0.96,True,True,0.0,0.0
5,13,1,7,7,7,"[[13,1,7]]_5",12,{8: 12},8.0,8,141666929344512,0.7786880031612827,0.6153846153846154,0.6153846153846154,0.8145713035023059,0.8145713035023059,0.03588330034102316,0.03588330034102316,1,stabilizer matrix,Semi-Perfect Quantum Code,0.07692307692307693,0.0,0.96,False,True,0.0,0.0
5,13,5,5,5,5,"[[13,5,5]]_5",8,{10: 8},10.0,10,18133366956097536,0.8946393841810424,0.7692307692307693,0.7692307692307693,0.9272991868477628,0.9272991868477628,0.03265980266672042,0.03265980266672042,1,stabilizer matrix,Semi-Perfect Quantum Code,0.38461538461538464,0.0,0.96,False,True,0.0,0.0
5,13,7,4,4,4,"[[13,7,4]]_5",6,{11: 6},11.0,11,118691129167183872,0.9395373057497797,0.8461538461538461,0.8461538461538461,0.9687995633976284,0.9687995633976284,0.029262257647848733,0.029262257647848733,1,stabilizer matrix,Semi-Perfect Quantum Code,0.5384615384615384,0.0,0.96,False,True,0.0,0.0
5,13,9,3,3,3,"[[13,9,3]]_5",4,{12: 4},12.0,12,474764516668735488,0.9726662717554254,0.9230769230769231,0.9230769230769231,0.995620116617415,0.995620116617415,0.022953844861989592,0.022953844861989592,1,stabilizer matrix,Semi-Perfect Quantum Code,0.6923076923076923,0.0,0.96,False,True,0.0,0.0
5,13,11,2,2,2,"[[13,11,2]]_5",2,{13: 2},13.0,13,876488338465357824,0.9873179343530823,1.0,1.0,0.9873179343530823,0.9873179343530823,0.0,0.0,1,stabilizer matrix,Semi-Perfect Quantum Code,0.8461538461538461,0.0,0.96,True,True,0.0,0.0
5,14,0,8,8,8,"[[14,0,8]]_5",14,{8: 14},8.0,8,330556168470528,0.7418694229581975,0.5714285714285714,0.5714285714285714,0.776339008045338,0.776339008045338,0.034469585087140486,0.034469585087140486,1,stabilizer matrix,Semi-Perfect Quantum Code,0.0,0.0,0.96,False,True,0.0,0.0
5,14,4,6,6,6,"[[14,4,6]]_5",10,{10: 10},10.0,10,63466784346341376,0.8585360494912812,0.7142857142857143,0.7142857142857143,0.8910899938028007,0.8910899938028007,0.03255394431151959,0.03255394431151959,1,stabilizer matrix,Semi-Perfect Quantum Code,0.2857142857142857,0.0,0.96,False,True,0.0,0.0
5,14,6,5,5,5,"[[14,6,5]]_5",8,{11: 8},11.0,11,553891936113524736,0.9066107952929944,0.7857142857142857,0.7857142857142857,0.9371663582354623,0.9371663582354623,0.030555562942467973,0.030555562942467973,1,stabilizer matrix,Semi-Perfect Quantum Code,0.42857142857142855,0.0,0.96,False,True,0.0,0.0
5,14,8,4,4,4,"[[14,8,4]]_5",6,{12: 6},12.0,12,3323351616681148416,0.9463708935986865,0.8571428571428571,0.8571428571428571,0.9736823130525637,0.9736823130525637,0.02731141945387716,0.02731141945387716,1,stabilizer matrix,Semi-Perfect Quantum Code,0.5714285714285714,0.0,0.96,False,True,0.0,0.0
5,14,10,3,3,3,"[[14,10,3]]_5",4,{13: 4},13.0,13,12270836738515009536,0.9753573145134179,0.9285714285714286,0.9285714285714286,0.9967357550980686,0.9967357550980686,0.02137844058465066,0.02137844058465066,1,stabilizer matrix,Semi-Perfect Quantum Code,0.7142857142857143,0.0,0.96,False,True,0.0,0.0
5,14,12,2,2,2,"[[14,12,2]]_5",2,{14: 2},14.0,14,21035720123168587776,0.9873179343530822,1.0,1.0,0.9873179343530823,0.9873179343530823,1.1102230246251565e-16,1.1102230246251565e-16,1,stabilizer matrix,Semi-Perfect Quantum Code,0.8571428571428571,0.0,0.96,True,True,0.0,0.0
5,15,3,7,7,7,"[[15,3,7]]_5",12,{10: 12},10.0,10,190400353039024128,0.8240538526747285,0.6666666666666666,0.6666666666666666,0.8559562007872499,0.8559562007872499,0.03190234811252135,0.03190234811252135,1,stabilizer matrix,Semi-Perfect Quantum Code,0.2,0.0,0.96,False,True,0.0,0.0
5,15,7,5,5,5,"[[15,7,5]]_5",8,{12: 8},12.0,12,16616758083405742080,0.9166128340254408,0.8,0.8,0.9453131010237515,0.9453131010237515,0.02870026699831074,0.02870026699831074,1,stabilizer matrix,Semi-Perfect Quantum Code,0.4666666666666667,0.0,0.96,False,True,0.0,0.0
5,15,9,4,4,4,"[[15,9,4]]_5",6,{13: 6},13.0,13,92031275538862571520,0.9520644814262764,0.8666666666666667,0.8666666666666667,0.9776667253050355,0.9776667253050355,0.02560224387875909,0.02560224387875909,1,stabilizer matrix,Semi-Perfect Quantum Code,0.6,0.0,0.96,False,True,0.0,0.0
5,15,11,3,3,3,"[[15,11,3]]_5",4,{14: 4},14.0,14,315535801847528816640,0.9775836118790764,0.9333333333333333,0.9333333333333333,0.9975885298146079,0.9975885298146079,0.020004917935531497,0.020004917935531497,1,stabilizer matrix,Semi-Perfect Quantum Code,0.7333333333333333,0.0,0.96,False,True,0.0,0.0
5,15,13,2,2,2,"[[15,13,2]]_5",2,{15: 2},15.0,15,504857282956046106624,0.9873179343530822,1.0,1.0,0.9873179343530823,0.9873179343530823,1.1102230246251565e-16,1.1102230246251565e-16,1,stabilizer matrix,Semi-Perfect Quantum Code,0.8666666666666667,0.0,0.96,True,True,0.0,0.0
5,16,2,8,8,8,"[[16,2,8]]_5",14,{10: 14},10.0,10,507734274770731008,0.7915949706242517,0.625,0.625,0.8225998846146438,0.8225998846146438,0.03100491399039218,0.03100491399039218,1,stabilizer matrix,Semi-Perfect Quantum Code,0.125,0.0,0.96,False,True,0.0,0.0
5,16,8,5,5,5,"[[16,8,5]]_5",8,{13: 8},13.0,13,490833469540600381440,0.9250635775186212,0.8125,0.8125,0.9521169716014772,0.9521169716014772,0.027053394082856008,0.027053394082856008,1,stabilizer matrix,Semi-Perfect Quantum Code,0.5,0.0,0.96,False,True,0.0,0.0
5,16,10,4,4,4,"[[16,10,4]]_5",6,{14: 6},14.0,14,2524286414780230533120,0.9568605634560147,0.875,0.875,0.9809534243030884,0.9809534243030884,0.024092860847073738,0.024092860847073738,1,stabilizer matrix,Semi-Perfect Quantum Code,0.625,0.0,0.96,False,True,0.0,0.0
5,16,12,3,3,3,"[[16,12,3]]_5",4,{15: 4},15.0,15,8077716527296737705984,0.9794451332151888,0.9375,0.9375,0.9982420259374951,0.9982420259374951,0.018796892722306335,0.018796892722306335,1,stabilizer matrix,Semi-Perfect Quantum Code,0.75,0.0,0.96,False,True,0.0,0.0
5,16,14,2,2,2,"[[16,14,2]]_5",2,{16: 2},16.0,16,12116574790945106558976,0.9873179343530823,1.0,1.0,0.9873179343530823,0.9873179343530823,0.0,0.0,1,stabilizer matrix,Semi-Perfect Quantum Code,0.875,0.0,0.96,True,True,0.0,0.0
5,17,1,9,9,9,"[[17,1,9]]_5",16,{10: 16},10.0,10,1233068953014632448,0.7612456333110728,0.5882352941176471,0.5882352941176471,0.7912507262281335,0.7912507262281335,0.03000509291706077,0.03000509291706077,1,stabilizer matrix,Semi-Perfect Quantum Code,0.058823529411764705,0.0,0.96,False,True,0.0,0.0
5,17,9,5,5,5,"[[17,9,5]]_5",8,{14: 8},14.0,14,14304289683754639687680,0.9322737136420315,0.8235294117647058,0.8235294117647058,0.957856166616897,0.957856166616897,0.0255824529748655,0.0255824529748655,1,stabilizer matrix,Semi-Perfect Quantum Code,0.5294117647058824,0.0,0.96,False,True,0.0,0.0
5,17,11,4,4,4,"[[17,11,4]]_5",6,{15: 6},15.0,15,68660590482022270500864,0.9609394744863304,0.8823529411764706,0.8823529411764706,0.9836899196599971,0.9836899196599971,0.022750445173666645,0.022750445173666645,1,stabilizer matrix,Semi-Perfect Quantum Code,0.6470588235294118,0.0,0.96,False,True,0.0,0.0
5,17,13,3,3,3,"[[17,13,3]]_5",4,{16: 4},16.0,16,205981771446066811502592,0.98101612726533,0.9411764705882353,0.9411764705882353,0.9987423368789845,0.9987423368789845,0.017726209613654453,0.017726209613654453,1,stabilizer matrix,Semi-Perfect Quantum Code,0.7647058823529411,0.0,0.96,False,True,0.0,0.0
5,17,15,2,2,2,"[[17,15,2]]_5",2,{17: 2},17.0,17,290797794982682557415424,0.9873179343530822,1.0,1.0,0.9873179343530823,0.9873179343530823,1.1102230246251565e-16,1.1102230246251565e-16,1,stabilizer matrix,Semi-Perfect Quantum Code,0.8823529411764706,0.0,0.96,True,True,0.0,0.0
5,18,0,10,10,10,"[[18,0,10]]_5",18,{10: 18},10.0,10,2774405144282923008,0.732950300150046,0.5555555555555556,0.5555555555555556,0.7619265766495231,0.7619265766495231,0.028976276499477094,0.028976276499477094,1,stabilizer matrix,Semi-Perfect Quantum Code,0.0,0.0,0.96,False,True,0.0,0.0
5,18,10,5,5,5,"[[18,10,5]]_5",8,{15: 8},15.0,15,411963542892133623005184,0.938478469030406,0.8333333333333334,0.8333333333333334,0.9627396549072578,0.9627396549072578,0.024261185876851776,0.024261185876851776,1,stabilizer matrix,Semi-Perfect Quantum Code,0.5555555555555556,0.0,0.96,False,True,0.0,0.0
5,18,12,4,4,4,"[[18,12,4]]_5",6,{16: 6},16.0,16,1853835943014601303523328,0.9644377976664776,0.8888888888888888,0.8888888888888888,0.9859867253686455,0.9859867253686455,0.021548927702167875,0.021548927702167875,1,stabilizer matrix,Semi-Perfect Quantum Code,0.6666666666666666,0.0,0.96,False,True,0.0,0.0
5,18,14,3,3,3,"[[18,14,3]]_5",4,{17: 4},17.0,17,5234360309688286033477632,0.9823527420847268,0.9444444444444444,0.9444444444444444,0.999123487320482,0.999123487320482,0.01677074523575517,0.01677074523575517,1,stabilizer matrix,Semi-Perfect Quantum Code,0.7777777777777778,0.0,0.96,False,True,0.0,0.0
5,18,16,2,2,2,"[[18,16,2]]_5",2,{18: 2},18.0,18,6979147079584381377970176,0.9873179343530823,1.0,1.0,0.9873179343530823,0.9873179343530823,0.0,0.0,1,stabilizer matrix,Semi-Perfect Quantum Code,0.8888888888888888,0.0,0.96,True,True,0.0,0.0
5,19,11,5,5,5,"[[19,11,5]]_5",8,{16: 8},16.0,16,11740960972425808255647744,0.9438588768932198,0.8421052631578947,0.8421052631578947,0.9669270738792468,0.9669270738792468,0.023068196986027023,0.023068196986027023,1,stabilizer matrix,Semi-Perfect Quantum Code,0.5789473684210527,0.0,0.96,False,True,0.0,0.0
5,19,13,4,4,4,"[[19,13,4]]_5",6,{17: 6},17.0,17,49726422942038717318037504,0.9674606567739978,0.8947368421052632,0.8947368421052632,0.987928015495839,0.987928015495839,0.020467358721841133,0.020467358721841133,1,stabilizer matrix,Semi-Perfect Quantum Code,0.6842105263157895,0.0,0.96,False,True,0.0,0.0
5,19,15,3,3,3,"[[19,15,3]]_5",4,{18: 4},18.0,18,132603794512103246181433344,0.9834981167670029,0.9473684210526315,0.9473684210526315,0.999410994688481,0.999410994688481,0.015912877921478108,0.015912877921478108,1,stabilizer matrix,Semi-Perfect Quantum Code,0.7894736842105263,0.0,0.96,False,True,0.0,0.0
5,19,17,2,2,2,"[[19,17,2]]_5",2,{19: 2},19.0,19,167499529910025153071284224,0.9873179343530822,1.0,1.0,0.9873179343530823,0.9873179343530823,1.1102230246251565e-16,1.1102230246251565e-16,1,stabilizer matrix,Semi-Perfect Quantum Code,0.8947368421052632,0.0,0.96,True,True,0.0,0.0
5,20,12,5,5,5,"[[20,12,5]]_5",8,{17: 8},17.0,17,331509486280258115453583360,0.9485562969768179,0.85,0.85,0.9705422059049642,0.9705422059049642,0.021985908928146336,0.021985908928146336,1,stabilizer matrix,Semi-Perfect Quantum Code,0.6,0.0,0.96,False,True,0.0,0.0
5,20,14,4,4,4,"[[20,14,4]]_5",6,{18: 6},18.0,18,1326037945121032461814333440,0.9700901248804876,0.9,0.9,0.9895788449170839,0.9895788449170839,0.019488720036596296,0.019488720036596296,1,stabilizer matrix,Semi-Perfect Quantum Code,0.7,0.0,0.96,False,True,0.0,0.0
5,20,16,3,3,3,"[[20,16,3]]_5",4,{19: 4},19.0,19,3349990598200503061425684480,0.9844858655390978,0.95,0.95,0.9996242655021248,0.9996242655021248,0.015138399963027016,0.015138399963027016,1,stabilizer matrix,Semi-Perfect Quantum Code,0.8,0.0,0.96,False,True,0.0,0.0
5,20,18,2,2,2,"[[20,18,2]]_5",2,{20: 2},20.0,20,4019988717840603673710821376,0.9873179343530822,1.0,1.0,0.9873179343530823,0.9873179343530823,1.1102230246251565e-16,1.1102230246251565e-16,1,stabilizer matrix,Semi-Perfect Quantum Code,0.9,0.0,0.96,True,True,0.0,0.0
5,21,13,5,5,5,"[[21,13,5]]_5",8,{18: 8},18.0,18,9282265615847227232700334080,0.9526825464367066,0.8571428571428571,0.8571428571428571,0.9736823130525637,0.9736823130525637,0.02099976661585712,0.02099976661585712,1,stabilizer matrix,Semi-Perfect Quantum Code,0.6190476190476191,0.0,0.96,False,True,0.0,0.0
5,21,15,4,4,4,"[[21,15,4]]_5",6,{19: 6},19.0,19,35174901281105282144969687040,0.9723911003118733,0.9047619047619048,0.9047619047619048,0.9909901505422307,0.9909901505422307,0.01859905023035746,0.01859905023035746,1,stabilizer matrix,Semi-Perfect Quantum Code,0.7142857142857143,0.0,0.96,False,True,0.0,0.0
5,21,17,3,3,3,"[[21,17,3]]_5",4,{20: 4},20.0,20,84419763074652677147927248896,0.9853425124697964,0.9523809523809523,0.9523809523809523,0.9997782426894949,0.9997782426894949,0.014435730219698462,0.014435730219698462,1,stabilizer matrix,Semi-Perfect Quantum Code,0.8095238095238095,0.0,0.96,False,True,0.0,0.0
5,21,19,2,2,2,"[[21,19,2]]_5",2,{21: 2},21.0,21,96479729228174488169059713024,0.9873179343530823,1.0,1.0,0.9873179343530823,0.9873179343530823,0.0,0.0,1,stabilizer matrix,Semi-Perfect Quantum Code,0.9047619047619048,0.0,0.96,True,True,0.0,0.0
5,22,14,5,5,5,"[[22,14,5]]_5",8,{19: 8},19.0,19,257949276061438735729777704960,0.9563271063429787,0.8636363636363636,0.8636363636363636,0.9764247328230792,0.9764247328230792,0.020097626480100494,0.020097626480100494,1,stabilizer matrix,Semi-Perfect Quantum Code,0.6363636363636364,0.0,0.96,False,True,0.0,0.0
5,22,16,4,4,4,"[[22,16,4]]_5",6,{20: 6},20.0,20,928617393821179448627199737856,0.9744154915031005,0.9090909090909091,0.9090909090909091,0.9922022833082943,0.9922022833082943,0.017786791805193825,0.017786791805193825,1,stabilizer matrix,Semi-Perfect Quantum Code,0.7272727272727273,0.0,0.96,False,True,0.0,0.0
5,22,18,3,3,3,"[[22,18,3]]_5",4,{21: 4},21.0,21,2122554043019838739719313686528,0.9860892250751778,0.9545454545454546,0.9545454545454546,0.9998845598086913,0.9998845598086913,0.013795334733513465,0.013795334733513465,1,stabilizer matrix,Semi-Perfect Quantum Code,0.8181818181818182,0.0,0.96,False,True,0.0,0.0
5,22,20,2,2,2,"[[22,20,2]]_5",2,{22: 2},22.0,22,2315513501476187716057433112576,0.9873179343530823,1.0,1.0,0.9873179343530823,0.9873179343530823,0.0,0.0,1,stabilizer matrix,Semi-Perfect Quantum Code,0.9090909090909091,0.0,0.96,True,True,0.0,0.0
5,23,15,5,5,5,"[[23,15,5]]_5",8,{20: 8},20.0,20,7119400019295709106141864656896,0.9595623375025395,0.8695652173913043,0.8695652173913043,0.9788316221186163,0.9788316221186163,0.0192692846160768,0.0192692846160768,1,stabilizer matrix,Semi-Perfect Quantum Code,0.6521739130434783,0.0,0.96,False,True,0.0,0.0
5,23,17,4,4,4,"[[23,17,4]]_5",6,{21: 6},21.0,21,24409371494728145506772107395072,0.9762052486674089,0.9130434782608695,0.9130434782608695,0.9932475464051781,0.9932475464051781,0.01704229773776922,0.01704229773776922,1,stabilizer matrix,Semi-Perfect Quantum Code,0.7391304347826086,0.0,0.96,False,True,0.0,0.0
5,23,19,3,3,3,"[[23,19,3]]_5",4,{22: 4},22.0,22,53256810533952317469320961589248,0.9867430696739564,0.9565217391304348,0.9565217391304348,0.9999523637116998,0.9999523637116998,0.013209294037743402,0.013209294037743402,1,stabilizer matrix,Semi-Perfect Quantum Code,0.8260869565217391,0.0,0.96,False,True,0.0,0.0
5,23,21,2,2,2,"[[23,21,2]]_5",2,{23: 2},23.0,23,55572324035428505185378394701824,0.9873179343530822,1.0,1.0,0.9873179343530823,0.9873179343530823,1.1102230246251565e-16,1.1102230246251565e-16,1,stabilizer matrix,Semi-Perfect Quantum Code,0.9130434782608695,0.0,0.96,True,True,0.0,0.0
5,24,16,5,5,5,"[[24,16,5]]_5",8,{21: 8},21.0,21,195274971957825164054176859160576,0.9624473148525208,0.875,0.875,0.9809534243030884,0.9809534243030884,0.01850610945056763,0.01850610945056763,1,stabilizer matrix,Semi-Perfect Quantum Code,0.6666666666666666,0.0,0.96,False,True,0.0,0.0
5,24,18,4,4,4,"[[24,18,4]]_5",6,{22: 6},22.0,22,639081726407427809631851539070976,0.9777945940757243,0.9166666666666666,0.9166666666666666,0.9941520482044296,0.9941520482044296,0.016357454128705262,0.016357454128705262,1,stabilizer matrix,Semi-Perfect Quantum Code,0.75,0.0,0.96,False,True,0.0,0.0
5,24,20,3,3,3,"[[24,20,3]]_5",4,{23: 4},23.0,23,1333735776850284124449081472843776,0.9873179343530825,0.9583333333333334,0.9583333333333334,0.9999889099888126,0.9999889099888126,0.012670975635730164,0.012670975635730164,1,stabilizer matrix,Semi-Perfect Quantum Code,0.8333333333333334,0.0,0.96,False,True,0.0,0.0
5,24,22,2,2,2,"[[24,22,2]]_5",2,{24: 2},24.0,24,1333735776850284124449081472843776,0.9873179343530825,1.0,1.0,0.9873179343530823,0.9873179343530823,-1.1102230246251565e-16,-1.1102230246251565e-16,1,stabilizer matrix,Semi-Perfect Quantum Code,0.9166666666666666,0.0,0.96,True,True,0.0,0.0
5,25,17,5,5,5,"[[25,17,5]]_5",8,{22: 8},22.0,22,5325681053395231746932096158924800,0.9650306864229757,0.88,0.88,0.98283143995107,0.98283143995107,0.017800753528094293,0.017800753528094293,1,stabilizer matrix,Semi-Perfect Quantum Code,0.68,0.0,0.96,False,True,0.0,0.0
5,25,19,4,4,4,"[[25,19,4]]_5",6,{23: 6},23.0,23,16671697210628551555613518410547200,0.9792116858174911,0.92,0.92,0.9949370742873654,0.9949370742873654,0.01572538846987437,0.01572538846987437,1,stabilizer matrix,Semi-Perfect Quantum Code,0.76,0.0,0.96,False,True,0.0,0.0
5,25,21,3,3,3,"[[25,21,3]]_5",4,{24: 4},24.0,24,33343394421257103111227036821094400,0.987825216978959,0.96,0.96,1.0,1.0,0.012174783021041025,0.012174783021041025,1,stabilizer matrix,Semi-Perfect Quantum Code,0.84,0.0,0.96,False,True,0.0,0.0
5,25,23,2,2,2,"[[25,23,2]]_5",2,{25: 2},25.0,25,32009658644406818986777955348250624,0.9873179343530822,1.0,1.0,0.9873179343530823,0.9873179343530823,1.1102230246251565e-16,1.1102230246251565e-16,1,stabilizer matrix,Semi-Perfect Quantum Code,0.92,0.0,0.96,True,True,0.0,0.0
5,26,16,6,6,6,"[[26,16,6]]_5",10,{22: 10},22.0,22,34616926847069006355058625033011200,0.9502798154662014,0.8461538461538461,0.8461538461538461,0.9687995633976284,0.9687995633976284,0.018519747931426966,0.018519747931426966,1,stabilizer matrix,Semi-Perfect Quantum Code,0.6153846153846154,0.0,0.96,False,True,0.0,0.0
5,26,18,5,5,5,"[[26,18,5]]_5",8,{23: 8},23.0,23,144488042492114113481983826224742400,0.9673528326082509,0.8846153846153846,0.8846153846153846,0.9844997582174897,0.9844997582174897,0.017146925609238806,0.017146925609238806,1,stabilizer matrix,Semi-Perfect Quantum Code,0.6923076923076923,0.0,0.96,False,True,0.0,0.0
5,26,20,4,4,4,"[[26,20,4]]_5",6,{24: 6},24.0,24,433464127476342340445951478674227200,0.9804798748099046,0.9230769230769231,0.9230769230769231,0.995620116617415,0.995620116617415,0.01514024180751039,0.01514024180751039,1,stabilizer matrix,Semi-Perfect Quantum Code,0.7692307692307693,0.0,0.96,False,True,0.0,0.0
5,26,22,3,3,3,"[[26,22,3]]_5",4,{25: 4},25.0,25,832251124754577293656226839054516224,0.9882743445556653,0.9615384615384616,0.9615384615384616,0.9999903057289706,0.9999903057289706,0.011715961173305312,0.011715961173305312,1,stabilizer matrix,Semi-Perfect Quantum Code,0.8461538461538461,0.0,0.96,True,True,0.0,0.0
5,26,24,2,2,2,"[[26,24,2]]_5",2,{26: 2},26.0,26,768231807465763655682670928358014976,0.9873179343530823,1.0,1.0,0.9873179343530823,0.9873179343530823,0.0,0.0,1,stabilizer matrix,Semi-Perfect Quantum Code,0.9230769230769231,0.0,0.96,True,True,0.0,0.0
5,27,25,2,2,2,"[[27,25,2]]_5",2,{27: 2},27.0,27,18437563379178327736384102280592359424,0.9873179343530823,1.0,1.0,0.9873179343530823,0.9873179343530823,0.0,0.0,1,stabilizer matrix,Semi-Perfect Quantum Code,0.9259259259259259,0.0,0.96,True,True,0.0,0.0
5,28,23,3,3,3,"[[28,23,3]]_5",5,"{24: 1, 26: 4}",25.6,26,317699863253068229296144554075805974528,0.9836416642919912,0.9142857142857144,0.9285714285714286,0.9935635478953185,0.9967357550980686,0.013094090806077374,0.009921883603327353,1,stabilizer matrix,Semi-Perfect Quantum Code,0.8214285714285714,-0.0031722072027500214,0.96,False,False,0.014285714285714235,-0.0031722072027500214
5,28,26,2,2,2,"[[28,26,2]]_5",2,{28: 2},28.0,28,442501521100279865673218454734216626176,0.9873179343530822,1.0,1.0,0.9873179343530823,0.9873179343530823,1.1102230246251565e-16,1.1102230246251565e-16,1,stabilizer matrix,Semi-Perfect Quantum Code,0.9285714285714286,0.0,0.96,True,True,0.0,0.0
5,29,24,3,3,3,"[[29,24,3]]_5",5,"{26: 1, 27: 3, 28: 1}",27.0,28,23125313868334417563359760285432966807552,0.9956543787710522,0.9310344827586207,0.9655172413793104,0.9971905358002129,0.9998710313637826,0.004216652592730408,0.0015361570291606563,1,stabilizer matrix,Semi-Perfect Quantum Code,0.8275862068965517,-0.0026804955635697514,0.96,True,False,0.034482758620689655,-0.0026804955635697514
5,29,27,2,2,2,"[[29,27,2]]_5",2,{29: 2},29.0,29,10620036506406716776157242913621199028224,0.9873179343530822,1.0,1.0,0.9873179343530823,0.9873179343530823,1.1102230246251565e-16,1.1102230246251565e-16,1,stabilizer matrix,Semi-Perfect Quantum Code,0.9310344827586207,0.0,0.96,True,True,0.0,0.0
5,30,25,3,3,3,"[[30,25,3]]_5",5,"{26: 1, 27: 2, 28: 2}",27.2,28,288398061681685005161553079860240612065280,0.9885973189115653,0.9066666666666666,0.9333333333333333,0.99153197992997,0.9975885298146079,0.008991210903042557,0.0029346610184046718,1,stabilizer matrix,Semi-Perfect Quantum Code,0.8333333333333334,-0.006056549884637885,0.96,False,False,0.02666666666666669,-0.006056549884637885
5,30,28,2,2,2,"[[30,28,2]]_5",2,{30: 2},30.0,30,254880876153761202627773829926908776677376,0.9873179343530822,1.0,1.0,0.9873179343530823,0.9873179343530823,1.1102230246251565e-16,1.1102230246251565e-16,1,stabilizer matrix,Semi-Perfect Quantum Code,0.9333333333333333,0.0,0.96,True,True,0.0,0.0
5,31,26,3,3,3,"[[31,26,3]]_5",5,"{28: 1, 29: 3, 30: 1}",29.0,30,14828668473591478578575223636598333359783936,0.9961916748446723,0.9354838709677419,0.967741935483871,0.9979369717705081,0.999740905624203,0.003549230779530732,0.0017452969258358042,1,stabilizer matrix,Semi-Perfect Quantum Code,0.8387096774193549,-0.0018039338536949279,0.96,True,False,0.03225806451612903,-0.0018039338536949279
5,31,29,2,2,2,"[[31,29,2]]_5",2,{31: 2},31.0,31,6117141027690268863066571918245810640257024,0.9873179343530823,1.0,1.0,0.9873179343530823,0.9873179343530823,0.0,0.0,1,stabilizer matrix,Semi-Perfect Quantum Code,0.9354838709677419,0.0,0.96,True,True,0.0,0.0
5,32,27,3,3,3,"[[32,27,3]]_5",5,"{30: 4, 31: 1}",30.2,31,322169427458354160121506121027612693720203264,0.9949480138898866,0.94375,0.96875,0.9990476688510118,0.9996659149583904,0.0047179010685037825,0.004099654961125188,1,stabilizer matrix,Semi-Perfect Quantum Code,0.84375,-0.000618246107378595,0.96,True,False,0.025000000000000022,-0.000618246107378595
5,32,30,2,2,2,"[[32,30,2]]_5",2,{32: 2},32.0,32,146811384664566452713597726037899455366168576,0.9873179343530823,1.0,1.0,0.9873179343530823,0.9873179343530823,0.0,0.0,1,stabilizer matrix,Semi-Perfect Quantum Code,0.9375,0.0,0.96,True,True,0.0,0.0
5,33,28,3,3,3,"[[33,28,3]]_5",5,"{29: 1, 30: 1, 31: 1, 32: 2}",30.8,32,9899828110688238871265363328191063794925961216,0.9970434281598414,0.9333333333333333,0.9696969696969697,0.9975885298146079,0.9995859743069118,0.0025425461470703903,0.0005451016547665111,1,stabilizer matrix,Semi-Perfect Quantum Code,0.8484848484848485,-0.001997444492303879,0.96,True,False,0.03636363636363634,-0.001997444492303879
5,33,31,2,2,2,"[[33,31,2]]_5",2,{33: 2},33.0,33,3523473231949594865126345424909586928788045824,0.9873179343530821,1.0,1.0,0.9873179343530823,0.9873179343530823,2.220446049250313e-16,2.220446049250313e-16,1,stabilizer matrix,Semi-Perfect Quantum Code,0.9393939393939394,0.0,0.96,True,True,0.0,0.0
5,34,29,3,3,3,"[[34,29,3]]_5",5,"{30: 1, 31: 1, 32: 2, 33: 1}",31.6,33,250584604105313403796280074249660802337702150144,0.9972437193388923,0.9294117647058824,0.9705882352941176,0.9968941554493311,0.9995020792200735,0.002258359881181171,-0.00034956388956119966,1,stabilizer matrix,Semi-Perfect Quantum Code,0.8529411764705882,-0.002607923770742371,0.96,True,False,0.04117647058823525,-0.002607923770742371
5,34,32,2,2,2,"[[34,32,2]]_5",2,{34: 2},34.0,34,84563357566790276763032290197830086290913099776,0.9873179343530822,1.0,1.0,0.9873179343530823,0.9873179343530823,1.1102230246251565e-16,1.1102230246251565e-16,1,stabilizer matrix,Semi-Perfect Quantum Code,0.9411764705882353,0.0,0.96,True,True,0.0,0.0
5,35,30,3,3,3,"[[35,30,3]]_5",5,"{33: 4, 34: 1}",33.2,34,5056184087847668631456305684745257242810845757440,0.9954202525639103,0.9485714285714286,0.9714285714285714,0.9995139702613687,0.9994150635460302,0.003994810982119845,0.0040937176974583656,1,stabilizer matrix,Semi-Perfect Quantum Code,0.8571428571428571,9.890671533852036e-05,0.96,True,False,0.022857142857142777,9.890671533852036e-05
5,35,33,2,2,2,"[[35,33,2]]_5",2,{35: 2},35.0,35,2029520581602966642312774964747922070981914394624,0.9873179343530822,1.0,1.0,0.9873179343530823,0.9873179343530823,1.1102230246251565e-16,1.1102230246251565e-16,1,stabilizer matrix,Semi-Perfect Quantum Code,0.9428571428571428,0.0,0.96,True,True,0.0,0.0
5,36,31,3,3,3,"[[36,31,3]]_5",5,"{33: 1, 34: 3, 35: 1}",34.0,35,151495255080904780820972347889412599590170818248704,0.9971100078887033,0.9444444444444444,0.9722222222222222,0.999123487320482,0.9993256272182659,0.0022156193295626014,0.002013479431778653,1,stabilizer matrix,Semi-Perfect Quantum Code,0.8611111111111112,-0.00020213989778394836,0.96,True,False,0.027777777777777776,-0.00020213989778394836
5,36,34,2,2,2,"[[36,34,2]]_5",2,{36: 2},36.0,36,48708493958471199415506599153950129703565945470976,0.9873179343530823,1.0,1.0,0.9873179343530823,0.9873179343530823,0.0,0.0,1,stabilizer matrix,Semi-Perfect Quantum Code,0.9444444444444444,0.0,0.96,True,True,0.0,0.0
5,37,32,3,3,3,"[[37,32,3]]_5",5,"{34: 1, 35: 4}",34.8,35,2008717995641536234229069021359255869754349772079104,0.99186329096744,0.9405405405405405,0.9459459459459459,0.9986611012276568,0.9992776124669122,0.007414321499472187,0.006797810260216863,1,stabilizer matrix,Semi-Perfect Quantum Code,0.8648648648648649,-0.000616511239255324,0.96,False,False,0.005405405405405482,-0.000616511239255324
5,37,35,2,2,2,"[[37,35,2]]_5",2,{37: 2},37.0,37,1169003855003308785972158379694803112885582691303424,0.9873179343530823,1.0,1.0,0.9873179343530823,0.9873179343530823,0.0,0.0,1,stabilizer matrix,Semi-Perfect Quantum Code,0.9459459459459459,0.0,0.96,True,True,0.0,0.0
5,38,33,3,3,3,"[[38,33,3]]_5",5,"{36: 4, 37: 1}",36.2,37,78664217742930987056043157633629459471259001935626240,0.9957466908102587,0.9526315789473685,0.9736842105263158,0.9997922230199516,0.9991417539762416,0.0033950631659829256,0.004045532209692948,1,stabilizer matrix,Semi-Perfect Quantum Code,0.868421052631579,0.0006504690437100225,0.96,True,False,0.021052631578947295,0.0006504690437100225
5,38,36,2,2,2,"[[38,36,2]]_5",2,{38: 2},38.0,38,28056092520079410863331801112675274709253984591282176,0.9873179343530822,1.0,1.0,0.9873179343530823,0.9873179343530823,1.1102230246251565e-16,1.1102230246251565e-16,1,stabilizer matrix,Semi-Perfect Quantum Code,0.9473684210526315,0.0,0.96,True,True,0.0,0.0
5,39,34,3,3,3,"[[39,34,3]]_5",5,"{36: 1, 37: 2, 38: 2}",37.2,38,2405566391127017125533624412416135055670011348975091712,0.9974606776734986,0.9538461538461539,0.9743589743589743,0.9998538078695404,0.9990482304869134,0.0015875528134148276,0.002393130196041815,1,stabilizer matrix,Semi-Perfect Quantum Code,0.8717948717948718,0.0008055773826269874,0.96,True,False,0.02051282051282044,0.0008055773826269874
5,39,37,2,2,2,"[[39,37,2]]_5",2,{39: 2},39.0,39,673346220481905860719963226704206593022095630190772224,0.9873179343530822,1.0,1.0,0.9873179343530823,0.9873179343530823,1.1102230246251565e-16,1.1102230246251565e-16,1,stabilizer matrix,Semi-Perfect Quantum Code,0.9487179487179487,0.0,0.96,True,True,0.0,0.0
5,40,35,3,3,3,"[[40,35,3]]_5",5,"{37: 1, 38: 4}",37.8,38,33433510253094631278803729659271369028527664971277926400,0.9929643194990041,0.945,0.95,0.9991820877785071,0.9996242655021248,0.006659946003120698,0.006217768279503044,1,stabilizer matrix,Semi-Perfect Quantum Code,0.875,-0.00044217772361765384,0.96,False,False,0.005000000000000071,-0.00044217772361765384
5,40,38,2,2,2,"[[40,38,2]]_5",2,{40: 2},40.0,40,16160309291565740657279117440900958232530295124578533376,0.9873179343530822,1.0,1.0,0.9873179343530823,0.9873179343530823,1.1102230246251565e-16,1.1102230246251565e-16,1,stabilizer matrix,Semi-Perfect Quantum Code,0.95,0.0,0.96,True,True,0.0,0.0
5,41,36,3,3,3,"[[41,36,3]]_5",5,"{38: 2, 39: 3}",38.6,39,851221847059209325593486845758567834678765892499501219840,0.9932741174266108,0.9414634146341464,0.9512195121951219,0.9987782503666617,0.9997078720963056,0.006433754669694869,0.005504132940050921,1,stabilizer matrix,Semi-Perfect Quantum Code,0.8780487804878049,-0.000929621729643948,0.96,False,False,0.009756097560975575,-0.000929621729643948
5,41,39,2,2,2,"[[41,39,2]]_5",2,{41: 2},41.0,41,387847422997577775774698818581622997580727082989884801024,0.9873179343530821,1.0,1.0,0.9873179343530823,0.9873179343530823,2.220446049250313e-16,2.220446049250313e-16,1,stabilizer matrix,Semi-Perfect Quantum Code,0.9512195121951219,0.0,0.96,True,True,0.0,0.0
5,42,37,3,3,3,"[[42,37,3]]_5",5,"{39: 1, 40: 2, 41: 2}",40.2,41,37933632677068648569519848339608182624492779422427344011264,0.997709964919253,0.9571428571428572,0.9761904761904762,0.9999677059871587,0.9987654047691026,0.001055439849849571,0.002257741067905661,1,stabilizer matrix,Semi-Perfect Quantum Code,0.8809523809523809,0.00120230121805609,0.96,True,False,0.01904761904761898,0.00120230121805609
5,42,40,2,2,2,"[[42,40,2]]_5",2,{42: 2},42.0,42,9308338151941866618592771645958951941937449991757235224576,0.9873179343530823,1.0,1.0,0.9873179343530823,0.9873179343530823,0.0,0.0,1,stabilizer matrix,Semi-Perfect Quantum Code,0.9523809523809523,0.0,0.96,True,True,0.0,0.0
5,43,38,3,3,3,"[[43,38,3]]_5",5,"{40: 3, 42: 2}",40.8,42,599692917500713070050970769114393659050966721777984795049984,0.9944521115776372,0.9488372093023255,0.9767441860465116,0.9995354847241239,0.9986712204219389,0.0042191088443016556,0.005083373146486658,1,stabilizer matrix,Semi-Perfect Quantum Code,0.8837209302325582,0.0008642643021850027,0.96,True,False,0.027906976744186112,0.0008642643021850027
5,43,41,2,2,2,"[[43,41,2]]_5",2,{43: 2},43.0,43,223400115646604798846226519503014846606498799802173645389824,0.9873179343530823,1.0,1.0,0.9873179343530823,0.9873179343530823,0.0,0.0,1,stabilizer matrix,Semi-Perfect Quantum Code,0.9534883720930233,0.0,0.96,True,True,0.0,0.0
5,44,39,3,3,3,"[[44,39,3]]_5",5,"{41: 1, 42: 4}",41.8,42,13942339161916925883548873130372183517031977179320378827210752,0.9940655416328378,0.95,0.9545454545454546,0.9996242655021248,0.9998845598086913,0.0058190181758535076,0.005558723869287019,1,stabilizer matrix,Semi-Perfect Quantum Code,0.8863636363636364,-0.00026029430656648866,0.96,False,False,0.00454545454545461,-0.00026029430656648866
5,44,42,2,2,2,"[[44,42,2]]_5",2,{44: 2},44.0,44,5361602775518515172309436468072356318555971195252167489355776,0.9873179343530823,1.0,1.0,0.9873179343530823,0.9873179343530823,0.0,0.0,1,stabilizer matrix,Semi-Perfect Quantum Code,0.9545454545454546,0.0,0.96,True,True,0.0,0.0
5,45,40,3,3,3,"[[45,40,3]]_5",5,"{42: 1, 43: 4}",42.8,43,353251432866193838175595683964142226196526227187187076772659200,0.9942897492676628,0.951111111111111,0.9555555555555556,0.9997008401799099,0.9999227838744914,0.005633034606828624,0.0054110909122471185,1,stabilizer matrix,Semi-Perfect Quantum Code,0.8888888888888888,-0.00022194369458150565,0.96,False,False,0.004444444444444508,-0.00022194369458150565
5,45,43,2,2,2,"[[45,43,2]]_5",2,{45: 2},45.0,45,128678466612444364135426475233736551645343308686052019744538624,0.9873179343530822,1.0,1.0,0.9873179343530823,0.9873179343530823,1.1102230246251565e-16,1.1102230246251565e-16,1,stabilizer matrix,Semi-Perfect Quantum Code,0.9555555555555556,0.0,0.96,True,True,0.0,0.0
5,46,41,3,3,3,"[[46,41,3]]_5",5,"{43: 2, 44: 3}",43.6,44,8940472628177124049825985310510654161192081968082989288500756480,0.9944968727459971,0.9478260869565218,0.9565217391304348,0.9994512435544196,0.9999523637116998,0.005455490965702747,0.004954370808422537,1,stabilizer matrix,Semi-Perfect Quantum Code,0.8913043478260869,-0.0005011201572802104,0.96,False,False,0.008695652173913012,-0.0005011201572802104
5,46,44,2,2,2,"[[46,44,2]]_5",2,{46: 2},46.0,46,3088283198698664739250235405609677239488239408465248473868926976,0.9873179343530822,1.0,1.0,0.9873179343530823,0.9873179343530823,1.1102230246251565e-16,1.1102230246251565e-16,1,stabilizer matrix,Semi-Perfect Quantum Code,0.9565217391304348,0.0,0.96,True,True,0.0,0.0
5,47,42,3,3,3,"[[47,42,3]]_5",5,"{43: 1, 44: 2, 45: 1, 46: 1}",44.4,46,411035883379228988840361789272272543404916600245217509715545686016,0.9986408470693683,0.9446808510638297,0.9787234042553191,0.9991486480551172,0.9982995614134278,-0.0003412856559404931,0.0005078009857488741,1,stabilizer matrix,Semi-Perfect Quantum Code,0.8936170212765957,0.0008490866416893672,0.96,True,False,0.03404255319148939,0.0008490866416893672
5,47,45,2,2,2,"[[47,45,2]]_5",2,{47: 2},47.0,47,74118796768767953742005649734632253747717745803165963372854247424,0.9873179343530825,1.0,1.0,0.9873179343530823,0.9873179343530823,-1.1102230246251565e-16,-1.1102230246251565e-16,1,stabilizer matrix,Semi-Perfect Quantum Code,0.9574468085106383,0.0,0.96,True,True,0.0,0.0
5,48,43,3,3,3,"[[48,43,3]]_5",5,"{45: 1, 46: 4}",45.8,46,5709206206660931547960601853170423323400591919782756012025689669632,0.9948652915947694,0.9541666666666666,0.9583333333333334,0.999868333909042,0.9999889099888126,0.005123618394043183,0.00500304231427251,1,stabilizer matrix,Semi-Perfect Quantum Code,0.8958333333333334,-0.00012057607977067342,0.96,False,False,0.004166666666666726,-0.00012057607977067342
5,48,46,2,2,2,"[[48,46,2]]_5",2,{48: 2},48.0,48,1778851122450430889808135593631174089945225899275983120948501938176,0.9873179343530825,1.0,1.0,0.9873179343530823,0.9873179343530823,-1.1102230246251565e-16,-1.1102230246251565e-16,1,stabilizer matrix,Semi-Perfect Quantum Code,0.9583333333333334,0.0,0.96,True,True,0.0,0.0
5,49,44,3,3,3,"[[49,44,3]]_5",5,"{45: 1, 46: 1, 47: 3}",46.4,47,171326113444873574852102601067503389484056150797252868544431571075072,0.9961278759107791,0.946938775510204,0.9591836734693877,0.9993720221807729,0.9999973217531346,0.00386944584235549,0.0032441462699938084,1,stabilizer matrix,Semi-Perfect Quantum Code,0.8979591836734694,-0.0006252995723616817,0.96,False,False,0.012244897959183702,-0.0006252995723616817
5,49,47,2,2,2,"[[49,47,2]]_5",2,{49: 2},49.0,49,42692426938810341355395254247148178158685421582623594902764046516224,0.9873179343530822,1.0,1.0,0.9873179343530823,0.9873179343530823,1.1102230246251565e-16,1.1102230246251565e-16,1,stabilizer matrix,Semi-Perfect Quantum Code,0.9591836734693877,0.0,0.96,True,True,0.0,0.0
5,50,45,3,3,3,"[[50,45,3]]_5",5,"{47: 2, 48: 3}",47.6,48,3631821041669629733358276836996980433638169544355132205269858123776000,0.9951803941365425,0.9520000000000001,0.96,0.9997561692086058,1.0,0.004819605863457532,0.004575775072063304,1,stabilizer matrix,Semi-Perfect Quantum Code,0.9,-0.00024383079139422836,0.96,False,False,0.007999999999999972,-0.00024383079139422836
5,50,48,2,2,2,"[[50,48,2]]_5",2,{50: 2},50.0,50,1024618246531448192529486101931556275808450117982966277666337116389376,0.9873179343530822,1.0,1.0,0.9873179343530823,0.9873179343530823,1.1102230246251565e-16,1.1102230246251565e-16,1,stabilizer matrix,Semi-Perfect Quantum Code,0.96,0.0,0.96,True,True,0.0,0.0
5,51,46,3,3,3,"[[51,46,3]]_5",5,"{47: 3, 49: 1, 50: 1}",48.0,50,125210662232602154687259952232307897430109533211187537908883628675301376,0.9972326349031724,0.9411764705882353,0.9803921568627451,0.9987423368789845,0.9979409535713315,0.0007083186681591247,0.0015097019758121277,1,stabilizer matrix,Semi-Perfect Quantum Code,0.9019607843137255,0.000801383307653003,0.96,True,False,0.0392156862745098,0.000801383307653003
5,51,49,2,2,2,"[[51,49,2]]_5",2,{51: 2},51.0,51,24590837916754756620707666446357350619402802831591190663992090793345024,0.9873179343530822,1.0,1.0,0.9873179343530823,0.9873179343530823,1.1102230246251565e-16,1.1102230246251565e-16,1,stabilizer matrix,Semi-Perfect Quantum Code,0.9607843137254902,0.0,0.96,True,True,0.0,0.0
5,52,47,3,3,3,"[[52,47,3]]_5",5,"{49: 2, 50: 2, 51: 1}",49.8,51,3580870001919656191525132345233800591237898420664136646064237165594804224,0.9980893328866337,0.9576923076923076,0.9807692307692307,0.9999788437061284,0.997853816843253,-0.0002355160433806791,0.001889510819494733,1,stabilizer matrix,Semi-Perfect Quantum Code,0.9038461538461539,0.002125026862875412,0.96,True,False,0.02307692307692313,0.002125026862875412
5,52,50,2,2,2,"[[52,50,2]]_5",2,{52: 2},52.0,52,590180110002114158896983994712576414865667267958188575935810179040280576,0.9873179343530823,1.0,1.0,0.9873179343530823,0.9873179343530823,0.0,0.0,1,stabilizer matrix,Semi-Perfect Quantum Code,0.9615384615384616,0.0,0.96,True,True,0.0,0.0
5,53,48,3,3,3,"[[53,48,3]]_5",5,"{49: 1, 50: 1, 51: 2, 52: 1}",50.6,52,101669837441002948610464672831616781727823238542517377457592535812015128576,0.9988712727173058,0.9547169811320755,0.9811320754716981,0.9998915699364542,0.99776775760133,-0.0011035151159758394,0.001020297219148425,1,stabilizer matrix,Semi-Perfect Quantum Code,0.9056603773584906,0.0021238123351242644,0.96,True,False,0.026415094339622615,0.0021238123351242644
5,53,51,2,2,2,"[[53,51,2]]_5",2,{53: 2},53.0,53,14164322640050739813527615873101833956776014430996525822459444296966733824,0.9873179343530823,1.0,1.0,0.9873179343530823,0.9873179343530823,0.0,0.0,1,stabilizer matrix,Semi-Perfect Quantum Code,0.9622641509433962,0.0,0.96,True,True,0.0,0.0
5,54,49,3,3,3,"[[54,49,3]]_5",5,"{50: 1, 51: 2, 53: 2}",51.6,53,1698861111333741955486166724904903362210270058970831355920726591469590151168,0.996574290110605,0.9555555555555556,0.9814814814814815,0.9999227838744914,0.9976827978775741,0.0011085077669690246,0.003348493763886351,1,stabilizer matrix,Semi-Perfect Quantum Code,0.9074074074074074,0.0022399859969173264,0.96,True,False,0.0259259259259259,0.0022399859969173264
5,54,52,2,2,2,"[[54,52,2]]_5",2,{54: 2},54.0,54,339943743361217755524662780954444014962624346343916619739026663127201611776,0.9873179343530823,1.0,1.0,0.9873179343530823,0.9873179343530823,0.0,0.0,1,stabilizer matrix,Semi-Perfect Quantum Code,0.9629629629629629,0.0,0.96,True,True,0.0,0.0
5,55,50,3,3,3,"[[55,50,3]]_5",5,"{52: 2, 53: 1, 54: 2}",53.0,54,55214300191247790135607337625335086492757501253828332221674721300113449287680,0.9981186745697966,0.9636363636363636,0.9818181818181818,0.9999448822201107,0.9975989536337623,-0.0005197209360343624,0.001826207650314049,1,stabilizer matrix,Semi-Perfect Quantum Code,0.9090909090909091,0.0023459285863484114,0.96,True,False,0.01818181818181818,0.0023459285863484114
5,55,53,2,2,2,"[[55,53,2]]_5",2,{55: 2},55.0,55,8158649840669226132591906742906656359102984312253998873736639915052838682624,0.9873179343530823,1.0,1.0,0.9873179343530823,0.9873179343530823,0.0,0.0,1,stabilizer matrix,Semi-Perfect Quantum Code,0.9636363636363636,0.0,0.96,True,True,0.0,0.0
5,56,51,3,3,3,"[[56,51,3]]_5",5,"{52: 1, 53: 2, 55: 2}",53.6,55,1066286667262359680477405541023137784807609172361810714783291351814581480587264,0.9967200908738526,0.9571428571428572,0.9821428571428571,0.9999677059871587,0.9975162356226489,0.0007961447487963014,0.0032476151133060682,1,stabilizer matrix,Semi-Perfect Quantum Code,0.9107142857142857,0.002451470364509767,0.96,True,False,0.024999999999999974,0.002451470364509767
5,56,54,2,2,2,"[[56,54,2]]_5",2,{56: 2},56.0,56,195807596176061427182205761829759752618471623494095972969679357961268128382976,0.9873179343530822,1.0,1.0,0.9873179343530823,0.9873179343530823,1.1102230246251565e-16,1.1102230246251565e-16,1,stabilizer matrix,Semi-Perfect Quantum Code,0.9642857142857143,0.0,0.96,True,True,0.0,0.0
5,57,52,3,3,3,"[[57,52,3]]_5",5,"{53: 3, 54: 1, 56: 1}",53.8,56,26702835998831175609778904941057293208325364373574408417965348658639032006213632,0.9967869626678021,0.943859649122807,0.9824561403508771,0.9990598286614161,0.9974346501305136,0.0006476874627114881,0.0022728659936139817,1,stabilizer matrix,Semi-Perfect Quantum Code,0.9122807017543859,0.0016251785309024935,0.96,True,False,0.038596491228070226,0.0016251785309024935
5,57,55,2,2,2,"[[57,55,2]]_5",2,{57: 2},57.0,57,4699382308225474252372938283914234062843318963858303351272304591070435081191424,0.9873179343530825,1.0,1.0,0.9873179343530823,0.9873179343530823,-1.1102230246251565e-16,-1.1102230246251565e-16,1,stabilizer matrix,Semi-Perfect Quantum Code,0.9649122807017544,0.0,0.96,True,True,0.0,0.0
5,58,53,3,3,3,"[[58,53,3]]_5",5,"{54: 2, 56: 2, 57: 1}",55.4,57,740462062351970902906265222847160408951438724962855741949350487357039278754365440,0.9973974304880723,0.9551724137931035,0.9827586206896551,0.9999091550456475,0.9973541996182623,-4.32308698099515e-05,0.002511724557575201,1,stabilizer matrix,Semi-Perfect Quantum Code,0.9137931034482759,0.0025549554273851527,0.96,True,False,0.027586206896551748,0.0025549554273851527
5,58,56,2,2,2,"[[58,56,2]]_5",2,{58: 2},58.0,58,112785175397411382056950518813941617508239655132599280430535310185690441948594176,0.9873179343530822,1.0,1.0,0.9873179343530823,0.9873179343530823,1.1102230246251565e-16,1.1102230246251565e-16,1,stabilizer matrix,Semi-Perfect Quantum Code,0.9655172413793104,0.0,0.96,True,True,0.0,0.0
5,59,54,3,3,3,"[[59,54,3]]_5",5,"{56: 3, 58: 2}",56.8,58,13019834492534852477626407721346215230860033660992923530672889548918601660569223168,0.9955884840010972,0.9627118644067796,0.9830508474576272,0.9999695840377761,0.9972748832756261,0.0016863992745288492,0.004381100036678909,1,stabilizer matrix,Semi-Perfect Quantum Code,0.9152542372881356,0.0026947007621500596,0.96,True,False,0.020338983050847505,0.0026947007621500596
5,59,57,2,2,2,"[[59,57,2]]_5",2,{59: 2},59.0,59,2706844209537873169366812451534598820197751723182382730332847444456570606766260224,0.9873179343530822,1.0,1.0,0.9873179343530823,0.9873179343530823,1.1102230246251565e-16,1.1102230246251565e-16,1,stabilizer matrix,Semi-Perfect Quantum Code,0.9661016949152542,0.0,0.96,True,True,0.0,0.0
5,60,55,3,3,3,"[[60,55,3]]_5",5,"{56: 1, 57: 2, 59: 2}",57.6,59,418706152321061833122205601837475915810471888456717594279578703493267508668378644480,0.9969658786448282,0.9600000000000001,0.9833333333333333,1.0000000000000002,0.997196697500766,0.00023081885593778662,0.0030341213551720037,1,stabilizer matrix,Semi-Perfect Quantum Code,0.9166666666666666,0.002803302499234217,0.96,True,False,0.02333333333333331,0.002803302499234217
5,60,58,2,2,2,"[[60,58,2]]_5",2,{60: 2},60.0,60,64964261028908956064803498836830371684746041356377185527988338666957694562390245376,0.9873179343530822,1.0,1.0,0.9873179343530823,0.9873179343530823,1.1102230246251565e-16,1.1102230246251565e-16,1,stabilizer matrix,Semi-Perfect Quantum Code,0.9666666666666667,0.0,0.96,True,True,0.0,0.0
5,61,56,3,3,3,"[[61,56,3]]_5",5,"{57: 1, 58: 2, 60: 2}",58.6,60,10474354539775286826154742309312474103756153928845531315280462984640480273330859933696,0.9970188774554584,0.9606557377049181,0.9836065573770492,0.9999982514340842,0.9971196363157305,0.00010075886027216541,0.002979373978625799,1,stabilizer matrix,Semi-Perfect Quantum Code,0.9180327868852459,0.0028786151183536335,0.96,True,False,0.022950819672131126,0.0028786151183536335
5,61,59,2,2,2,"[[61,59,2]]_5",2,{61: 2},61.0,61,1559142264693814945555283972083928920433904992553052452671720128006984669497365889024,0.9873179343530822,1.0,1.0,0.9873179343530823,0.9873179343530823,1.1102230246251565e-16,1.1102230246251565e-16,1,stabilizer matrix,Semi-Perfect Quantum Code,0.9672131147540983,0.0,0.96,True,True,0.0,0.0
5,62,57,3,3,3,"[[62,57,3]]_5",5,"{58: 3, 59: 1, 61: 1}",58.8,61,261956314585307842313440015354005382065665030126491812518606908396317034445550164901888,0.9970688244926876,0.9483870967741935,0.9838709677419355,0.9994987846199119,0.9970436917266524,-2.5132766035218523e-05,0.0024299601272242954,1,stabilizer matrix,Semi-Perfect Quantum Code,0.9193548387096774,0.002455092893259514,0.96,True,False,0.035483870967741984,0.002455092893259514
5,62,60,2,2,2,"[[62,60,2]]_5",2,{62: 2},62.0,62,37419414352651558693326815330014294090413719821273258864121283072167632067936781336576,0.9873179343530823,1.0,1.0,0.9873179343530823,0.9873179343530823,0.0,0.0,1,stabilizer matrix,Semi-Perfect Quantum Code,0.967741935483871,0.0,0.96,True,True,0.0,0.0
5,63,58,3,3,3,"[[63,58,3]]_5",5,"{59: 1, 60: 2, 62: 2}",60.6,62,6549591230010428973399883447043628223902108177232743732005301323352340959526520654659584,0.9971158656251019,0.9619047619047619,0.9841269841269841,0.9999850949887936,0.9969688540362583,-0.0001470115888435597,0.0028692293636917166,1,stabilizer matrix,Semi-Perfect Quantum Code,0.9206349206349206,0.0030162409525352762,0.96,True,False,0.0222222222222222,0.0030162409525352762
5,63,61,2,2,2,"[[63,61,2]]_5",2,{63: 2},63.0,63,898065944463637408639843567920343058169929275710558212738910793732023169630482752077824,0.9873179343530823,1.0,1.0,0.9873179343530823,0.9873179343530823,0.0,0.0,1,stabilizer matrix,Semi-Perfect Quantum Code,0.9682539682539683,0.0,0.96,True,True,0.0,0.0
5,64,59,3,3,3,"[[64,59,3]]_5",5,"{60: 3, 61: 1, 62: 1}",60.6,62,181674374966652705085992798995163565666799477542266777890214172755629867659172068120854528,0.9976654613328858,0.946875,0.96875,0.9993661397039226,0.9996659149583904,0.0020004536255046057,0.0017006783710368234,1,stabilizer matrix,Semi-Perfect Quantum Code,0.921875,-0.0002997752544677823,0.96,True,False,0.021874999999999978,-0.0002997752544677823
5,64,62,2,2,2,"[[64,62,2]]_5",2,{64: 2},64.0,64,21553582667127297807356245630088233396078302617053397105733859049568556071131586049867776,0.9873179343530823,1.0,1.0,0.9873179343530823,0.9873179343530823,0.0,0.0,1,stabilizer matrix,Semi-Perfect Quantum Code,0.96875,0.0,0.96,True,True,0.0,0.0
5,65,60,3,3,3,"[[65,60,3]]_5",5,"{61: 1, 62: 3, 63: 1}",62.0,63,4558058862296486364434139375349041163153295211429295662238613491020739262195379334608322560,0.9977183940646495,0.9538461538461539,0.9692307692307692,0.9998538078695404,0.9996264970020864,0.0019081029374369285,0.0021354138048909066,1,stabilizer matrix,Semi-Perfect Quantum Code,0.9230769230769231,0.0002273108674539781,0.96,True,False,0.015384615384615385,0.0002273108674539781
5,65,63,2,2,2,"[[65,63,2]]_5",2,{65: 2},65.0,65,517285984011055147376549895122117601505879262809281530537612617189645345707158065196826624,0.9873179343530823,1.0,1.0,0.9873179343530823,0.9873179343530823,0.0,0.0,1,stabilizer matrix,Semi-Perfect Quantum Code,0.9692307692307692,0.0,0.96,True,True,0.0,0.0
5,66,61,3,3,3,"[[66,61,3]]_5",5,"{61: 1, 62: 1, 63: 2, 64: 1}",62.6,64,128230794913212699211344383767290143732322436596969909685031747138423794287273294996808138752,0.9983086776074027,0.9484848484848485,0.9696969696969697,0.9995068645153743,0.9995859743069118,0.0012772966995090451,0.0011981869079715768,1,stabilizer matrix,Semi-Perfect Quantum Code,0.9242424242424242,-7.910979153746833e-05,0.96,True,False,0.02121212121212119,-7.910979153746833e-05
5,66,64,2,2,2,"[[66,64,2]]_5",2,{66: 2},66.0,66,12414863616265323537037197482930822436141102307422756732902702812551488296971793564723838976,0.9873179343530821,1.0,1.0,0.9873179343530823,0.9873179343530823,2.220446049250313e-16,2.220446049250313e-16,1,stabilizer matrix,Semi-Perfect Quantum Code,0.9696969696969697,0.0,0.96,True,True,0.0,0.0
5,67,62,3,3,3,"[[67,62,3]]_5",5,"{62: 1, 63: 3, 65: 1}",63.2,65,2193452427944988352335309447472868451449282321722430168841345023005380565922544422364414738432,0.9965743585683052,0.9432835820895523,0.9701492537313433,0.9989951596378337,0.9995444655166842,0.002970106948378959,0.0024208010695284665,1,stabilizer matrix,Semi-Perfect Quantum Code,0.9253731343283582,-0.0005493058788504923,0.96,True,False,0.026865671641791003,-0.0005493058788504923
5,67,65,2,2,2,"[[67,65,2]]_5",2,{67: 2},67.0,67,297956726790367764888892739590339738467386455378146161589664867501235719127323045553372135424,0.9873179343530822,1.0,1.0,0.9873179343530823,0.9873179343530823,1.1102230246251565e-16,1.1102230246251565e-16,1,stabilizer matrix,Semi-Perfect Quantum Code,0.9701492537313433,0.0,0.96,True,True,0.0,0.0
5,68,63,3,3,3,"[[68,63,3]]_5",5,"{64: 3, 65: 1, 66: 1}",64.6,66,71758278112918911208137726507515865180863304668048023823928419732151445021950176041066637033472,0.9978534741092416,0.95,0.9705882352941176,0.9996242655021248,0.9995020792200735,0.001648605110831869,0.0017707913928831642,1,stabilizer matrix,Semi-Perfect Quantum Code,0.9264705882352942,0.00012218628205129534,0.96,True,False,0.02058823529411773,0.00012218628205129534
5,68,66,2,2,2,"[[68,66,2]]_5",2,{68: 2},68.0,68,7150961442968826357333425750168153723217274929075507878151956820029657259055753093280931250176,0.9873179343530822,1.0,1.0,0.9873179343530823,0.9873179343530823,1.1102230246251565e-16,1.1102230246251565e-16,1,stabilizer matrix,Semi-Perfect Quantum Code,0.9705882352941176,0.0,0.96,True,True,0.0,0.0
5,69,64,3,3,3,"[[69,64,3]]_5",5,"{65: 2, 66: 3}",65.6,66,1097658614774146547361701685803643299338611042872994608695000856333888268840724006550862632583168,0.9956727911488853,0.9507246376811593,0.9565217391304348,0.9996751321042038,0.9999523637116998,0.0042795725628145265,0.004002340955318484,1,stabilizer matrix,Semi-Perfect Quantum Code,0.927536231884058,-0.00027723160749604236,0.96,False,False,0.005797101449275445,-0.00027723160749604236
5,69,67,2,2,2,"[[69,67,2]]_5",2,{69: 2},69.0,69,171623074631251832576002218004035689357214598297812189075646963680711774217338074238742350004224,0.9873179343530822,1.0,1.0,0.9873179343530823,0.9873179343530823,1.1102230246251565e-16,1.1102230246251565e-16,1,stabilizer matrix,Semi-Perfect Quantum Code,0.9710144927536232,0.0,0.96,True,True,0.0,0.0
5,70,65,3,3,3,"[[70,65,3]]_5",5,"{66: 2, 67: 3}",66.6,67,27693277599940325274509709751287053721290330567564109420033078542332040127081616174119055031009280,0.9957751482757091,0.9514285714285714,0.9571428571428572,0.9997212113276049,0.9999677059871587,0.004192557711449552,0.003946063051895821,1,stabilizer matrix,Semi-Perfect Quantum Code,0.9285714285714286,-0.00024649465955373095,0.96,False,False,0.005714285714285796,-0.00024649465955373095
5,70,68,2,2,2,"[[70,68,2]]_5",2,{70: 2},70.0,70,4118953791150043981824053232096856544573150359147492537815527128337082581216113781729816400101376,0.9873179343530822,1.0,1.0,0.9873179343530823,0.9873179343530823,1.1102230246251565e-16,1.1102230246251565e-16,1,stabilizer matrix,Semi-Perfect Quantum Code,0.9714285714285714,0.0,0.96,True,True,0.0,0.0
5,71,66,3,3,3,"[[71,66,3]]_5",5,"{66: 1, 68: 3, 69: 1}",67.8,69,996836936262729506712539901333677875516877088543708259820288293268828255012554410309236358962479104,0.9974296536089888,0.9549295774647887,0.971830985915493,0.9998999650455245,0.9993706088015368,0.0019409551925479995,0.0024703114365356438,1,stabilizer matrix,Semi-Perfect Quantum Code,0.9295774647887324,0.0005293562439876442,0.96,True,False,0.016901408450704265,0.0005293562439876442
5,71,69,2,2,2,"[[71,69,2]]_5",2,{71: 2},71.0,71,98854890987601055563777277570324557069755608619539820907572651080089981949186730761515593602433024,0.9873179343530822,1.0,1.0,0.9873179343530823,0.9873179343530823,1.1102230246251565e-16,1.1102230246251565e-16,1,stabilizer matrix,Semi-Perfect Quantum Code,0.971830985915493,0.0,0.96,True,True,0.0,0.0
5,72,67,3,3,3,"[[72,67,3]]_5",5,"{67: 1, 69: 3, 70: 1}",68.8,70,24932520714170781070999650220259034266908181115889878541440978192844942910452011567774015054069891072,0.9974673603632154,0.9555555555555555,0.9722222222222222,0.9999227838744914,0.9993256272182659,0.0018582668550505277,0.0024554235112760336,1,stabilizer matrix,Semi-Perfect Quantum Code,0.9305555555555556,0.000597156656225506,0.96,True,False,0.016666666666666705,0.000597156656225506
5,72,70,2,2,2,"[[72,70,2]]_5",2,{72: 2},72.0,72,2372517383702425333530654661687789369674134606868955701781743625922159566780481538276374246458392576,0.9873179343530823,1.0,1.0,0.9873179343530823,0.9873179343530823,0.0,0.0,1,stabilizer matrix,Semi-Perfect Quantum Code,0.9722222222222222,0.0,0.96,True,True,0.0,0.0
5,73,68,3,3,3,"[[73,68,3]]_5",5,"{68: 1, 69: 2, 70: 1, 71: 1}",69.4,71,810182635925190865120984998552167816078729508419516255732155571181950119131699357436017720031677775872,0.998617949766351,0.9506849315068494,0.9726027397260274,0.9996724346293323,0.9992801890622617,0.0006622392959106937,0.0010544848629813197,1,stabilizer matrix,Semi-Perfect Quantum Code,0.9315068493150684,0.00039224556707062597,0.96,True,False,0.021917808219178006,0.00039224556707062597
5,73,71,2,2,2,"[[73,71,2]]_5",2,{73: 2},73.0,73,56940417208858208004735711880506944872179230564854936842761847022131829602731556918632981915001421824,0.9873179343530823,1.0,1.0,0.9873179343530823,0.9873179343530823,0.0,0.0,1,stabilizer matrix,Semi-Perfect Quantum Code,0.9726027397260274,0.0,0.96,True,True,0.0,0.0
5,74,69,3,3,3,"[[74,69,3]]_5",5,"{71: 4, 72: 1}",71.2,72,12816338906760501651732596482437438174979675146306098701024979067231505979748161269768973679368236695552,0.9967152762565322,0.9621621621621622,0.972972972972973,0.9999807534710126,0.9992343588162846,0.002519082559752417,0.003265477214480339,1,stabilizer matrix,Semi-Perfect Quantum Code,0.9324324324324325,0.0007463946547279221,0.96,True,False,0.010810810810810773,0.0007463946547279221
5,74,72,2,2,2,"[[74,72,2]]_5",2,{74: 2},74.0,74,1366570013012596992113657085132166676932301533556518484226284328531163910465557366047191565960034123776,0.9873179343530823,1.0,1.0,0.9873179343530823,0.9873179343530823,0.0,0.0,1,stabilizer matrix,Semi-Perfect Quantum Code,0.972972972972973,0.0,0.96,True,True,0.0,0.0
5,75,70,3,3,3,"[[75,70,3]]_5",5,"{71: 3, 72: 1, 73: 1}",71.6,73,438367071339967500844792148521725732097977758642918358823585542582105020454571098225402824050309123276800,0.9980574967435062,0.9546666666666666,0.9733333333333334,0.9998895355109318,0.9991881956720001,0.001130698928493934,0.0018320387674256589,1,stabilizer matrix,Semi-Perfect Quantum Code,0.9333333333333333,0.0007013398389317249,0.96,True,False,0.01866666666666674,0.0007013398389317249
5,75,73,2,2,2,"[[75,73,2]]_5",2,{75: 2},75.0,75,32797680312302327810727770043172000246375236805356443621430823884747933851173376785132597583040818970624,0.9873179343530822,1.0,1.0,0.9873179343530823,0.9873179343530823,1.1102230246251565e-16,1.1102230246251565e-16,1,stabilizer matrix,Semi-Perfect Quantum Code,0.9733333333333334,0.0,0.96,True,True,0.0,0.0
5,76,71,3,3,3,"[[76,71,3]]_5",5,"{71: 1, 72: 3, 74: 1}",72.2,74,8764933321654892055182309355952901535749335926232395186434402381861789417131139775746705961146027197071360,0.9971697825238098,0.9500000000000001,0.9736842105263158,0.9996242655021248,0.9991417539762416,0.0019719714524317755,0.0024544829783149646,1,stabilizer matrix,Semi-Perfect Quantum Code,0.9342105263157895,0.00048251152588318913,0.96,True,False,0.023684210526315752,0.00048251152588318913
5,76,74,2,2,2,"[[76,74,2]]_5",2,{76: 2},76.0,76,787144327495255867457466481036128005913005683328554646914339773233950412428161042843182341992979655294976,0.9873179343530822,1.0,1.0,0.9873179343530823,0.9873179343530823,1.1102230246251565e-16,1.1102230246251565e-16,1,stabilizer matrix,Semi-Perfect Quantum Code,0.9736842105263158,0.0,0.96,True,True,0.0,0.0
5,77,72,3,3,3,"[[77,72,3]]_5",5,"{73: 1, 74: 2, 75: 2}",74.2,75,272986652143985672584912191418832300960390148314786345813347827847702546204725369488713092178977481581133824,0.9980933052510218,0.9636363636363636,0.974025974025974,0.9999448822201107,0.9990950836360837,0.00100177838506188,0.0018515769690888861,1,stabilizer matrix,Semi-Perfect Quantum Code,0.935064935064935,0.0008497985840270061,0.96,True,False,0.010389610389610353,0.0008497985840270061
5,77,75,2,2,2,"[[77,75,2]]_5",2,{77: 2},77.0,77,18891463859886140818979195544867072141912136399885311525944154557614809898275865028236376207831511727079424,0.9873179343530823,1.0,1.0,0.9873179343530823,0.9873179343530823,0.0,0.0,1,stabilizer matrix,Semi-Perfect Quantum Code,0.974025974025974,0.0,0.96,True,True,0.0,0.0
5,78,73,3,3,3,"[[78,73,3]]_5",5,"{73: 1, 75: 2, 76: 2}",75.0,76,6060985015240719686930393716079296851321612814825349818259594897928093950791563567913207624908298615114432512,0.9976450929395537,0.9615384615384616,0.9743589743589743,0.9999903057289706,0.9990482304869134,0.0014031375473596563,0.002345212789416906,1,stabilizer matrix,Semi-Perfect Quantum Code,0.9358974358974359,0.0009420752420572498,0.96,True,False,0.01282051282051282,0.0009420752420572498
5,78,76,2,2,2,"[[78,76,2]]_5",2,{78: 2},78.0,78,453395132637267379655500693076809731405891273597247476622659709382755437558620760677673028987956281449906176,0.9873179343530822,1.0,1.0,0.9873179343530823,0.9873179343530823,1.1102230246251565e-16,1.1102230246251565e-16,1,stabilizer matrix,Semi-Perfect Quantum Code,0.9743589743589743,0.0,0.96,True,True,0.0,0.0
5,79,74,3,3,3,"[[79,74,3]]_5",5,"{75: 1, 76: 3, 77: 1}",76.0,77,169729733893221098443890178545227389391004908355270279632416449437236449320316337052030804519908139336384643072,0.998121080208978,0.9620253164556962,0.9746835443037974,0.9999831317749861,0.9990012366272284,0.0008801564182503441,0.0018620515660080494,1,stabilizer matrix,Semi-Perfect Quantum Code,0.9367088607594937,0.0009818951477577054,0.96,True,False,0.012658227848101266,0.0009818951477577054
5,79,77,2,2,2,"[[79,77,2]]_5",2,{79: 2},79.0,79,10881483183294417111732016633843433553741390566333939438943833025186130501406898256264152695710950754797748224,0.9873179343530822,1.0,1.0,0.9873179343530823,0.9873179343530823,1.1102230246251565e-16,1.1102230246251565e-16,1,stabilizer matrix,Semi-Perfect Quantum Code,0.9746835443037974,0.0,0.96,True,True,0.0,0.0
5,80,75,3,3,3,"[[80,75,3]]_5",5,"{75: 1, 76: 3, 79: 1}",76.4,79,2903907139614133101199081731266769592566067408750048403944583089648764219149832399329668752123995440312152489984,0.99667172798046,0.9550000000000001,0.9875,0.9999026740639956,0.9958523448050524,-0.0008193831754076397,0.0032309460835355797,1,stabilizer matrix,Semi-Perfect Quantum Code,0.9375,0.004050329258943219,0.96,True,False,0.03249999999999993,0.004050329258943219
5,80,78,2,2,2,"[[80,78,2]]_5",2,{80: 2},80.0,80,261155596399066010681568399212242405289793373592014546534651992604467132033765558150339664697062818115145957376,0.9873179343530822,1.0,1.0,0.9873179343530823,0.9873179343530823,1.1102230246251565e-16,1.1102230246251565e-16,1,stabilizer matrix,Semi-Perfect Quantum Code,0.975,0.0,0.96,True,True,0.0,0.0
5,81,76,3,3,3,"[[81,76,3]]_5",5,"{76: 1, 77: 3, 78: 1}",77.0,78,90282050751633758511000519289779882060724184041210505330781514384754648703926732245763760706147988818304251723776,0.9975489570878173,0.9506172839506173,0.9629629629629629,0.9996678148744231,0.9999636140643099,0.0024146569764925685,0.00211885778660581,1,stabilizer matrix,Semi-Perfect Quantum Code,0.9382716049382716,-0.00029579918988675846,0.96,True,False,0.012345679012345678,-0.00029579918988675846
5,81,79,2,2,2,"[[81,79,2]]_5",2,{81: 2},81.0,81,6267734313577584256357641581093817726955040966208349116831647822507211168810373395608151952729507634763502977024,0.9873179343530822,1.0,1.0,0.9873179343530823,0.9873179343530823,1.1102230246251565e-16,1.1102230246251565e-16,1,stabilizer matrix,Semi-Perfect Quantum Code,0.9753086419753086,0.0,0.96,True,True,0.0,0.0
5,82,77,3,3,3,"[[82,77,3]]_5",5,"{77: 1, 79: 3, 80: 1}",78.8,80,2346421825302702074877638574328432642215053666402315072204504094490370509339313126178110401444196046666590689689600,0.9977259690836248,0.9609756097560975,0.975609756097561,0.9999961193982849,0.9988597819318595,0.001133812848234772,0.0022701503146601576,1,stabilizer matrix,Semi-Perfect Quantum Code,0.9390243902439024,0.0011363374664253856,0.96,True,False,0.014634146341463448,0.0011363374664253856
5,82,80,2,2,2,"[[82,80,2]]_5",2,{82: 2},82.0,82,150425623525862022152583397946251625446920983189000378803959547740173068051448961494595646865508183234324071448576,0.9873179343530821,1.0,1.0,0.9873179343530823,0.9873179343530823,2.220446049250313e-16,2.220446049250313e-16,1,stabilizer matrix,Semi-Perfect Quantum Code,0.975609756097561,0.0,0.96,True,True,0.0,0.0
5,83,78,3,3,3,"[[83,78,3]]_5",5,"{78: 1, 80: 3, 81: 1}",79.8,81,58488391047310048810618391089548858323551793337581728340991501847946921111086382293002686909325145178641956417306624,0.9977423661459843,0.96144578313253,0.9759036144578314,0.9999914450334532,0.998812581597528,0.0010702154515436213,0.002249078887468836,1,stabilizer matrix,Semi-Perfect Quantum Code,0.9397590361445783,0.0011788634359252148,0.96,True,False,0.01445783132530124,0.0011788634359252148
5,83,81,2,2,2,"[[83,81,2]]_5",2,{83: 2},83.0,83,3610214964620688531662001550710039010726103596536009091295029145764153633234775075870295524772196397623777714765824,0.9873179343530822,1.0,1.0,0.9873179343530823,0.9873179343530823,1.1102230246251565e-16,1.1102230246251565e-16,1,stabilizer matrix,Semi-Perfect Quantum Code,0.9759036144578314,0.0,0.96,True,True,0.0,0.0
5,84,79,3,3,3,"[[84,79,3]]_5",5,"{79: 3, 80: 1, 82: 1}",79.8,82,1364217030957145453684067238321334721723069220962131419765865574059429874771155543464557980594240534448174112907984896,0.997512689933767,0.95,0.9761904761904762,0.9996242655021248,0.9987654047691026,0.0012527148353356221,0.0021115755683578374,1,stabilizer matrix,Semi-Perfect Quantum Code,0.9404761904761905,0.0008588607330222153,0.96,True,False,0.026190476190476226,0.0008588607330222153
5,84,82,2,2,2,"[[84,82,2]]_5",2,{84: 2},84.0,84,86645159150896524759888037217040936257426486316864218191080699498339687197634601820887092594532713542970665154379776,0.9873179343530823,1.0,1.0,0.9873179343530823,0.9873179343530823,0.0,0.0,1,stabilizer matrix,Semi-Perfect Quantum Code,0.9761904761904762,0.0,0.96,True,True,0.0,0.0
5,85,80,3,3,3,"[[85,80,3]]_5",5,"{80: 3, 81: 2}",80.4,81,21257114157046291472002754742198201591506709893129988378927646460794566473786517425509307018942421994726487453683679232,0.9958140387309368,0.9458823529411765,0.9529411764705882,0.9992713601074455,0.999808895550429,0.003994856819492187,0.003457321376508782,1,stabilizer matrix,Semi-Perfect Quantum Code,0.9411764705882353,-0.0005375354429834056,0.96,False,False,0.007058823529411698,-0.0005375354429834056
5,85,83,2,2,2,"[[85,83,2]]_5",2,{85: 2},85.0,85,2079483819621516594237312893208982470178235671604741236585936787960152492743230443701290222268785125031295963705114624,0.9873179343530822,1.0,1.0,0.9873179343530823,0.9873179343530823,1.1102230246251565e-16,1.1102230246251565e-16,1,stabilizer matrix,Semi-Perfect Quantum Code,0.9764705882352941,0.0,0.96,True,True,0.0,0.0
5,86,81,3,3,3,"[[86,81,3]]_5",5,"{81: 1, 82: 1, 83: 1, 84: 2}",82.8,84,1223876549202685638522265898064633171346429335125095348566787807069596792401359094954779399885335434580119699269110202368,0.9988762274153209,0.9627906976744186,0.9767441860465116,0.999967768674279,0.9986712204219389,-0.00020500699338199535,0.0010915412589580509,1,stabilizer matrix,Semi-Perfect Quantum Code,0.9418604651162791,0.0012965482523400462,0.96,True,False,0.013953488372093056,0.0012965482523400462
5,86,84,2,2,2,"[[86,84,2]]_5",2,{86: 2},86.0,86,49907611670916398261695509437015579284277656118513789678062482911043659825837530648830965334450843000751103128922750976,0.9873179343530823,1.0,1.0,0.9873179343530823,0.9873179343530823,0.0,0.0,1,stabilizer matrix,Semi-Perfect Quantum Code,0.9767441860465116,0.0,0.96,True,True,0.0,0.0
5,87,82,3,3,3,"[[87,82,3]]_5",5,"{83: 2, 84: 3}",83.6,84,17219913082873644641108123446537976322386100782167542763431747643737215895962399287509238836670303072475954349447158169600,0.9968364797771481,0.960919540229885,0.9655172413793104,0.9999965541957548,0.9998710313637826,0.0030345515866345707,0.003160074418606773,1,stabilizer matrix,Semi-Perfect Quantum Code,0.9425287356321839,0.00012552283197220238,0.96,True,False,0.004597701149425352,0.00012552283197220238
5,87,85,2,2,2,"[[87,85,2]]_5",2,{87: 2},87.0,87,1197782680101993558280692226488373902822663746844330952273499589865047835820100735571943168026820232018026475094146023424,0.9873179343530822,1.0,1.0,0.9873179343530823,0.9873179343530823,1.1102230246251565e-16,1.1102230246251565e-16,1,stabilizer matrix,Semi-Perfect Quantum Code,0.9770114942528736,0.0,0.96,True,True,0.0,0.0
5,88,83,3,3,3,"[[88,83,3]]_5",5,"{84: 4, 86: 1}",84.4,86,393093317648652069668105725230941226349545116799103288645222356936658462992598218963833337650542716390593087144362946592768,0.9965515402910118,0.9590909090909091,0.9772727272727273,0.9999966809000298,0.9985774065612495,0.0020258662702377084,0.003445140609018016,1,stabilizer matrix,Semi-Perfect Quantum Code,0.9431818181818182,0.0014192743387803075,0.96,True,False,0.01818181818181812,0.0014192743387803075
5,88,86,2,2,2,"[[88,86,2]]_5",2,{88: 2},88.0,88,28746784322447845398736613435720973667743929924263942854563990156761148059682417653726636032643685568432635402259504562176,0.9873179343530823,1.0,1.0,0.9873179343530823,0.9873179343530823,0.0,0.0,1,stabilizer matrix,Semi-Perfect Quantum Code,0.9772727272727273,0.0,0.96,True,True,0.0,0.0
5,89,84,3,3,3,"[[89,84,3]]_5",5,"{84: 1, 85: 1, 86: 2, 87: 1}",85.6,87,19031982994710998631117221531715595963542742257361196477908151966947948130371010885630105195306563343839730976608993792753664,0.9988974408252245,0.9617977528089887,0.9775280898876404,0.9999867343794765,0.9985306861676072,-0.0003667546576172631,0.0010892935542520243,1,stabilizer matrix,Semi-Perfect Quantum Code,0.9438202247191011,0.0014560482118692875,0.96,True,False,0.01573033707865175,0.0014560482118692875
5,89,87,2,2,2,"[[89,87,2]]_5",2,{89: 2},89.0,89,689922823738748289569678722457303368025854318182334628509535763762267553432378023689439264783448453642383249654228109492224,0.9873179343530823,1.0,1.0,0.9873179343530823,0.9873179343530823,0.0,0.0,1,stabilizer matrix,Semi-Perfect Quantum Code,0.9775280898876404,0.0,0.96,True,True,0.0,0.0
5,90,85,3,3,3,"[[90,85,3]]_5",5,"{85: 3, 86: 1, 88: 1}",85.8,88,334046093167022183862824805511927288159873150782659104057383997212417962353850172597748487547943815723075850686235795418775552,0.9976887071782837,0.9533333333333333,0.9777777777777777,0.9998290603074282,0.9984841123392477,0.0007954051609639912,0.002140353129144512,1,stabilizer matrix,Semi-Perfect Quantum Code,0.9444444444444444,0.001344947968180521,0.96,True,False,0.024444444444444477,0.001344947968180521
5,90,88,2,2,2,"[[90,88,2]]_5",2,{90: 2},90.0,90,16558147769729958949672289338975280832620503636376031084228858330294421282377072568546542354802762887417197991701474627813376,0.9873179343530822,1.0,1.0,0.9873179343530823,0.9873179343530823,1.1102230246251565e-16,1.1102230246251565e-16,1,stabilizer matrix,Semi-Perfect Quantum Code,0.9777777777777777,0.0,0.96,True,True,0.0,0.0
5,91,86,3,3,3,"[[91,86,3]]_5",5,"{85: 1, 86: 1, 87: 2, 88: 1}",86.6,88,10400616200506060071874374622752576500989953886457014892343872988315411800166120298152119659996152768846959184504971548478668800,0.9984633455362415,0.9516483516483516,0.967032967032967,0.9997349177939293,0.9997875702307277,0.0013242246944862313,0.0012715722576878141,1,stabilizer matrix,Semi-Perfect Quantum Code,0.945054945054945,-5.2652436798417135e-05,0.96,True,False,0.015384615384615448,-5.2652436798417135e-05
5,91,89,2,2,2,"[[91,89,2]]_5",2,{91: 2},91.0,91,397395546473519014792134944135406739982892087273024746021492599927066110777049741645117016515266309298012751800835391067521024,0.9873179343530823,1.0,1.0,0.9873179343530823,0.9873179343530823,0.0,0.0,1,stabilizer matrix,Semi-Perfect Quantum Code,0.978021978021978,0.0,0.96,True,True,0.0,0.0
5,92,87,3,3,3,"[[92,87,3]]_5",5,"{87: 3, 88: 2}",87.4,88,139226483324048049730851963665110691109564736897054976561110026255205905804950004545364151086571963232404076645494037014539927552,0.9963707550010216,0.9500000000000001,0.9565217391304348,0.9996242655021248,0.9999523637116998,0.0035816087106782524,0.0032535105011032295,1,stabilizer matrix,Semi-Perfect Quantum Code,0.9456521739130435,-0.0003280982095750229,0.96,False,False,0.006521739130434721,-0.0003280982095750229
5,92,90,2,2,2,"[[92,90,2]]_5",2,{92: 2},92.0,92,9537493115364456355011238659249761759589410094552593904515822398249586658649193799482808396366391423152306043220049385620504576,0.9873179343530822,1.0,1.0,0.9873179343530823,0.9873179343530823,1.1102230246251565e-16,1.1102230246251565e-16,1,stabilizer matrix,Semi-Perfect Quantum Code,0.9782608695652174,0.0,0.96,True,True,0.0,0.0
5,93,88,3,3,3,"[[93,88,3]]_5",5,"{88: 1, 89: 3, 90: 1}",89.0,90,5657083682617532316267888582404797973290667786202160787037704407343658116464483265932918572866359420484152332946968816861749182464,0.9980322182070398,0.956989247311828,0.967741935483871,0.9999641820481259,0.999740905624203,0.001708687417163235,0.0019319638410860707,1,stabilizer matrix,Semi-Perfect Quantum Code,0.946236559139785,0.00022327642392283575,0.96,True,False,0.010752688172043012,0.00022327642392283575
5,93,91,2,2,2,"[[93,91,2]]_5",2,{93: 2},93.0,93,228899834768746952520269727821994282230145842269262253708379737557990079807580651187587401512793394155655345037281185254892109824,0.9873179343530823,1.0,1.0,0.9873179343530823,0.9873179343530823,0.0,0.0,1,stabilizer matrix,Semi-Perfect Quantum Code,0.978494623655914,0.0,0.96,True,True,0.0,0.0
5,94,89,3,3,3,"[[94,89,3]]_5",5,"{90: 4, 91: 1}",90.2,91,103762576813435662365781532463180918928623845406057672223091941771714817748029020743933314819285737391484453995282817739246306066432,0.9970296714376566,0.9595744680851064,0.9680851063829787,0.9999992699908938,0.9997165278287055,0.0026868563910488197,0.002969598553237196,1,stabilizer matrix,Semi-Perfect Quantum Code,0.9468085106382979,0.00028274216218837633,0.96,True,False,0.00851063829787231,0.00028274216218837633
5,94,92,2,2,2,"[[94,92,2]]_5",2,{94: 2},94.0,94,5493596034449926860486473467727862773523500214462294089001113701391761915381935628502097636307041459735728280894748446117410635776,0.9873179343530825,1.0,1.0,0.9873179343530823,0.9873179343530823,-1.1102230246251565e-16,-1.1102230246251565e-16,1,stabilizer matrix,Semi-Perfect Quantum Code,0.9787234042553191,0.0,0.96,True,True,0.0,0.0
5,95,90,3,3,3,"[[95,90,3]]_5",5,"{90: 1, 91: 3, 92: 1}",91.0,92,3544646390018056629718015163966003923605188498948113370546902982723260410896224117843266716217901775800659468069034773767552199819264,0.9980819302890195,0.9578947368421052,0.968421052631579,0.9999823650878494,0.9996915162865119,0.001609585997492391,0.001900434798829953,1,stabilizer matrix,Semi-Perfect Quantum Code,0.9473684210526315,0.0002908488013375621,0.96,True,False,0.010526315789473684,0.0002908488013375621
5,95,93,2,2,2,"[[95,93,2]]_5",2,{95: 2},95.0,95,131846304826798244651675363225468706564564005147095058136026728833402285969166455084050343271368995033657478741473962706817855258624,0.9873179343530823,1.0,1.0,0.9873179343530823,0.9873179343530823,0.0,0.0,1,stabilizer matrix,Semi-Perfect Quantum Code,0.9789473684210527,0.0,0.96,True,True,0.0,0.0
5,96,91,3,3,3,"[[96,91,3]]_5",5,"{91: 1, 92: 3, 93: 1}",92.0,93,88678809837237024574560676109656907860674529548702075706300137329843203786840877415311995913509412675590596796152388703351059425263616,0.9981041972537581,0.9583333333333334,0.96875,0.9999889099888126,0.9996659149583904,0.001561717704632315,0.0018847127350545279,1,stabilizer matrix,Semi-Perfect Quantum Code,0.9479166666666666,0.0003229950304222129,0.96,True,False,0.010416666666666666,0.0003229950304222129
5,96,94,2,2,2,"[[96,94,2]]_5",2,{96: 2},96.0,96,3164311315843157871640208717411248957549536123530281395264641492001654863259994922017208238512855880807779489795375104963628526206976,0.9873179343530825,1.0,1.0,0.9873179343530823,0.9873179343530823,-1.1102230246251565e-16,-1.1102230246251565e-16,1,stabilizer matrix,Semi-Perfect Quantum Code,0.9791666666666666,0.0,0.96,True,True,0.0,0.0
5,97,92,3,3,3,"[[97,92,3]]_5",5,"{92: 1, 93: 3, 94: 1}",93.0,94,2217730613032054930282463818732292724523384744847930003653947052670958144717796083709269865254327231079584314350799392800995694738407424,0.998124839891854,0.9587628865979382,0.9690721649484536,0.9999938693370084,0.9996397652370481,0.0015149253451941513,0.0018690294451544354,1,stabilizer matrix,Semi-Perfect Quantum Code,0.9484536082474226,0.000354104099960284,0.96,True,False,0.010309278350515464,0.000354104099960284
5,97,95,2,2,2,"[[97,95,2]]_5",2,{97: 2},97.0,97,75943471580235788919365009217869974981188866964726753486351395808039716718239878128412997724308541139386707755089002519127084628967424,0.9873179343530821,1.0,1.0,0.9873179343530823,0.9873179343530823,2.220446049250313e-16,2.220446049250313e-16,1,stabilizer matrix,Semi-Perfect Quantum Code,0.979381443298969,0.0,0.96,True,True,0.0,0.0
5,98,93,3,3,3,"[[98,93,3]]_5",5,"{93: 1, 94: 3, 95: 1}",94.0,95,55442488210862333361157789152581362442496447276063745945997336367564944241623955356420964772130044843416449408873583250400952009747333120,0.9981439297453071,0.9591836734693877,0.9693877551020408,0.9999973217531346,0.9996131061093151,0.0014691763640080069,0.0018533920078275257,1,stabilizer matrix,Semi-Perfect Quantum Code,0.9489795918367347,0.0003842156438195188,0.96,True,False,0.01020408163265306,0.0003842156438195188
5,98,96,2,2,2,"[[98,96,2]]_5",2,{98: 2},98.0,98,1822643317925658934064760221228879399548532807153442083672433499392953201237757075081911945383404987345280986122136060459050031095218176,0.9873179343530822,1.0,1.0,0.9873179343530823,0.9873179343530823,1.1102230246251565e-16,1.1102230246251565e-16,1,stabilizer matrix,Semi-Perfect Quantum Code,0.9795918367346939,0.0,0.96,True,True,0.0,0.0
5,99,94,3,3,3,"[[99,94,3]]_5",5,"{94: 1, 95: 3, 96: 1}",95.0,96,1385557391407158017649832146118953257448335076102219755829702978182951115182511884003040223548654018636287506169137121632312143223814356992,0.9981615348191466,0.9595959595959596,0.9696969696969697,0.9999993417549349,0.9995859743069118,0.0014244394877651612,0.0018378069357882776,1,stabilizer matrix,Semi-Perfect Quantum Code,0.9494949494949495,0.0004133674480231164,0.96,True,False,0.010101010101010102,0.0004133674480231164
5,99,97,2,2,2,"[[99,97,2]]_5",2,{99: 2},99.0,99,43743439630215814417554245309493105589164787371682610008138403985430876829706169801965886689201719696286743666931265451017200746285236224,0.9873179343530823,1.0,1.0,0.9873179343530823,0.9873179343530823,0.0,0.0,1,stabilizer matrix,Semi-Perfect Quantum Code,0.9797979797979798,0.0,0.96,True,True,0.0,0.0
5,100,95,3,3,3,"[[100,95,3]]_5",5,"{95: 1, 96: 3, 97: 1}",96.0,97,34614417305564883173661601360805239402879163402978365834206889604213562557475400751920851007133323044435703877769057250072657266320741498880,0.9981777197843309,0.96,0.97,1.0,0.9995584044466876,0.001380684662356746,0.0018222802156691031,1,stabilizer matrix,Semi-Perfect Quantum Code,0.95,0.0004415955533123572,0.96,True,False,0.01,0.0004415955533123572
5,100,98,2,2,2,"[[100,98,2]]_5",2,{100: 2},100.0,100,1049842551125179546021301887427834534139954896920382640195321695650341043912948075247181280540841272710881848006350370824412817910845669376,0.9873179343530822,1.0,1.0,0.9873179343530823,0.9873179343530823,1.1102230246251565e-16,1.1102230246251565e-16,1,stabilizer matrix,Semi-Perfect Quantum Code,0.98,0.0,0.96,True,True,0.0,0.0
7,2,0,2,2,2,"[[2,0,2]]_7",2,{2: 2},2.0,2,2304,0.9947018912428343,1.0,1.0,0.9947018912428343,0.9947018912428343,0.0,0.0,1,stabilizer matrix,Semi-Perfect Quantum Code,0.0,0.0,0.9795918367346939,True,True,0.0,0.0
7,3,1,2,2,2,"[[3,1,2]]_7",2,{3: 2},3.0,3,110592,0.9947018912428341,1.0,1.0,0.9947018912428343,0.9947018912428343,1.1102230246251565e-16,1.1102230246251565e-16,1,stabilizer matrix,Semi-Perfect Quantum Code,0.3333333333333333,0.0,0.9795918367346939,True,True,0.0,0.0
7,4,0,3,3,3,"[[4,0,3]]_7",4,{3: 4},3.0,3,442368,0.8350782152091312,0.75,0.75,0.8905179677700555,0.8905179677700555,0.05543975256092437,0.05543975256092437,1,stabilizer matrix,Semi-Perfect Quantum Code,0.0,0.0,0.9795918367346939,False,True,0.0,0.0
7,4,2,2,2,2,"[[4,2,2]]_7",2,{4: 2},4.0,4,5308416,0.9947018912428343,1.0,1.0,0.9947018912428343,0.9947018912428343,0.0,0.0,1,stabilizer matrix,Semi-Perfect Quantum Code,0.5,0.0,0.9795918367346939,True,True,0.0,0.0
7,5,1,3,3,3,"[[5,1,3]]_7",4,{4: 4},4.0,4,26542080,0.8784702605289589,0.8,0.8,0.9243395009813078,0.9243395009813078,0.04586924045234886,0.04586924045234886,1,stabilizer matrix,Semi-Perfect Quantum Code,0.2,0.0,0.9795918367346939,False,True,0.0,0.0
7,5,3,2,2,2,"[[5,3,2]]_7",2,{5: 2},5.0,5,254803968,0.9947018912428343,1.0,1.0,0.9947018912428343,0.9947018912428343,0.0,0.0,1,stabilizer matrix,Semi-Perfect Quantum Code,0.6,0.0,0.9795918367346939,True,True,0.0,0.0
7,6,0,4,4,4,"[[6,0,4]]_7",6,{4: 6},4.0,4,79626240,0.7791064699452641,0.6666666666666666,0.6666666666666666,0.8266863821526719,0.8266863821526719,0.04757991220740776,0.04757991220740776,1,stabilizer matrix,Semi-Perfect Quantum Code,0.0,0.0,0.9795918367346939,False,True,0.0,0.0
7,6,2,3,3,3,"[[6,2,3]]_7",4,{5: 4},5.0,5,1528823808,0.9056500944658287,0.8333333333333334,0.8333333333333334,0.9446895718886144,0.9446895718886144,0.039039477422785684,0.039039477422785684,1,stabilizer matrix,Semi-Perfect Quantum Code,0.3333333333333333,0.0,0.9795918367346939,False,True,0.0,0.0
7,6,4,2,2,2,"[[6,4,2]]_7",2,{6: 2},6.0,6,12230590464,0.9947018912428341,1.0,1.0,0.9947018912428343,0.9947018912428343,1.1102230246251565e-16,1.1102230246251565e-16,1,stabilizer matrix,Semi-Perfect Quantum Code,0.6666666666666666,0.0,0.9795918367346939,True,True,0.0,0.0
7,7,1,4,4,4,"[[7,1,4]]_7",6,{5: 6},5.0,5,5350883328,0.8222567104629944,0.7142857142857143,0.7142857142857143,0.864226225819837,0.864226225819837,0.04196951535684257,0.04196951535684257,1,stabilizer matrix,Semi-Perfect Quantum Code,0.14285714285714285,0.0,0.9795918367346939,False,True,0.0,0.0
7,7,3,3,3,3,"[[7,3,3]]_7",4,{6: 4},6.0,6,85614133248,0.9240301924938579,0.8571428571428571,0.8571428571428571,0.9579806691388857,0.9579806691388857,0.033950476645027816,0.033950476645027816,1,stabilizer matrix,Semi-Perfect Quantum Code,0.42857142857142855,0.0,0.9795918367346939,False,True,0.0,0.0
7,7,5,2,2,2,"[[7,5,2]]_7",2,{7: 2},7.0,7,587068342272,0.9947018912428343,1.0,1.0,0.9947018912428343,0.9947018912428343,0.0,0.0,1,stabilizer matrix,Semi-Perfect Quantum Code,0.7142857142857143,0.0,0.9795918367346939,True,True,0.0,0.0
7,8,0,5,5,5,"[[8,0,5]]_7",8,{5: 8},5.0,5,14269022208,0.7509775296095256,0.625,0.625,0.7916768077578472,0.7916768077578472,0.04069927814832164,0.04069927814832164,1,stabilizer matrix,Semi-Perfect Quantum Code,0.0,0.0,0.9795918367346939,False,True,0.0,0.0
7,8,2,4,4,4,"[[8,2,4]]_7",6,{6: 6},6.0,6,342456532992,0.8530523168206284,0.75,0.75,0.8905179677700555,0.8905179677700555,0.03746565094942711,0.03746565094942711,1,stabilizer matrix,Semi-Perfect Quantum Code,0.25,0.0,0.9795918367346939,False,True,0.0,0.0
7,8,4,3,3,3,"[[8,4,3]]_7",4,{7: 4},7.0,7,4696546738176,0.937153002420234,0.875,0.875,0.9671749354995133,0.9671749354995133,0.03002193307927925,0.03002193307927925,1,stabilizer matrix,Semi-Perfect Quantum Code,0.5,0.0,0.9795918367346939,False,True,0.0,0.0
7,8,6,2,2,2,"[[8,6,2]]_7",2,{8: 2},8.0,8,28179280429056,0.9947018912428343,1.0,1.0,0.9947018912428343,0.9947018912428343,0.0,0.0,1,stabilizer matrix,Semi-Perfect Quantum Code,0.75,0.0,0.9795918367346939,True,True,0.0,0.0
7,9,1,5,5,5,"[[9,1,5]]_7",8,{6: 8},6.0,6,1027369598976,0.789634005732424,0.6666666666666666,0.6666666666666666,0.8266863821526719,0.8266863821526719,0.037052376420247835,0.037052376420247835,1,stabilizer matrix,Semi-Perfect Quantum Code,0.1111111111111111,0.0,0.9795918367346939,False,True,0.0,0.0
7,9,3,4,4,4,"[[9,3,4]]_7",6,{7: 6},7.0,7,21134460321792,0.8759661622068268,0.7777777777777778,0.7777777777777778,0.9097645953415594,0.9097645953415594,0.03379843313473263,0.03379843313473263,1,stabilizer matrix,Semi-Perfect Quantum Code,0.3333333333333333,0.0,0.9795918367346939,False,True,0.0,0.0
7,9,5,3,3,3,"[[9,5,3]]_7",4,{8: 4},8.0,8,253613523861504,0.9469100182218059,0.8888888888888888,0.8888888888888888,0.9738115767920693,0.9738115767920693,0.02690155857026344,0.02690155857026344,1,stabilizer matrix,Semi-Perfect Quantum Code,0.5555555555555556,0.0,0.9795918367346939,False,True,0.0,0.0
7,9,7,2,2,2,"[[9,7,2]]_7",2,{9: 2},9.0,9,1352605460594688,0.9947018912428343,1.0,1.0,0.9947018912428343,0.9947018912428343,0.0,0.0,1,stabilizer matrix,Semi-Perfect Quantum Code,0.7777777777777778,0.0,0.9795918367346939,True,True,0.0,0.0
7,10,0,6,6,6,"[[10,0,6]]_7",10,{6: 10},6.0,6,2568423997440,0.7342146195711264,0.6,0.6,0.7697509247814803,0.7697509247814803,0.03553630521035389,0.03553630521035389,1,stabilizer matrix,Semi-Perfect Quantum Code,0.0,0.0,0.9795918367346939,False,True,0.0,0.0
7,10,2,5,5,5,"[[10,2,5]]_7",8,{7: 8},7.0,7,70448201072640,0.8193055274062121,0.7,0.7,0.8532523999894162,0.8532523999894162,0.03394687258320406,0.03394687258320406,1,stabilizer matrix,Semi-Perfect Quantum Code,0.2,0.0,0.9795918367346939,False,True,0.0,0.0
7,10,4,4,4,4,"[[10,4,4]]_7",6,{8: 6},8.0,8,1268067619307520,0.8935733901669712,0.8,0.8,0.9243395009813078,0.9243395009813078,0.030766110814336556,0.030766110814336556,1,stabilizer matrix,Semi-Perfect Quantum Code,0.4,0.0,0.9795918367346939,False,True,0.0,0.0
7,10,6,3,3,3,"[[10,6,3]]_7",4,{9: 4},9.0,9,13526054605946880,0.9543964352412978,0.9,0.9,0.9787615026977984,0.9787615026977984,0.024365067456500578,0.024365067456500578,1,stabilizer matrix,Semi-Perfect Quantum Code,0.6,0.0,0.9795918367346939,False,True,0.0,0.0
7,10,8,2,2,2,"[[10,8,2]]_7",2,{10: 2},10.0,10,64925062108545024,0.9947018912428343,1.0,1.0,0.9947018912428343,0.9947018912428343,0.0,0.0,1,stabilizer matrix,Semi-Perfect Quantum Code,0.8,0.0,0.9795918367346939,True,True,0.0,0.0
7,11,1,6,6,6,"[[11,1,6]]_7",10,{7: 10},7.0,7,193732552949760,0.7684532081716154,0.6363636363636364,0.6363636363636364,0.801417611139831,0.801417611139831,0.03296440296821557,0.03296440296821557,1,stabilizer matrix,Semi-Perfect Quantum Code,0.09090909090909091,0.0,0.9795918367346939,False,True,0.0,0.0
7,11,3,5,5,5,"[[11,3,5]]_7",8,{8: 8},8.0,8,4649581270794240,0.8426894170524176,0.7272727272727273,0.7272727272727273,0.8739795968942208,0.8739795968942208,0.031290179841803156,0.031290179841803156,1,stabilizer matrix,Semi-Perfect Quantum Code,0.2727272727272727,0.0,0.9795918367346939,False,True,0.0,0.0
7,11,5,4,4,4,"[[11,5,4]]_7",6,{9: 6},9.0,9,74393300332707840,0.9074543601629671,0.8181818181818182,0.8181818181818182,0.9356767054423328,0.9356767054423328,0.028222345279365735,0.028222345279365735,1,stabilizer matrix,Semi-Perfect Quantum Code,0.45454545454545453,0.0,0.9795918367346939,False,True,0.0,0.0
7,11,7,3,3,3,"[[11,7,3]]_7",4,{10: 4},10.0,10,714175683193995264,0.960286919578365,0.9090909090909091,0.9090909090909091,0.9825504393112764,0.9825504393112764,0.022263519732911408,0.022263519732911408,1,stabilizer matrix,Semi-Perfect Quantum Code,0.6363636363636364,0.0,0.9795918367346939,False,True,0.0,0.0
7,11,9,2,2,2,"[[11,9,2]]_7",2,{11: 2},11.0,11,3116402981210161152,0.9947018912428341,1.0,1.0,0.9947018912428343,0.9947018912428343,1.1102230246251565e-16,1.1102230246251565e-16,1,stabilizer matrix,Semi-Perfect Quantum Code,0.8181818181818182,0.0,0.9795918367346939,True,True,0.0,0.0
7,12,0,7,7,7,"[[12,0,7]]_7",12,{7: 12},7.0,7,464958127079424,0.7231613546957605,0.5833333333333334,0.5833333333333334,0.7547609166625244,0.7547609166625244,0.031599561966763945,0.031599561966763945,1,stabilizer matrix,Semi-Perfect Quantum Code,0.0,0.0,0.9795918367346939,False,True,0.0,0.0
7,12,2,6,6,6,"[[12,2,6]]_7",10,{8: 10},8.0,8,13948743812382720,0.7959892587169486,0.6666666666666666,0.6666666666666666,0.8266863821526719,0.8266863821526719,0.030697123435723284,0.030697123435723284,1,stabilizer matrix,Semi-Perfect Quantum Code,0.16666666666666666,0.0,0.9795918367346939,False,True,0.0,0.0
7,12,4,5,5,5,"[[12,4,5]]_7",8,{9: 8},9.0,9,297573201330831360,0.8615170957417216,0.75,0.75,0.8905179677700555,0.8905179677700555,0.0290008720283339,0.0290008720283339,1,stabilizer matrix,Semi-Perfect Quantum Code,0.3333333333333333,0.0,0.9795918367346939,False,True,0.0,0.0
7,12,6,4,4,4,"[[12,6,4]]_7",6,{10: 6},10.0,10,4285054099163971584,0.9186289354952346,0.8333333333333334,0.8333333333333334,0.9446895718886144,0.9446895718886144,0.026060636393379744,0.026060636393379744,1,stabilizer matrix,Semi-Perfect Quantum Code,0.5,0.0,0.9795918367346939,False,True,0.0,0.0
7,12,8,3,3,3,"[[12,8,3]]_7",4,{11: 4},11.0,11,37396835774521933824,0.9650179589838324,0.9166666666666666,0.9166666666666666,0.9855123350848775,0.9855123350848775,0.020494376101045098,0.020494376101045098,1,stabilizer matrix,Semi-Perfect Quantum Code,0.6666666666666666,0.0,0.9795918367346939,False,True,0.0,0.0
7,12,10,2,2,2,"[[12,10,2]]_7",2,{12: 2},12.0,12,149587343098087735296,0.9947018912428341,1.0,1.0,0.9947018912428343,0.9947018912428343,1.1102230246251565e-16,1.1102230246251565e-16,1,stabilizer matrix,Semi-Perfect Quantum Code,0.8333333333333334,0.0,0.9795918367346939,True,True,0.0,0.0
7,13,1,7,7,7,"[[13,1,7]]_7",12,{8: 12},8.0,8,36266733912195072,0.7536453060354497,0.6153846153846154,0.6153846153846154,0.7833239343216218,0.7833239343216218,0.029678628286172182,0.029678628286172182,1,stabilizer matrix,Semi-Perfect Quantum Code,0.07692307692307693,0.0,0.9795918367346939,False,True,0.0,0.0
7,13,5,5,5,5,"[[13,5,5]]_7",8,{10: 8},10.0,10,18568567763043876864,0.8769477938805341,0.7692307692307693,0.7692307692307693,0.9039603076134806,0.9039603076134806,0.02701251373294644,0.02701251373294644,1,stabilizer matrix,Semi-Perfect Quantum Code,0.38461538461538464,0.0,0.9795918367346939,False,True,0.0,0.0
7,13,7,4,4,4,"[[13,7,4]]_7",6,{11: 6},11.0,11,243079432534392569856,0.9277825789063766,0.8461538461538461,0.8461538461538461,0.9519850257072868,0.9519850257072868,0.024202446800910216,0.024202446800910216,1,stabilizer matrix,Semi-Perfect Quantum Code,0.5384615384615384,0.0,0.9795918367346939,False,True,0.0,0.0
7,13,9,3,3,3,"[[13,9,3]]_7",4,{12: 4},12.0,12,1944635460275140558848,0.9688834081880715,0.9230769230769231,0.9230769230769231,0.9878682457844794,0.9878682457844794,0.0189848375964079,0.0189848375964079,1,stabilizer matrix,Semi-Perfect Quantum Code,0.6923076923076923,0.0,0.9795918367346939,False,True,0.0,0.0
7,13,11,2,2,2,"[[13,11,2]]_7",2,{13: 2},13.0,13,7180192468708211294208,0.9947018912428341,1.0,1.0,0.9947018912428343,0.9947018912428343,1.1102230246251565e-16,1.1102230246251565e-16,1,stabilizer matrix,Semi-Perfect Quantum Code,0.8461538461538461,0.0,0.9795918367346939,True,True,0.0,0.0
7,14,0,8,8,8,"[[14,0,8]]_7",14,{8: 14},8.0,8,84622379128455168,0.7153643901024326,0.5714285714285714,0.5714285714285714,0.7438737522084113,0.7438737522084113,0.028509362105978764,0.028509362105978764,1,stabilizer matrix,Semi-Perfect Quantum Code,0.0,0.0,0.9795918367346939,False,True,0.0,0.0
7,14,4,6,6,6,"[[14,4,6]]_7",10,{10: 10},10.0,10,64989987170653569024,0.8373012662066381,0.7142857142857143,0.7142857142857143,0.864226225819837,0.864226225819837,0.02692495961319885,0.02692495961319885,1,stabilizer matrix,Semi-Perfect Quantum Code,0.2857142857142857,0.0,0.9795918367346939,False,True,0.0,0.0
7,14,6,5,5,5,"[[14,6,5]]_7",8,{11: 8},11.0,11,1134370685160498659328,0.8897849715935798,0.7857142857142857,0.7857142857142857,0.9150570950054694,0.9150570950054694,0.025272123411889558,0.025272123411889558,1,stabilizer matrix,Semi-Perfect Quantum Code,0.42857142857142855,0.0,0.9795918367346939,False,True,0.0,0.0
7,14,8,4,4,4,"[[14,8,4]]_7",6,{12: 6},12.0,12,13612448221925983911936,0.9353917361746379,0.8571428571428571,0.8571428571428571,0.9579806691388857,0.9579806691388857,0.0225889329642478,0.0225889329642478,1,stabilizer matrix,Semi-Perfect Quantum Code,0.5714285714285714,0.0,0.9795918367346939,False,True,0.0,0.0
7,14,10,3,3,3,"[[14,10,3]]_7",4,{13: 4},13.0,13,100522694561914958118912,0.9720877271222039,0.9285714285714286,0.9285714285714286,0.9897695675722168,0.9897695675722168,0.017681840450012865,0.017681840450012865,1,stabilizer matrix,Semi-Perfect Quantum Code,0.7142857142857143,0.0,0.9795918367346939,False,True,0.0,0.0
7,14,12,2,2,2,"[[14,12,2]]_7",2,{14: 2},14.0,14,344649238497994142121984,0.9947018912428343,1.0,1.0,0.9947018912428343,0.9947018912428343,0.0,0.0,1,stabilizer matrix,Semi-Perfect Quantum Code,0.8571428571428571,0.0,0.9795918367346939,True,True,0.0,0.0
7,15,3,7,7,7,"[[15,3,7]]_7",12,{10: 12},10.0,10,194969961511960707072,0.8003003495946482,0.6666666666666666,0.6666666666666666,0.8266863821526719,0.8266863821526719,0.02638603255802363,0.02638603255802363,1,stabilizer matrix,Semi-Perfect Quantum Code,0.2,0.0,0.9795918367346939,False,True,0.0,0.0
7,15,7,5,5,5,"[[15,7,5]]_7",8,{12: 8},12.0,12,68062241109629919559680,0.9006018696078926,0.8,0.8,0.9243395009813078,0.9243395009813078,0.023737631373415224,0.023737631373415224,1,stabilizer matrix,Semi-Perfect Quantum Code,0.4666666666666667,0.0,0.9795918367346939,False,True,0.0,0.0
7,15,9,4,4,4,"[[15,9,4]]_7",6,{13: 6},13.0,13,753920209214362185891840,0.9417970560571394,0.8666666666666667,0.8666666666666667,0.9629723513100384,0.9629723513100384,0.021175295252899073,0.021175295252899073,1,stabilizer matrix,Semi-Perfect Quantum Code,0.6,0.0,0.9795918367346939,False,True,0.0,0.0
7,15,11,3,3,3,"[[15,11,3]]_7",4,{14: 4},14.0,14,5169738577469912131829760,0.9747771821399951,0.9333333333333333,0.9333333333333333,0.9913229992098163,0.9913229992098163,0.016545817069821167,0.016545817069821167,1,stabilizer matrix,Semi-Perfect Quantum Code,0.7333333333333333,0.0,0.9795918367346939,False,True,0.0,0.0
7,15,13,2,2,2,"[[15,13,2]]_7",2,{15: 2},15.0,15,16543163447903718821855232,0.9947018912428341,1.0,1.0,0.9947018912428343,0.9947018912428343,1.1102230246251565e-16,1.1102230246251565e-16,1,stabilizer matrix,Semi-Perfect Quantum Code,0.8666666666666667,0.0,0.9795918367346939,True,True,0.0,0.0
7,16,2,8,8,8,"[[16,2,8]]_7",14,{10: 14},10.0,10,519919897365228552192,0.7660330317221855,0.625,0.625,0.7916768077578472,0.7916768077578472,0.025643776035661703,0.025643776035661703,1,stabilizer matrix,Semi-Perfect Quantum Code,0.125,0.0,0.9795918367346939,False,True,0.0,0.0
7,16,6,6,6,6,"[[16,6,6]]_7",10,{12: 10},12.0,12,272248964438519678238720,0.8665772019516507,0.75,0.75,0.8905179677700555,0.8905179677700555,0.023940765818404874,0.023940765818404874,1,stabilizer matrix,Semi-Perfect Quantum Code,0.375,0.0,0.9795918367346939,False,True,0.0,0.0
7,16,8,5,5,5,"[[16,8,5]]_7",8,{13: 8},13.0,13,4020907782476598324756480,0.9098176686278967,0.8125,0.8125,0.9321931920394513,0.9321931920394513,0.022375523411554576,0.022375523411554576,1,stabilizer matrix,Semi-Perfect Quantum Code,0.5,0.0,0.9795918367346939,False,True,0.0,0.0
7,16,10,4,4,4,"[[16,10,4]]_7",6,{14: 6},14.0,14,41357908619759297054638080,0.9472480320476225,0.875,0.875,0.9671749354995133,0.9671749354995133,0.019926903451890743,0.019926903451890743,1,stabilizer matrix,Semi-Perfect Quantum Code,0.625,0.0,0.9795918367346939,False,True,0.0,0.0
7,16,12,3,3,3,"[[16,12,3]]_7",4,{15: 4},15.0,15,264690615166459501149683712,0.9770589214286598,0.9375,0.9375,0.9926055959747191,0.9926055959747191,0.015546674546059291,0.015546674546059291,1,stabilizer matrix,Semi-Perfect Quantum Code,0.75,0.0,0.9795918367346939,False,True,0.0,0.0
7,16,14,2,2,2,"[[16,14,2]]_7",2,{16: 2},16.0,16,794071845499378503449051136,0.9947018912428343,1.0,1.0,0.9947018912428343,0.9947018912428343,0.0,0.0,1,stabilizer matrix,Semi-Perfect Quantum Code,0.875,0.0,0.9795918367346939,True,True,0.0,0.0
7,17,1,9,9,9,"[[17,1,9]]_7",16,{10: 16},10.0,10,1262662607886983626752,0.734383548711773,0.5882352941176471,0.5882352941176471,0.7592003852600946,0.7592003852600946,0.024816836548321564,0.024816836548321564,1,stabilizer matrix,Semi-Perfect Quantum Code,0.058823529411764705,0.0,0.9795918367346939,False,True,0.0,0.0
7,17,9,5,5,5,"[[17,9,5]]_7",8,{14: 8},14.0,14,234361482178636016642949120,0.9177454597811967,0.8235294117647058,0.8235294117647058,0.9389043862253593,0.9389043862253593,0.021158926444162618,0.021158926444162618,1,stabilizer matrix,Semi-Perfect Quantum Code,0.5294117647058824,0.0,0.9795918367346939,False,True,0.0,0.0
7,17,11,4,4,4,"[[17,11,4]]_7",6,{15: 6},15.0,15,2249870228914905759772311552,0.9519312335205719,0.8823529411764706,0.8823529411764706,0.9707478417822781,0.9707478417822781,0.01881660826170628,0.01881660826170628,1,stabilizer matrix,Semi-Perfect Quantum Code,0.6470588235294118,0.0,0.9795918367346939,False,True,0.0,0.0
7,17,13,3,3,3,"[[17,13,3]]_7",4,{16: 4},16.0,16,13499221373489434558633869312,0.9790130635547366,0.9411764705882353,0.9411764705882353,0.9936741895115643,0.9936741895115643,0.01466112595682767,0.01466112595682767,1,stabilizer matrix,Semi-Perfect Quantum Code,0.7647058823529411,0.0,0.9795918367346939,False,True,0.0,0.0
7,17,15,2,2,2,"[[17,15,2]]_7",2,{17: 2},17.0,17,38115448583970168165554454528,0.9947018912428343,1.0,1.0,0.9947018912428343,0.9947018912428343,0.0,0.0,1,stabilizer matrix,Semi-Perfect Quantum Code,0.8823529411764706,0.0,0.9795918367346939,True,True,0.0,0.0
7,18,0,10,10,10,"[[18,0,10]]_7",18,{10: 18},10.0,10,2840990867745713160192,0.7051604541692055,0.5555555555555556,0.5555555555555556,0.729126369544112,0.729126369544112,0.023965915374906555,0.023965915374906555,1,stabilizer matrix,Semi-Perfect Quantum Code,0.0,0.0,0.9795918367346939,False,True,0.0,0.0
7,18,8,6,6,6,"[[18,8,6]]_7",10,{14: 10},14.0,14,1054626669803862074893271040,0.8882302364877729,0.7777777777777778,0.7777777777777778,0.9097645953415594,0.9097645953415594,0.021534358853786517,0.021534358853786517,1,stabilizer matrix,Semi-Perfect Quantum Code,0.4444444444444444,0.0,0.9795918367346939,False,True,0.0,0.0
7,18,10,5,5,5,"[[18,10,5]]_7",8,{15: 8},15.0,15,13499221373489434558633869312,0.9246234489128067,0.8333333333333334,0.8333333333333334,0.9446895718886144,0.9446895718886144,0.020066122975807676,0.020066122975807676,1,stabilizer matrix,Semi-Perfect Quantum Code,0.5555555555555556,0.0,0.9795918367346939,False,True,0.0,0.0
7,18,12,4,4,4,"[[18,12,4]]_7",6,{16: 6},16.0,16,121492992361404911027704823808,0.95598872858245,0.8888888888888888,0.8888888888888888,0.9738115767920693,0.9738115767920693,0.017822848209619324,0.017822848209619324,1,stabilizer matrix,Semi-Perfect Quantum Code,0.6666666666666666,0.0,0.9795918367346939,False,True,0.0,0.0
7,18,14,3,3,3,"[[18,14,3]]_7",4,{17: 4},17.0,17,686078074511463026979980181504,0.980700598818654,0.9444444444444444,0.9444444444444444,0.9945714721553812,0.9945714721553812,0.013870873336727207,0.013870873336727207,1,stabilizer matrix,Semi-Perfect Quantum Code,0.7777777777777778,0.0,0.9795918367346939,False,True,0.0,0.0
7,18,16,2,2,2,"[[18,16,2]]_7",2,{18: 2},18.0,18,1829541532030568071946613817344,0.9947018912428343,1.0,1.0,0.9947018912428343,0.9947018912428343,0.0,0.0,1,stabilizer matrix,Semi-Perfect Quantum Code,0.8888888888888888,0.0,0.9795918367346939,True,True,0.0,0.0
7,19,9,6,6,6,"[[19,9,6]]_7",10,{15: 10},15.0,15,64121301524074814153510879232,0.8970308446644082,0.7894736842105263,0.7894736842105263,0.9175306710752945,0.9175306710752945,0.020499826410886324,0.020499826410886324,1,stabilizer matrix,Semi-Perfect Quantum Code,0.47368421052631576,0.0,0.9795918367346939,False,True,0.0,0.0
7,19,11,5,5,5,"[[19,11,5]]_7",8,{16: 8},16.0,16,769455618288897769842130550784,0.9306358290925563,0.8421052631578947,0.8421052631578947,0.9497152458985346,0.9497152458985346,0.019079416805978355,0.019079416805978355,1,stabilizer matrix,Semi-Perfect Quantum Code,0.5789473684210527,0.0,0.9795918367346939,False,True,0.0,0.0
7,19,13,4,4,4,"[[19,13,4]]_7",6,{17: 6},17.0,17,6517741707858898756309811724288,0.9595304389727904,0.8947368421052632,0.8947368421052632,0.9764587350250576,0.9764587350250576,0.0169282960522672,0.0169282960522672,1,stabilizer matrix,Semi-Perfect Quantum Code,0.6842105263157895,0.0,0.9795918367346939,False,True,0.0,0.0
7,19,15,3,3,3,"[[19,15,3]]_7",4,{18: 4},18.0,18,34761289108580793366985662529536,0.9821686946143301,0.9473684210526315,0.9473684210526315,0.9953300366399092,0.9953300366399092,0.01316134202557906,0.01316134202557906,1,stabilizer matrix,Semi-Perfect Quantum Code,0.7894736842105263,0.0,0.9795918367346939,False,True,0.0,0.0
7,19,17,2,2,2,"[[19,17,2]]_7",2,{19: 2},19.0,19,87817993537467267453437463232512,0.9947018912428341,1.0,1.0,0.9947018912428343,0.9947018912428343,1.1102230246251565e-16,1.1102230246251565e-16,1,stabilizer matrix,Semi-Perfect Quantum Code,0.8947368421052632,0.0,0.9795918367346939,True,True,0.0,0.0
7,20,10,6,6,6,"[[20,10,6]]_7",10,{16: 10},16.0,16,3847278091444488849210652753920,0.9047812245216013,0.8,0.8,0.9243395009813078,0.9243395009813078,0.019558276459706536,0.019558276459706536,1,stabilizer matrix,Semi-Perfect Quantum Code,0.5,0.0,0.9795918367346939,False,True,0.0,0.0
7,20,12,5,5,5,"[[20,12,5]]_7",8,{17: 8},17.0,17,43451611385725991708732078161920,0.9359270874118855,0.85,0.85,0.9541113573204731,0.9541113573204731,0.01818426990858768,0.01818426990858768,1,stabilizer matrix,Semi-Perfect Quantum Code,0.6,0.0,0.9795918367346939,False,True,0.0,0.0
7,20,14,4,4,4,"[[20,14,4]]_7",6,{18: 6},18.0,18,347612891085807933669856625295360,0.9626426264449872,0.9,0.9,0.9787615026977984,0.9787615026977984,0.016118876252811165,0.016118876252811165,1,stabilizer matrix,Semi-Perfect Quantum Code,0.7,0.0,0.9795918367346939,False,True,0.0,0.0
7,20,16,3,3,3,"[[20,16,3]]_7",4,{19: 4},19.0,19,1756359870749345349068749264650240,0.9834543429197666,0.95,0.95,0.9959751239259783,0.9959751239259783,0.012520781006211679,0.012520781006211679,1,stabilizer matrix,Semi-Perfect Quantum Code,0.8,0.0,0.9795918367346939,False,True,0.0,0.0
7,20,18,2,2,2,"[[20,18,2]]_7",2,{20: 2},20.0,20,4215263689798428837764998235160576,0.9947018912428343,1.0,1.0,0.9947018912428343,0.9947018912428343,0.0,0.0,1,stabilizer matrix,Semi-Perfect Quantum Code,0.9,0.0,0.9795918367346939,True,True,0.0,0.0
7,21,11,6,6,6,"[[21,11,6]]_7",10,{17: 10},17.0,17,228120959775061456470843410350080,0.9116486703884037,0.8095238095238095,0.8095238095238095,0.9303466814757487,0.9303466814757487,0.018698011087345034,0.018698011087345034,1,stabilizer matrix,Semi-Perfect Quantum Code,0.5238095238095238,0.0,0.9795918367346939,False,True,0.0,0.0
7,21,13,5,5,5,"[[21,13,5]]_7",8,{18: 8},18.0,18,2433290237600655535688996377067520,0.9406120251857021,0.8571428571428571,0.8571428571428571,0.9579806691388857,0.9579806691388857,0.017368643953183605,0.017368643953183605,1,stabilizer matrix,Semi-Perfect Quantum Code,0.6190476190476191,0.0,0.9795918367346939,False,True,0.0,0.0
7,21,15,4,4,4,"[[21,15,4]]_7",6,{19: 6},19.0,19,18441778642868126165221867278827520,0.9653938467556242,0.9047619047619048,0.9047619047619048,0.9807768882545012,0.9807768882545012,0.015383041498876926,0.015383041498876926,1,stabilizer matrix,Semi-Perfect Quantum Code,0.7142857142857143,0.0,0.9795918367346939,False,True,0.0,0.0
7,21,17,3,3,3,"[[21,17,3]]_7",4,{20: 4},20.0,20,88520537485767005593064962938372096,0.9845869210420701,0.9523809523809523,0.9523809523809523,0.9965265327042697,0.9965265327042697,0.01193961166219959,0.01193961166219959,1,stabilizer matrix,Semi-Perfect Quantum Code,0.8095238095238095,0.0,0.9795918367346939,False,True,0.0,0.0
7,21,19,2,2,2,"[[21,19,2]]_7",2,{21: 2},21.0,21,202332657110324584212719915287707648,0.9947018912428341,1.0,1.0,0.9947018912428343,0.9947018912428343,1.1102230246251565e-16,1.1102230246251565e-16,1,stabilizer matrix,Semi-Perfect Quantum Code,0.9047619047619048,0.0,0.9795918367346939,True,True,0.0,0.0
7,22,12,6,6,6,"[[22,12,6]]_7",10,{18: 10},18.0,18,13383096306803605446289480073871360,0.9177675517399727,0.8181818181818182,0.8181818181818182,0.9356767054423328,0.9356767054423328,0.017909153702360125,0.017909153702360125,1,stabilizer matrix,Semi-Perfect Quantum Code,0.5454545454545454,0.0,0.9795918367346939,False,True,0.0,0.0
7,22,14,5,5,5,"[[22,14,5]]_7",8,{19: 8},19.0,19,135239710047699591878293693378068480,0.9447829118785909,0.8636363636363636,0.8636363636363636,0.9614054070244826,0.9614054070244826,0.016622495145891758,0.016622495145891758,1,stabilizer matrix,Semi-Perfect Quantum Code,0.6363636363636364,0.0,0.9795918367346939,False,True,0.0,0.0
7,22,16,4,4,4,"[[22,16,4]]_7",6,{20: 6},20.0,20,973725912343437061523714592322093056,0.9678392065825976,0.9090909090909091,0.9090909090909091,0.9825504393112764,0.9825504393112764,0.014711232728678802,0.014711232728678802,1,stabilizer matrix,Semi-Perfect Quantum Code,0.7272727272727273,0.0,0.9795918367346939,False,True,0.0,0.0
7,22,18,3,3,3,"[[22,18,3]]_7",4,{21: 4},21.0,21,4451318456427140852679838136329568256,0.9855900232994182,0.9545454545454546,0.9545454545454546,0.9969999718757253,0.9969999718757253,0.01140994857630706,0.01140994857630706,1,stabilizer matrix,Semi-Perfect Quantum Code,0.8181818181818182,0.0,0.9795918367346939,False,True,0.0,0.0
7,22,20,2,2,2,"[[22,20,2]]_7",2,{22: 2},22.0,22,9711967541295580042210555933809967104,0.9947018912428341,1.0,1.0,0.9947018912428343,0.9947018912428343,1.1102230246251565e-16,1.1102230246251565e-16,1,stabilizer matrix,Semi-Perfect Quantum Code,0.9090909090909091,0.0,0.9795918367346939,True,True,0.0,0.0
7,23,13,6,6,6,"[[23,13,6]]_7",10,{19: 10},19.0,19,777628332774272653300188736923893760,0.9232469354025628,0.8260869565217391,0.8260869565217391,0.9404302589274384,0.9404302589274384,0.017183323524875616,0.017183323524875616,1,stabilizer matrix,Semi-Perfect Quantum Code,0.5652173913043478,0.0,0.9795918367346939,False,True,0.0,0.0
7,23,15,5,5,5,"[[23,15,5]]_7",8,{20: 8},20.0,20,7465231994633017471681811874469380096,0.948514681209927,0.8695652173913043,0.8695652173913043,0.9644520651747791,0.9644520651747791,0.015937383964852114,0.015937383964852114,1,stabilizer matrix,Semi-Perfect Quantum Code,0.6521739130434783,0.0,0.9795918367346939,False,True,0.0,0.0
7,23,17,4,4,4,"[[23,17,4]]_7",6,{21: 6},21.0,21,51190162248912119805818138567790034944,0.9700234590900502,0.9130434782608695,0.9130434782608695,0.9841189301000921,0.9841189301000921,0.014095471010041938,0.014095471010041938,1,stabilizer matrix,Semi-Perfect Quantum Code,0.7391304347826086,0.0,0.9795918367346939,False,True,0.0,0.0
7,23,19,3,3,3,"[[23,19,3]]_7",4,{22: 4},22.0,22,223375253449798340970842786477629243392,0.9864827933643616,0.9565217391304348,0.9565217391304348,0.9974080350211538,0.9974080350211538,0.010925241656792206,0.010925241656792206,1,stabilizer matrix,Semi-Perfect Quantum Code,0.8260869565217391,0.0,0.9795918367346939,False,True,0.0,0.0
7,23,21,2,2,2,"[[23,21,2]]_7",2,{23: 2},23.0,23,466174441982187842026106684822878420992,0.9947018912428341,1.0,1.0,0.9947018912428343,0.9947018912428343,1.1102230246251565e-16,1.1102230246251565e-16,1,stabilizer matrix,Semi-Perfect Quantum Code,0.9130434782608695,0.0,0.9795918367346939,True,True,0.0,0.0
7,24,12,7,7,7,"[[24,12,7]]_7",12,{19: 12},19.0,19,3732615997316508735840905937234690048,0.901572253094763,0.7916666666666666,0.7916666666666666,0.9189635182939343,0.9189635182939343,0.017391265199171335,0.017391265199171335,1,stabilizer matrix,Semi-Perfect Quantum Code,0.5,0.0,0.9795918367346939,False,True,0.0,0.0
7,24,14,6,6,6,"[[24,14,6]]_7",10,{20: 10},20.0,20,44791391967798104830090871246816280576,0.9281761991003801,0.8333333333333334,0.8333333333333334,0.9446895718886144,0.9446895718886144,0.016513372788234282,0.016513372788234282,1,stabilizer matrix,Semi-Perfect Quantum Code,0.5833333333333334,0.0,0.9795918367346939,False,True,0.0,0.0
7,24,16,5,5,5,"[[24,16,5]]_7",8,{21: 8},21.0,21,409521297991296958446545108542320279552,0.9518687641555496,0.875,0.875,0.9671749354995133,0.9671749354995133,0.015306171343963726,0.015306171343963726,1,stabilizer matrix,Semi-Perfect Quantum Code,0.6666666666666666,0.0,0.9795918367346939,False,True,0.0,0.0
7,24,18,4,4,4,"[[24,18,4]]_7",6,{22: 6},22.0,22,2680503041397580091650113437731550920704,0.9719832896464639,0.9166666666666666,0.9166666666666666,0.9855123350848775,0.9855123350848775,0.0135290454384136,0.0135290454384136,1,stabilizer matrix,Semi-Perfect Quantum Code,0.75,0.0,0.9795918367346939,False,True,0.0,0.0
7,24,20,3,3,3,"[[24,20,3]]_7",4,{23: 4},23.0,23,11188186607572508208626560435749082103808,0.9872809081780839,0.9583333333333334,0.9583333333333334,0.9977609134268222,0.9977609134268222,0.010480005248738267,0.010480005248738267,1,stabilizer matrix,Semi-Perfect Quantum Code,0.8333333333333334,0.0,0.9795918367346939,False,True,0.0,0.0
7,24,22,2,2,2,"[[24,22,2]]_7",2,{24: 2},24.0,24,22376373215145016417253120871498164207616,0.9947018912428341,1.0,1.0,0.9947018912428343,0.9947018912428343,1.1102230246251565e-16,1.1102230246251565e-16,1,stabilizer matrix,Semi-Perfect Quantum Code,0.9166666666666666,0.0,0.9795918367346939,True,True,0.0,0.0
7,25,13,7,7,7,"[[25,13,7]]_7",12,{20: 12},20.0,20,223956959838990524150454356234081402880,0.9075909006433033,0.8,0.8,0.9243395009813078,0.9243395009813078,0.016748600338004516,0.016748600338004516,1,stabilizer matrix,Semi-Perfect Quantum Code,0.52,0.0,0.9795918367346939,False,True,0.0,0.0
7,25,15,6,6,6,"[[25,15,6]]_7",10,{21: 10},21.0,21,2559508112445605990290906928389501747200,0.9326292251188834,0.84,0.84,0.9485223997511099,0.9485223997511099,0.015893174632226503,0.015893174632226503,1,stabilizer matrix,Semi-Perfect Quantum Code,0.6,0.0,0.9795918367346939,False,True,0.0,0.0
7,25,17,5,5,5,"[[25,17,5]]_7",8,{22: 8},22.0,22,22337525344979834097084278647762924339200,0.9548959563934103,0.88,0.88,0.9696187366882346,0.9696187366882346,0.014722780294824322,0.014722780294824322,1,stabilizer matrix,Semi-Perfect Quantum Code,0.68,0.0,0.9795918367346939,False,True,0.0,0.0
7,25,19,4,4,4,"[[25,19,4]]_7",6,{23: 6},23.0,23,139852332594656352607832005446863526297600,0.9737490271226765,0.92,0.92,0.9867552989710744,0.9867552989710744,0.013006271848397866,0.013006271848397866,1,stabilizer matrix,Semi-Perfect Quantum Code,0.76,0.0,0.9795918367346939,False,True,0.0,0.0
7,25,21,3,3,3,"[[25,21,3]]_7",4,{24: 4},24.0,24,559409330378625410431328021787454105190400,0.9879973146069975,0.96,0.96,0.9980669251587668,0.9980669251587668,0.010069610551769359,0.010069610551769359,1,stabilizer matrix,Semi-Perfect Quantum Code,0.84,0.0,0.9795918367346939,False,True,0.0,0.0
7,25,23,2,2,2,"[[25,23,2]]_7",2,{25: 2},25.0,25,1074065914326960788028149801831911881965568,0.9947018912428341,1.0,1.0,0.9947018912428343,0.9947018912428343,1.1102230246251565e-16,1.1102230246251565e-16,1,stabilizer matrix,Semi-Perfect Quantum Code,0.92,0.0,0.9795918367346939,True,True,0.0,0.0
7,26,16,6,6,6,"[[26,16,6]]_7",10,{22: 10},22.0,22,145193914742368921631047811210459008204800,0.9366675741466217,0.8461538461538461,0.8461538461538461,0.9519850257072868,0.9519850257072868,0.015317451560665107,0.015317451560665107,1,stabilizer matrix,Semi-Perfect Quantum Code,0.6153846153846154,0.0,0.9795918367346939,False,True,0.0,0.0
7,26,18,5,5,5,"[[26,18,5]]_7",8,{23: 8},23.0,23,1212053549153688389267877380539483894579200,0.9576385910048097,0.8846153846153846,0.8846153846153846,0.9718205984169165,0.9718205984169165,0.014182007412106734,0.014182007412106734,1,stabilizer matrix,Semi-Perfect Quantum Code,0.6923076923076923,0.0,0.9795918367346939,False,True,0.0,0.0
7,26,20,4,4,4,"[[26,20,4]]_7",6,{24: 6},24.0,24,7272321294922130335607264283236903367475200,0.9753459414117638,0.9230769230769231,0.9230769230769231,0.9878682457844794,0.9878682457844794,0.01252230437271562,0.01252230437271562,1,stabilizer matrix,Semi-Perfect Quantum Code,0.7692307692307693,0.0,0.9795918367346939,False,True,0.0,0.0
7,26,22,3,3,3,"[[26,22,3]]_7",4,{25: 4},25.0,25,27925713772500980488731894847629708931104768,0.9886427879290686,0.9615384615384616,0.9615384615384616,0.9983329126771605,0.9983329126771605,0.009690124748091944,0.009690124748091944,1,stabilizer matrix,Semi-Perfect Quantum Code,0.8461538461538461,0.0,0.9795918367346939,False,True,0.0,0.0
7,26,24,2,2,2,"[[26,24,2]]_7",2,{26: 2},26.0,26,51555163887694117825351190487931770334347264,0.9947018912428341,1.0,1.0,0.9947018912428343,0.9947018912428343,1.1102230246251565e-16,1.1102230246251565e-16,1,stabilizer matrix,Semi-Perfect Quantum Code,0.9230769230769231,0.0,0.9795918367346939,True,True,0.0,0.0
7,27,17,6,6,6,"[[27,17,6]]_7",10,{23: 10},23.0,23,8181361456787396627558172318641516288409600,0.9403429159295335,0.8518518518518519,0.8518518518518519,0.9551245521648098,0.9551245521648098,0.014781636235276396,0.014781636235276396,1,stabilizer matrix,Semi-Perfect Quantum Code,0.6296296296296297,0.0,0.9795918367346939,False,True,0.0,0.0
7,27,19,5,5,5,"[[27,19,5]]_7",8,{24: 8},24.0,24,65450891654299173020465378549132130307276800,0.9601322041022015,0.8888888888888888,0.8888888888888888,0.9738115767920693,0.9738115767920693,0.013679372689867852,0.013679372689867852,1,stabilizer matrix,Semi-Perfect Quantum Code,0.7037037037037037,0.0,0.9795918367346939,False,True,0.0,0.0
7,27,21,4,4,4,"[[27,21,4]]_7",6,{25: 6},25.0,25,376997135928763236597880580443001070569914368,0.9767952386548943,0.9259259259259259,0.9259259259259259,0.9888682255355521,0.9888682255355521,0.012072986880657832,0.012072986880657832,1,stabilizer matrix,Semi-Perfect Quantum Code,0.7777777777777778,0.0,0.9795918367346939,False,True,0.0,0.0
7,27,23,3,3,3,"[[27,23,3]]_7",4,{26: 4},26.0,26,1391989424967741181284482143174157799027376128,0.9892263601257059,0.9629629629629629,0.9629629629629629,0.9985645451583498,0.9985645451583498,0.009338185032643942,0.009338185032643942,1,stabilizer matrix,Semi-Perfect Quantum Code,0.8518518518518519,0.0,0.9795918367346939,False,True,0.0,0.0
7,27,25,2,2,2,"[[27,25,2]]_7",2,{27: 2},27.0,27,2474647866609317655616857143420724976048668672,0.9947018912428343,1.0,1.0,0.9947018912428343,0.9947018912428343,0.0,0.0,1,stabilizer matrix,Semi-Perfect Quantum Code,0.9259259259259259,0.0,0.9795918367346939,True,True,0.0,0.0
7,28,16,7,7,7,"[[28,16,7]]_7",12,{23: 12},23.0,23,45815624158009421114325764984392491215093760,0.922568649268999,0.8214285714285714,0.8214285714285714,0.9376423331560468,0.9376423331560468,0.015073683887047884,0.015073683887047884,1,stabilizer matrix,Semi-Perfect Quantum Code,0.5714285714285714,0.0,0.9795918367346939,False,True,0.0,0.0
7,28,18,6,6,6,"[[28,18,6]]_7",10,{24: 10},24.0,24,458156241580094211143257649843924912150937600,0.9436989110985513,0.8571428571428571,0.8571428571428571,0.9579806691388857,0.9579806691388857,0.01428175804033438,0.01428175804033438,1,stabilizer matrix,Semi-Perfect Quantum Code,0.6428571428571429,0.0,0.9795918367346939,False,True,0.0,0.0
7,28,20,5,5,5,"[[28,20,5]]_7",8,{25: 8},25.0,25,3518639935335123541580218750801343325319200768,0.9624068254915492,0.8928571428571429,0.8928571428571429,0.9756178244765072,0.9756178244765072,0.013210998984958033,0.013210998984958033,1,stabilizer matrix,Semi-Perfect Quantum Code,0.7142857142857143,0.0,0.9795918367346939,False,True,0.0,0.0
7,28,22,4,4,4,"[[28,22,4]]_7",6,{26: 6},26.0,26,19487851949548376537982750004438209186383265792,0.9781148327481453,0.9285714285714286,0.9285714285714286,0.9897695675722168,0.9897695675722168,0.011654734824071533,0.011654734824071533,1,stabilizer matrix,Semi-Perfect Quantum Code,0.7857142857142857,0.0,0.9795918367346939,False,True,0.0,0.0
7,28,24,3,3,3,"[[28,24,3]]_7",4,{27: 4},27.0,27,69290140265060894357272000015780299329362722816,0.989755651809448,0.9642857142857143,0.9642857142857143,0.9987665508361133,0.9987665508361133,0.009010899026665298,0.009010899026665298,1,stabilizer matrix,Semi-Perfect Quantum Code,0.8571428571428571,0.0,0.9795918367346939,False,True,0.0,0.0
7,28,26,2,2,2,"[[28,26,2]]_7",2,{28: 2},28.0,28,118783097597247247469609142884194798850336096256,0.9947018912428343,1.0,1.0,0.9947018912428343,0.9947018912428343,0.0,0.0,1,stabilizer matrix,Semi-Perfect Quantum Code,0.9285714285714286,0.0,0.9795918367346939,True,True,0.0,0.0
7,29,19,6,6,6,"[[29,19,6]]_7",10,{25: 10},25.0,25,25510139531179645676456585943309739108564205568,0.9467726827346437,0.8620689655172413,0.8620689655172413,0.9605870329584791,0.9605870329584791,0.013814350223835481,0.013814350223835481,1,stabilizer matrix,Semi-Perfect Quantum Code,0.6551724137931034,0.0,0.9795918367346939,False,True,0.0,0.0
7,29,21,5,5,5,"[[29,21,5]]_7",8,{26: 8},26.0,26,188382568845634306533833250042902688801704902656,0.9644879887093307,0.896551724137931,0.896551724137931,0.9772615033053494,0.9772615033053494,0.01277351459601872,0.01277351459601872,1,stabilizer matrix,Semi-Perfect Quantum Code,0.7241379310344828,0.0,0.9795918367346939,False,True,0.0,0.0
7,29,23,4,4,4,"[[29,23,4]]_7",6,{27: 6},27.0,27,1004707033843382968180444000228814340275759480832,0.9793199493020636,0.9310344827586207,0.9310344827586207,0.9905843897968468,0.9905843897968468,0.011264440494783257,0.011264440494783257,1,stabilizer matrix,Semi-Perfect Quantum Code,0.7931034482758621,0.0,0.9795918367346939,False,True,0.0,0.0
7,29,25,3,3,3,"[[29,25,3]]_7",4,{28: 4},28.0,28,3444709830320170176618665143641649166659746791424,0.9902371319809886,0.9655172413793104,0.9655172413793104,0.998942897331199,0.998942897331199,0.008705765350210393,0.008705765350210393,1,stabilizer matrix,Semi-Perfect Quantum Code,0.8620689655172413,0.0,0.9795918367346939,False,True,0.0,0.0
7,29,27,2,2,2,"[[29,27,2]]_7",2,{29: 2},29.0,29,5701588684667867878541238858441350344816132620288,0.9947018912428343,1.0,1.0,0.9947018912428343,0.9947018912428343,0.0,0.0,1,stabilizer matrix,Semi-Perfect Quantum Code,0.9310344827586207,0.0,0.9795918367346939,True,True,0.0,0.0
7,30,18,7,7,7,"[[30,18,7]]_7",12,{25: 12},25.0,25,153060837187077874058739515659858434651385233408,0.9305599636628489,0.8333333333333334,0.8333333333333334,0.9446895718886144,0.9446895718886144,0.014129608225765478,0.014129608225765478,1,stabilizer matrix,Semi-Perfect Quantum Code,0.6,0.0,0.9795918367346939,False,True,0.0,0.0
7,30,20,6,6,6,"[[30,20,6]]_7",10,{26: 10},26.0,26,1412869266342257299003749375321770166012786769920,0.9495959777905608,0.8666666666666667,0.8666666666666667,0.9629723513100384,0.9629723513100384,0.013376373519477625,0.013376373519477625,1,stabilizer matrix,Semi-Perfect Quantum Code,0.6666666666666666,0.0,0.9795918367346939,False,True,0.0,0.0
7,30,22,5,5,5,"[[30,22,5]]_7",8,{27: 8},27.0,27,10047070338433829681804440002288143402757594808320,0.9663975286995771,0.9,0.9,0.9787615026977984,0.9787615026977984,0.012363973998221311,0.012363973998221311,1,stabilizer matrix,Semi-Perfect Quantum Code,0.7333333333333333,0.0,0.9795918367346939,False,True,0.0,0.0
7,30,24,4,4,4,"[[30,24,4]]_7",6,{28: 6},28.0,28,51670647454802552649279977154624737499896201871360,0.9804236027382972,0.9333333333333333,0.9333333333333333,0.9913229992098163,0.9913229992098163,0.010899396471519052,0.010899396471519052,1,stabilizer matrix,Semi-Perfect Quantum Code,0.8,0.0,0.9795918367346939,False,True,0.0,0.0
7,30,26,3,3,3,"[[30,26,3]]_7",4,{29: 4},29.0,29,171047660540036036356237165753240510344483978608640,0.990676323143215,0.9666666666666667,0.9666666666666667,0.9990969328946644,0.9990969328946644,0.008420609751449426,0.008420609751449426,1,stabilizer matrix,Semi-Perfect Quantum Code,0.8666666666666667,0.0,0.9795918367346939,False,True,0.0,0.0
7,30,28,2,2,2,"[[30,28,2]]_7",2,{30: 2},30.0,30,273676256864057658169979465205184816551174365773824,0.9947018912428341,1.0,1.0,0.9947018912428343,0.9947018912428343,1.1102230246251565e-16,1.1102230246251565e-16,1,stabilizer matrix,Semi-Perfect Quantum Code,0.9333333333333333,0.0,0.9795918367346939,True,True,0.0,0.0
7,31,19,7,7,7,"[[31,19,7]]_7",12,{26: 12},26.0,26,8759789451321995253823246126994975029279277973504,0.9340869600675902,0.8387096774193549,0.8387096774193549,0.9477871064305764,0.9477871064305764,0.01370014636298622,0.01370014636298622,1,stabilizer matrix,Semi-Perfect Quantum Code,0.6129032258064516,0.0,0.9795918367346939,False,True,0.0,0.0
7,31,21,6,6,6,"[[31,21,6]]_7",10,{27: 10},27.0,27,77864795122862180033984410017733111371371359764480,0.9521960916106844,0.8709677419354839,0.8709677419354839,0.9651612446311015,0.9651612446311015,0.01296515302041712,0.01296515302041712,1,stabilizer matrix,Semi-Perfect Quantum Code,0.6774193548387096,0.0,0.9795918367346939,False,True,0.0,0.0
7,31,23,5,5,5,"[[31,23,5]]_7",8,{28: 8},28.0,28,533930023699626377375893097264455620832260752670720,0.9681542171346469,0.9032258064516129,0.9032258064516129,0.9801340100743244,0.9801340100743244,0.011979792939677547,0.011979792939677547,1,stabilizer matrix,Semi-Perfect Quantum Code,0.7419354838709677,0.0,0.9795918367346939,False,True,0.0,0.0
7,31,25,4,4,4,"[[31,25,4]]_7",6,{29: 6},29.0,29,2651238738370558563521676069175227910339501668433920,0.9814369763482053,0.9354838709677419,0.9354838709677419,0.991994209668188,0.991994209668188,0.010557233319982706,0.010557233319982706,1,stabilizer matrix,Semi-Perfect Quantum Code,0.8064516129032258,0.0,0.9795918367346939,False,True,0.0,0.0
7,31,27,3,3,3,"[[31,27,3]]_7",4,{30: 4},30.0,30,8483963962785787403269363421360729313086405338988544,0.9910779646237726,0.967741935483871,0.967741935483871,0.9992314979763531,0.9992314979763531,0.008153533352580511,0.008153533352580511,1,stabilizer matrix,Semi-Perfect Quantum Code,0.8709677419354839,0.0,0.9795918367346939,False,True,0.0,0.0
7,31,29,2,2,2,"[[31,29,2]]_7",2,{31: 2},31.0,31,13136460329474767592159014329848871194456369557143552,0.9947018912428343,1.0,1.0,0.9947018912428343,0.9947018912428343,0.0,0.0,1,stabilizer matrix,Semi-Perfect Quantum Code,0.9354838709677419,0.0,0.9795918367346939,True,True,0.0,0.0
7,32,20,7,7,7,"[[32,20,7]]_7",12,{27: 12},27.0,27,498334688786317952217500224113491912776776702492672,0.9373454084383692,0.84375,0.84375,0.9506412020206574,0.9506412020206574,0.013295793582288162,0.013295793582288162,1,stabilizer matrix,Semi-Perfect Quantum Code,0.625,0.0,0.9795918367346939,False,True,0.0,0.0
7,32,22,6,6,6,"[[32,22,6]]_7",10,{28: 10},28.0,28,4271440189597011019007144778115644966658086021365760,0.9545966097448777,0.875,0.875,0.9671749354995133,0.9671749354995133,0.012578325754635578,0.012578325754635578,1,stabilizer matrix,Semi-Perfect Quantum Code,0.6875,0.0,0.9795918367346939,False,True,0.0,0.0
7,32,24,5,5,5,"[[32,24,5]]_7",8,{29: 8},29.0,29,28279879875952624677564544737869097710288017796628480,0.969774272423051,0.90625,0.90625,0.981392967399174,0.981392967399174,0.011618694976123,0.011618694976123,1,stabilizer matrix,Semi-Perfect Quantum Code,0.75,0.0,0.9795918367346939,False,True,0.0,0.0
7,32,26,4,4,4,"[[32,26,4]]_7",6,{30: 6},30.0,30,135743423404572598452309814741771669009382485423816704,0.9823697274235311,0.9375,0.9375,0.9926055959747191,0.9926055959747191,0.010235868551187965,0.010235868551187965,1,stabilizer matrix,Semi-Perfect Quantum Code,0.8125,0.0,0.9795918367346939,False,True,0.0,0.0
7,32,28,3,3,3,"[[32,28,3]]_7",4,{31: 4},31.0,31,420366730543192562949088458555163878222603825828593664,0.9914461436343098,0.96875,0.96875,0.9993490140487484,0.9993490140487484,0.0079028704144386,0.0079028704144386,1,stabilizer matrix,Semi-Perfect Quantum Code,0.875,0.0,0.9795918367346939,False,True,0.0,0.0
7,32,30,2,2,2,"[[32,30,2]]_7",2,{32: 2},32.0,32,630550095814788844423632687832745817333905738742890496,0.9947018912428343,1.0,1.0,0.9947018912428343,0.9947018912428343,0.0,0.0,1,stabilizer matrix,Semi-Perfect Quantum Code,0.9375,0.0,0.9795918367346939,True,True,0.0,0.0
7,33,21,7,7,7,"[[33,21,7]]_7",12,{28: 12},28.0,28,28191505251340272725447155535563256779943367741014016,0.9403628028522149,0.8484848484848485,0.8484848484848485,0.9532772359425055,0.9532772359425055,0.012914433090290611,0.012914433090290611,1,stabilizer matrix,Semi-Perfect Quantum Code,0.6363636363636364,0.0,0.9795918367346939,False,True,0.0,0.0
7,33,23,6,6,6,"[[33,23,6]]_7",10,{29: 10},29.0,29,233309008976609153589907494087420056109876146822184960,0.9568180075875778,0.8787878787878788,0.8787878787878788,0.9690318045295548,0.9690318045295548,0.012213796941976995,0.012213796941976995,1,stabilizer matrix,Semi-Perfect Quantum Code,0.696969696969697,0.0,0.9795918367346939,False,True,0.0,0.0
7,33,25,5,5,5,"[[33,25,5]]_7",8,{30: 8},30.0,30,1493177657450298582975407962159488359103207339661983744,0.9712717721359596,0.9090909090909091,0.9090909090909091,0.9825504393112764,0.9825504393112764,0.011278667175316781,0.011278667175316781,1,stabilizer matrix,Semi-Perfect Quantum Code,0.7575757575757576,0.0,0.9795918367346939,False,True,0.0,0.0
7,33,27,4,4,4,"[[33,27,4]]_7",6,{31: 6},31.0,31,6936051053962677288659959566160203990672963126171795456,0.9832302340213445,0.9393939393939394,0.9393939393939394,0.9931636985607694,0.9931636985607694,0.009933464539424897,0.009933464539424897,1,stabilizer matrix,Semi-Perfect Quantum Code,0.8181818181818182,0.0,0.9795918367346939,False,True,0.0,0.0
7,33,29,3,3,3,"[[33,29,3]]_7",4,{32: 4},32.0,32,20808153161888031865979878698480611972018889378515386368,0.9917844012039744,0.9696969696969697,0.9696969696969697,0.9994515548431563,0.9994515548431563,0.007667153639181912,0.007667153639181912,1,stabilizer matrix,Semi-Perfect Quantum Code,0.8787878787878788,0.0,0.9795918367346939,False,True,0.0,0.0
7,33,31,2,2,2,"[[33,31,2]]_7",2,{33: 2},33.0,33,30266404599109864532334369015971799232027475459658743808,0.9947018912428341,1.0,1.0,0.9947018912428343,0.9947018912428343,1.1102230246251565e-16,1.1102230246251565e-16,1,stabilizer matrix,Semi-Perfect Quantum Code,0.9393939393939394,0.0,0.9795918367346939,True,True,0.0,0.0
7,34,22,7,7,7,"[[34,22,7]]_7",12,{29: 12},29.0,29,1586501261040942244411370959794456381547157798390857728,0.9431631154945823,0.8529411764705882,0.8529411764705882,0.9557172920652105,0.9557172920652105,0.012554176570628184,0.012554176570628184,1,stabilizer matrix,Semi-Perfect Quantum Code,0.6470588235294118,0.0,0.9795918367346939,False,True,0.0,0.0
7,34,24,6,6,6,"[[34,24,6]]_7",10,{30: 10},30.0,30,12692010088327537955290967678355651052377262387126861824,0.9588781384552304,0.8823529411764706,0.8823529411764706,0.9707478417822781,0.9707478417822781,0.011869703327047731,0.011869703327047731,1,stabilizer matrix,Semi-Perfect Quantum Code,0.7058823529411765,0.0,0.9795918367346939,False,True,0.0,0.0
7,34,26,5,5,5,"[[34,26,5]]_7",8,{31: 8},31.0,31,78608578611577009271479541749815645227626915429947015168,0.9726589888169636,0.9117647058823529,0.9117647058823529,0.9836169120355909,0.9836169120355909,0.010957923218627319,0.010957923218627319,1,stabilizer matrix,Semi-Perfect Quantum Code,0.7647058823529411,0.0,0.9795918367346939,False,True,0.0,0.0
7,34,28,4,4,4,"[[34,28,4]]_7",6,{32: 6},32.0,32,353738603752096541721657937874170403524321119434761568256,0.9840257958904802,0.9411764705882353,0.9411764705882353,0.9936741895115643,0.9936741895115643,0.00964839362108405,0.00964839362108405,1,stabilizer matrix,Semi-Perfect Quantum Code,0.8235294117647058,0.0,0.9795918367346939,False,True,0.0,0.0
7,34,30,3,3,3,"[[34,30,3]]_7",4,{33: 4},33.0,33,1029057756369735394099368546543041173888934165628397289472,0.9920958183856681,0.9705882352941176,0.9705882352941176,0.9995409038732523,0.9995409038732523,0.007445085487584269,0.007445085487584269,1,stabilizer matrix,Semi-Perfect Quantum Code,0.8823529411764706,0.0,0.9795918367346939,False,True,0.0,0.0
7,34,32,2,2,2,"[[34,32,2]]_7",2,{34: 2},34.0,34,1452787420757273497552049712766646363137318822063619702784,0.9947018912428343,1.0,1.0,0.9947018912428343,0.9947018912428343,0.0,0.0,1,stabilizer matrix,Semi-Perfect Quantum Code,0.9411764705882353,0.0,0.9795918367346939,True,True,0.0,0.0
7,35,23,7,7,7,"[[35,23,7]]_7",12,{30: 12},30.0,30,88844070618292765687036773748489557366640836709888032768,0.9457673344993666,0.8571428571428571,0.8571428571428571,0.9579806691388857,0.9579806691388857,0.012213334639519124,0.012213334639519124,1,stabilizer matrix,Semi-Perfect Quantum Code,0.6571428571428571,0.0,0.9795918367346939,False,True,0.0,0.0
7,35,25,6,6,6,"[[35,25,6]]_7",10,{31: 10},31.0,31,687825062851298831125445990310886895741735510012036382720,0.9607926334383483,0.8857142857142857,0.8857142857142857,0.972337015744489,0.972337015744489,0.011544382306140744,0.011544382306140744,1,stabilizer matrix,Semi-Perfect Quantum Code,0.7142857142857143,0.0,0.9795918367346939,False,True,0.0,0.0
7,35,27,5,5,5,"[[35,27,5]]_7",8,{32: 8},32.0,32,4126950377107792986752675941865321374450413060072218296320,0.9739466651692283,0.9142857142857143,0.9142857142857143,0.9846015376748454,0.9846015376748454,0.01065487250561703,0.01065487250561703,1,stabilizer matrix,Semi-Perfect Quantum Code,0.7714285714285715,0.0,0.9795918367346939,False,True,0.0,0.0
7,35,29,4,4,4,"[[35,29,4]]_7",6,{33: 6},33.0,33,18008510736470369396738949564503220543056347898496952565760,0.9847627991209188,0.9428571428571428,0.9428571428571428,0.9941420081080372,0.9941420081080372,0.009379208987118415,0.009379208987118415,1,stabilizer matrix,Semi-Perfect Quantum Code,0.8285714285714286,0.0,0.9795918367346939,False,True,0.0,0.0
7,35,31,3,3,3,"[[35,31,3]]_7",4,{34: 4},34.0,34,50847559726504572414321739946832622709806158772226689597440,0.9923830868551377,0.9714285714285714,0.9714285714285714,0.9996186011844318,0.9996186011844318,0.007235514329294146,0.007235514329294146,1,stabilizer matrix,Semi-Perfect Quantum Code,0.8857142857142857,0.0,0.9795918367346939,False,True,0.0,0.0
7,35,33,2,2,2,"[[35,33,2]]_7",2,{35: 2},35.0,35,69733796196349127882498386212799025430591303459053745733632,0.9947018912428341,1.0,1.0,0.9947018912428343,0.9947018912428343,1.1102230246251565e-16,1.1102230246251565e-16,1,stabilizer matrix,Semi-Perfect Quantum Code,0.9428571428571428,0.0,0.9795918367346939,True,True,0.0,0.0
7,36,24,7,7,7,"[[36,24,7]]_7",12,{31: 12},31.0,31,4952340452529351584103211130238385649340495672086661955584,0.9481939070508428,0.8611111111111112,0.8611111111111112,0.9600842987324598,0.9600842987324598,0.011890391681616985,0.011890391681616985,1,stabilizer matrix,Semi-Perfect Quantum Code,0.6666666666666666,0.0,0.9795918367346939,False,True,0.0,0.0
7,36,26,6,6,6,"[[36,26,6]]_7",10,{32: 10},32.0,32,37142553393970136880774083476787892370053717540649964666880,0.9625752309715717,0.8888888888888888,0.8888888888888888,0.9738115767920693,0.9738115767920693,0.011236345820497595,0.011236345820497595,1,stabilizer matrix,Semi-Perfect Quantum Code,0.7222222222222222,0.0,0.9795918367346939,False,True,0.0,0.0
7,36,28,5,5,5,"[[36,28,5]]_7",8,{33: 8},33.0,33,216102128837644432760867394774038646516676174781963430789120,0.9751442409268604,0.9166666666666666,0.9166666666666666,0.9855123350848775,0.9855123350848775,0.010368094158017094,0.010368094158017094,1,stabilizer matrix,Semi-Perfect Quantum Code,0.7777777777777778,0.0,0.9795918367346939,False,True,0.0,0.0
7,36,30,4,4,4,"[[36,30,4]]_7",6,{34: 6},34.0,34,915256075077082303457791319042987208776510857900080412753920,0.9854468518760392,0.9444444444444444,0.9444444444444444,0.9945714721553812,0.9945714721553812,0.009124620279342022,0.009124620279342022,1,stabilizer matrix,Semi-Perfect Quantum Code,0.8333333333333334,0.0,0.9795918367346939,False,True,0.0,0.0
7,36,32,3,3,3,"[[36,32,3]]_7",4,{35: 4},35.0,35,2510416663068568603769941903660764915501286924525934846410752,0.9926485670739111,0.9722222222222222,0.9722222222222222,0.9996859815762731,0.9996859815762731,0.007037414502361949,0.007037414502361949,1,stabilizer matrix,Semi-Perfect Quantum Code,0.8888888888888888,0.0,0.9795918367346939,False,True,0.0,0.0
7,36,34,2,2,2,"[[36,34,2]]_7",2,{36: 2},36.0,36,3347222217424758138359922538214353220668382566034579795214336,0.9947018912428343,1.0,1.0,0.9947018912428343,0.9947018912428343,0.0,0.0,1,stabilizer matrix,Semi-Perfect Quantum Code,0.9444444444444444,0.0,0.9795918367346939,True,True,0.0,0.0
7,37,25,7,7,7,"[[37,25,7]]_7",12,{32: 12},32.0,32,274854895115379012917728217728230403538397509800809738534912,0.9504591065452345,0.8648648648648649,0.8648648648648649,0.9620430908911383,0.9620430908911383,0.011583984345903797,0.011583984345903797,1,stabilizer matrix,Semi-Perfect Quantum Code,0.6756756756756757,0.0,0.9795918367346939,False,True,0.0,0.0
7,37,27,6,6,6,"[[37,27,6]]_7",10,{33: 10},33.0,33,1998944691748211003038023401659857480279254616733161734799360,0.9642380500305272,0.8918918918918919,0.8918918918918919,0.9751823082188295,0.9751823082188295,0.010944258188302247,0.010944258188302247,1,stabilizer matrix,Semi-Perfect Quantum Code,0.7297297297297297,0.0,0.9795918367346939,False,True,0.0,0.0
7,37,29,5,5,5,"[[37,29,5]]_7",8,{34: 8},34.0,34,11288158259284015075979426268196842241576967247434325090631680,0.9762600409562481,0.918918918918919,0.918918918918919,0.9863563560003835,0.9863563560003835,0.01009631504413544,0.01009631504413544,1,stabilizer matrix,Semi-Perfect Quantum Code,0.7837837837837838,0.0,0.9795918367346939,False,True,0.0,0.0
7,37,31,4,4,4,"[[37,31,4]]_7",6,{35: 6},35.0,35,46442708266768519169743925217724150936773808103729794658598912,0.9860828969183066,0.9459459459459459,0.9459459459459459,0.9949663699467737,0.9949663699467737,0.008883473028467037,0.008883473028467037,1,stabilizer matrix,Semi-Perfect Quantum Code,0.8378378378378378,0.0,0.9795918367346939,False,True,0.0,0.0
7,37,33,3,3,3,"[[37,33,3]]_7",4,{36: 4},36.0,36,123847222044716051119317133913931069164730154943279452422930432,0.9928943364760158,0.972972972972973,0.972972972972973,0.9997442060306717,0.9997442060306717,0.006849869554655941,0.006849869554655941,1,stabilizer matrix,Semi-Perfect Quantum Code,0.8918918918918919,0.0,0.9795918367346939,False,True,0.0,0.0
7,37,35,2,2,2,"[[37,35,2]]_7",2,{37: 2},37.0,37,160666666436388390641276281834288954592082363169659830170288128,0.9947018912428341,1.0,1.0,0.9947018912428343,0.9947018912428343,1.1102230246251565e-16,1.1102230246251565e-16,1,stabilizer matrix,Semi-Perfect Quantum Code,0.9459459459459459,0.0,0.9795918367346939,True,True,0.0,0.0
7,38,26,7,7,7,"[[38,26,7]]_7",12,{33: 12},33.0,33,15191979657286403623088977852614916850122335087172029184475136,0.9525773384818765,0.868421052631579,0.868421052631579,0.9638702215908213,0.9638702215908213,0.011292883108944718,0.011292883108944718,1,stabilizer matrix,Semi-Perfect Quantum Code,0.6842105263157895,0.0,0.9795918367346939,False,True,0.0,0.0
7,38,28,6,6,6,"[[38,28,6]]_7",10,{34: 10},34.0,34,107237503463198143221804549547870001294981188850626088361000960,0.965791817819169,0.8947368421052632,0.8947368421052632,0.9764587350250576,0.9764587350250576,0.010666917205888637,0.010666917205888637,1,stabilizer matrix,Semi-Perfect Quantum Code,0.7368421052631579,0.0,0.9795918367346939,False,True,0.0,0.0
7,38,30,5,5,5,"[[38,30,5]]_7",8,{35: 8},35.0,35,588274304712401242816756386091172578532468235980577399008919552,0.9773014320475214,0.9210526315789473,0.9210526315789473,0.9871398231670525,0.9871398231670525,0.009838391119531109,0.009838391119531109,1,stabilizer matrix,Semi-Perfect Quantum Code,0.7894736842105263,0.0,0.9795918367346939,False,True,0.0,0.0
7,38,32,4,4,4,"[[38,32,4]]_7",6,{36: 6},36.0,36,2353097218849604971267025544364690314129872943922309596035678208,0.9866753053924694,0.9473684210526315,0.9473684210526315,0.9953300366399092,0.9953300366399092,0.008654731247439762,0.008654731247439762,1,stabilizer matrix,Semi-Perfect Quantum Code,0.8421052631578947,0.0,0.9795918367346939,False,True,0.0,0.0
7,38,34,3,3,3,"[[38,34,3]]_7",4,{37: 4},37.0,37,6105333324582758844368498709702980274499129800447073546470948864,0.9931222296010561,0.9736842105263158,0.9736842105263158,0.9997942876914364,0.9997942876914364,0.006672058090380295,0.006672058090380295,1,stabilizer matrix,Semi-Perfect Quantum Code,0.8947368421052632,0.0,0.9795918367346939,False,True,0.0,0.0
7,38,36,2,2,2,"[[38,36,2]]_7",2,{38: 2},38.0,38,7711999988946642750781261528045869820419953432143671848173830144,0.9947018912428341,1.0,1.0,0.9947018912428343,0.9947018912428343,1.1102230246251565e-16,1.1102230246251565e-16,1,stabilizer matrix,Semi-Perfect Quantum Code,0.9473684210526315,0.0,0.9795918367346939,True,True,0.0,0.0
7,39,27,7,7,7,"[[39,27,7]]_7",12,{34: 12},34.0,34,836452527012945517130075486473386010100853273034883489215807488,0.9545613966157096,0.8717948717948718,0.8717948717948718,0.9655773730324997,0.9655773730324997,0.011015976416790085,0.011015976416790085,1,stabilizer matrix,Semi-Perfect Quantum Code,0.6923076923076923,0.0,0.9795918367346939,False,True,0.0,0.0
7,39,29,6,6,6,"[[39,29,6]]_7",10,{35: 10},35.0,35,5735674470945912117463374764388932640691565300810629640336965632,0.967246060493731,0.8974358974358975,0.8974358974358975,0.9776492984678661,0.9776492984678661,0.010403237974135116,0.010403237974135116,1,stabilizer matrix,Semi-Perfect Quantum Code,0.7435897435897436,0.0,0.9795918367346939,False,True,0.0,0.0
7,39,31,5,5,5,"[[39,31,5]]_7",8,{36: 8},36.0,36,30590263845044864626471332076740974083688348270990024748463816704,0.9782749542678143,0.9230769230769231,0.9230769230769231,0.9878682457844794,0.9878682457844794,0.009593291516665103,0.009593291516665103,1,stabilizer matrix,Semi-Perfect Quantum Code,0.7948717948717948,0.0,0.9795918367346939,False,True,0.0,0.0
7,39,33,4,4,4,"[[39,33,4]]_7",6,{37: 6},37.0,37,119053999829363797465185724839208115352733031108717934156183502848,0.987227955380611,0.9487179487179487,0.9487179487179487,0.9956654180106939,0.9956654180106939,0.008437462630082826,0.008437462630082826,1,stabilizer matrix,Semi-Perfect Quantum Code,0.8461538461538461,0.0,0.9795918367346939,False,True,0.0,0.0
7,39,35,3,3,3,"[[39,35,3]]_7",4,{38: 4},38.0,38,300767999568919067280469199593788922996378183853603202078779375616,0.9933338716868054,0.9743589743589743,0.9743589743589743,0.999837113448159,0.999837113448159,0.006503241761353529,0.006503241761353529,1,stabilizer matrix,Semi-Perfect Quantum Code,0.8974358974358975,0.0,0.9795918367346939,False,True,0.0,0.0
7,39,37,2,2,2,"[[39,37,2]]_7",2,{39: 2},39.0,39,370175999469438852037500553346201751380157764742896248712343846912,0.9947018912428341,1.0,1.0,0.9947018912428343,0.9947018912428343,1.1102230246251565e-16,1.1102230246251565e-16,1,stabilizer matrix,Semi-Perfect Quantum Code,0.9487179487179487,0.0,0.9795918367346939,True,True,0.0,0.0
7,40,28,7,7,7,"[[40,28,7]]_7",12,{35: 12},35.0,35,45885395767567296939706998115111461125532522406485037122695725056,0.9564226784979387,0.875,0.875,0.9671749354995133,0.9671749354995133,0.010752257001574561,0.010752257001574561,1,stabilizer matrix,Semi-Perfect Quantum Code,0.7,0.0,0.9795918367346939,False,True,0.0,0.0
7,40,30,6,6,6,"[[40,30,6]]_7",10,{36: 10},36.0,36,305902638450448646264713320767409740836883482709900247484638167040,0.9686092636918059,0.9,0.9,0.9787615026977984,0.9787615026977984,0.010152239005992492,0.010152239005992492,1,stabilizer matrix,Semi-Perfect Quantum Code,0.75,0.0,0.9795918367346939,False,True,0.0,0.0
7,40,32,5,5,5,"[[40,32,5]]_7",8,{37: 8},37.0,37,1587386664391517299535809664522774871369773748116239122082446704640,0.9791864315288136,0.925,0.925,0.9885465164528418,0.9885465164528418,0.009360084924028178,0.009360084924028178,1,stabilizer matrix,Semi-Perfect Quantum Code,0.8,0.0,0.9795918367346939,False,True,0.0,0.0
7,40,34,4,4,4,"[[40,34,4]]_7",6,{38: 6},38.0,38,6015359991378381345609383991875778459927563677072064041575587512320,0.9877442980141724,0.95,0.95,0.9959751239259783,0.9959751239259783,0.008230825911805906,0.008230825911805906,1,stabilizer matrix,Semi-Perfect Quantum Code,0.85,0.0,0.9795918367346939,False,True,0.0,0.0
7,40,36,3,3,3,"[[40,36,3]]_7",4,{39: 4},39.0,39,14807039978777554081500022133848070055206310589715849948493753876480,0.9935307069201507,0.975,0.975,0.9998734619534873,0.9998734619534873,0.006342755033336589,0.006342755033336589,1,stabilizer matrix,Semi-Perfect Quantum Code,0.9,0.0,0.9795918367346939,False,True,0.0,0.0
7,40,38,2,2,2,"[[40,38,2]]_7",2,{40: 2},40.0,40,17768447974533064897800026560617684066247572707659019938192504651776,0.9947018912428343,1.0,1.0,0.9947018912428343,0.9947018912428343,0.0,0.0,1,stabilizer matrix,Semi-Perfect Quantum Code,0.95,0.0,0.9795918367346939,True,True,0.0,0.0
7,41,29,7,7,7,"[[41,29,7]]_7",12,{36: 12},36.0,36,2508401635293678899370649230292759874862444558221182029374032969728,0.9581713676749696,0.8780487804878049,0.8780487804878049,0.9686721777129541,0.9686721777129541,0.010500810037984531,0.010500810037984531,1,stabilizer matrix,Semi-Perfect Quantum Code,0.7073170731707317,0.0,0.9795918367346939,False,True,0.0,0.0
7,41,31,6,6,6,"[[41,31,6]]_7",10,{37: 10},37.0,37,16270713310013052320242049061358442431540180918191451001345078722560,0.969889008261451,0.9024390243902439,0.9024390243902439,0.9798020385125935,0.9798020385125935,0.00991303025114254,0.00991303025114254,1,stabilizer matrix,Semi-Perfect Quantum Code,0.7560975609756098,0.0,0.9795918367346939,False,True,0.0,0.0
7,41,33,5,5,5,"[[41,33,5]]_7",8,{38: 8},38.0,38,82209919882171211723328247888968972285676703586651541901533029335040,0.9800410650784165,0.926829268292683,0.926829268292683,0.9891789929590529,0.9891789929590529,0.009137927880636387,0.009137927880636387,1,stabilizer matrix,Semi-Perfect Quantum Code,0.8048780487804879,0.0,0.9795918367346939,False,True,0.0,0.0
7,41,35,4,4,4,"[[41,35,4]]_7",6,{39: 6},39.0,39,303544319564939858670750453743885436131729367089174923944121954467840,0.9882274133640728,0.9512195121951219,0.9512195121951219,0.9962614733972159,0.9962614733972159,0.008034060033143109,0.008034060033143109,1,stabilizer matrix,Semi-Perfect Quantum Code,0.8536585365853658,0.0,0.9795918367346939,False,True,0.0,0.0
7,41,37,3,3,3,"[[41,37,3]]_7",4,{40: 4},40.0,40,728506366955855660809801088985325046716150481014019817465892690722816,0.9937140223021547,0.975609756097561,0.975609756097561,0.9999040187309208,0.9999040187309208,0.006189996428766165,0.006189996428766165,1,stabilizer matrix,Semi-Perfect Quantum Code,0.9024390243902439,0.0,0.9795918367346939,False,True,0.0,0.0
7,41,39,2,2,2,"[[41,39,2]]_7",2,{41: 2},41.0,41,852885502777587115094401274909648835179883489967632957033240223285248,0.9947018912428343,1.0,1.0,0.9947018912428343,0.9947018912428343,0.0,0.0,1,stabilizer matrix,Semi-Perfect Quantum Code,0.9512195121951219,0.0,0.9795918367346939,True,True,0.0,0.0
7,42,30,7,7,7,"[[42,30,7]]_7",12,{37: 12},37.0,37,136673991804109639490033212115410916424937519712808188411298661269504,0.9598165883720674,0.8809523809523809,0.8809523809523809,0.9700773912333508,0.9700773912333508,0.010260802861283391,0.010260802861283391,1,stabilizer matrix,Semi-Perfect Quantum Code,0.7142857142857143,0.0,0.9795918367346939,False,True,0.0,0.0
7,42,32,6,6,6,"[[42,32,6]]_7",10,{38: 10},38.0,38,863204158762797723094946602834174208999605387659841189966096808017920,0.9710920855163776,0.9047619047619048,0.9047619047619048,0.9807768882545012,0.9807768882545012,0.009684802738123555,0.009684802738123555,1,stabilizer matrix,Semi-Perfect Quantum Code,0.7619047619047619,0.0,0.9795918367346939,False,True,0.0,0.0
7,42,34,5,5,5,"[[42,34,5]]_7",8,{39: 8},39.0,39,4249620473909158021390506352414396105844211139248448935217707362549760,0.9808435128924048,0.9285714285714286,0.9285714285714286,0.9897695675722168,0.9897695675722168,0.008926054679812001,0.008926054679812001,1,stabilizer matrix,Semi-Perfect Quantum Code,0.8095238095238095,0.0,0.9795918367346939,False,True,0.0,0.0
7,42,36,4,4,4,"[[42,36,4]]_7",6,{40: 6},40.0,40,15298633706072968877005822868691825981039160101294416166783746505179136,0.9886800578908366,0.9523809523809523,0.9523809523809523,0.9965265327042697,0.9965265327042697,0.007846474813433146,0.007846474813433146,1,stabilizer matrix,Semi-Perfect Quantum Code,0.8571428571428571,0.0,0.9795918367346939,False,True,0.0,0.0
7,42,38,3,3,3,"[[42,38,3]]_7",4,{41: 4},41.0,41,35821191116658658833964853546205251077555106578640584195396089377980416,0.9938849678937381,0.9761904761904762,0.9761904761904762,0.9999293888970429,0.9999293888970429,0.006044421003304712,0.006044421003304712,1,stabilizer matrix,Semi-Perfect Quantum Code,0.9047619047619048,0.0,0.9795918367346939,False,True,0.0,0.0
7,42,40,2,2,2,"[[42,40,2]]_7",2,{42: 2},42.0,42,40938504133324181524531261195663144088634407518446381937595530717691904,0.9947018912428341,1.0,1.0,0.9947018912428343,0.9947018912428343,1.1102230246251565e-16,1.1102230246251565e-16,1,stabilizer matrix,Semi-Perfect Quantum Code,0.9523809523809523,0.0,0.9795918367346939,True,True,0.0,0.0
7,43,31,7,7,7,"[[43,31,7]]_7",12,{38: 12},38.0,38,7423555765360060418616540784373898197396606333874634233708432548954112,0.9613665373581936,0.8837209302325582,0.8837209302325582,0.9713980133730393,0.9713980133730393,0.010031476014845775,0.010031476014845775,1,stabilizer matrix,Semi-Perfect Quantum Code,0.7209302325581395,0.0,0.9795918367346939,False,True,0.0,0.0
7,43,33,6,6,6,"[[43,33,6]]_7",10,{39: 10},39.0,39,45683420094523448729947943288454758137825269746920826053590354147409920,0.9722245955060673,0.9069767441860465,0.9069767441860465,0.9816914150922843,0.9816914150922843,0.009466819586216979,0.009466819586216979,1,stabilizer matrix,Semi-Perfect Quantum Code,0.7674418604651163,0.0,0.9795918367346939,False,True,0.0,0.0
7,43,35,5,5,5,"[[43,35,5]]_7",8,{40: 8},40.0,40,219280416453712553903750127784582839061561294785219965057233699907567616,0.9815979573668899,0.9302325581395349,0.9302325581395349,0.9903217259975308,0.9903217259975308,0.008723768630640838,0.008723768630640838,1,stabilizer matrix,Semi-Perfect Quantum Code,0.813953488372093,0.0,0.9795918367346939,False,True,0.0,0.0
7,43,37,4,4,4,"[[43,37,4]]_7",6,{41: 6},41.0,41,770155609008161164930244351243412898167434791440772560201015921626578944,0.9891047048923469,0.9534883720930233,0.9534883720930233,0.9967721477873169,0.9967721477873169,0.007667442894970011,0.007667442894970011,1,stabilizer matrix,Semi-Perfect Quantum Code,0.8604651162790697,0.0,0.9795918367346939,False,True,0.0,0.0
7,43,39,3,3,3,"[[43,39,3]]_7",4,{42: 4},42.0,42,1760355677732939805554844231413515195811279523293194423316607820860751872,0.9940445740601619,0.9767441860465116,0.9767441860465116,0.9999501079182763,0.9999501079182763,0.005905533858114431,0.005905533858114431,1,stabilizer matrix,Semi-Perfect Quantum Code,0.9069767441860465,0.0,0.9795918367346939,False,True,0.0,0.0
7,43,41,2,2,2,"[[43,41,2]]_7",2,{43: 2},43.0,43,1965048198399560713177500537391830916254451560885426333004585474449211392,0.9947018912428343,1.0,1.0,0.9947018912428343,0.9947018912428343,0.0,0.0,1,stabilizer matrix,Semi-Perfect Quantum Code,0.9534883720930233,0.0,0.9795918367346939,True,True,0.0,0.0
7,44,32,7,7,7,"[[44,32,7]]_7",12,{39: 12},39.0,39,402014096831806348823541900938401871612862373772903269271595116497207296,0.9628285967983894,0.8863636363636364,0.8863636363636364,0.9726407322315246,0.9726407322315246,0.009812135433135194,0.009812135433135194,1,stabilizer matrix,Semi-Perfect Quantum Code,0.7272727272727273,0.0,0.9795918367346939,False,True,0.0,0.0
7,44,34,6,6,6,"[[44,34,6]]_7",10,{40: 10},40.0,40,2412084580990838092941251405630411229677174242637419615629570698983243776,0.9732920311297711,0.9090909090909091,0.9090909090909091,0.9825504393112764,0.9825504393112764,0.009258408181505251,0.009258408181505251,1,stabilizer matrix,Semi-Perfect Quantum Code,0.7727272727272727,0.0,0.9795918367346939,False,True,0.0,0.0
7,44,36,5,5,5,"[[44,36,5]]_7",8,{41: 8},41.0,41,11295615598786363752310250484903389173122376941131330882948233517189824512,0.9823081632587686,0.9318181818181818,0.9318181818181818,0.9908385977280986,0.9908385977280986,0.008530434469329995,0.008530434469329995,1,stabilizer matrix,Semi-Perfect Quantum Code,0.8181818181818182,0.0,0.9795918367346939,False,True,0.0,0.0
7,44,38,4,4,4,"[[44,38,4]]_7",6,{42: 6},42.0,42,38727824910124675722206573091097334307848149512450277312965372058936541184,0.9895035791153327,0.9545454545454546,0.9545454545454546,0.9969999718757253,0.9969999718757253,0.007496392760392601,0.007496392760392601,1,stabilizer matrix,Semi-Perfect Quantum Code,0.8636363636363636,0.0,0.9795918367346939,False,True,0.0,0.0
7,44,40,3,3,3,"[[44,40,3]]_7",4,{43: 4},43.0,43,86462120729580671379810023645240560315195868678958758652201760875765301248,0.9941937662155355,0.9772727272727273,0.9772727272727273,0.9999666507408166,0.9999666507408166,0.00577288452528113,0.00577288452528113,1,stabilizer matrix,Semi-Perfect Quantum Code,0.9090909090909091,0.0,0.9795918367346939,False,True,0.0,0.0
7,44,42,2,2,2,"[[44,42,2]]_7",2,{44: 2},44.0,44,94322313523178914232520025794807883980213674922500463984220102773562146816,0.9947018912428341,1.0,1.0,0.9947018912428343,0.9947018912428343,1.1102230246251565e-16,1.1102230246251565e-16,1,stabilizer matrix,Semi-Perfect Quantum Code,0.9545454545454546,0.0,0.9795918367346939,True,True,0.0,0.0
7,45,33,7,7,7,"[[45,33,7]]_7",12,{40: 12},40.0,40,21708761228917542836471262650673701067094568183736776540666136290849193984,0.9642094311947448,0.8888888888888888,0.8888888888888888,0.9738115767920693,0.9738115767920693,0.00960214559732453,0.00960214559732453,1,stabilizer matrix,Semi-Perfect Quantum Code,0.7333333333333333,0.0,0.9795918367346939,False,True,0.0,0.0
7,45,35,6,6,6,"[[45,35,6]]_7",10,{41: 10},41.0,41,127075675486346592213490317955163128197626740587727472433167627068385525760,0.9742993504001073,0.9111111111111111,0.9111111111111111,0.9833583037459284,0.9833583037459284,0.009058953345821075,0.009058953345821075,1,stabilizer matrix,Semi-Perfect Quantum Code,0.7777777777777778,0.0,0.9795918367346939,False,True,0.0,0.0
7,45,37,5,5,5,"[[45,37,5]]_7",8,{42: 8},42.0,42,580917373651870135833098596366460014617722242686754159694480580884048117760,0.9829775274616641,0.9333333333333333,0.9333333333333333,0.9913229992098163,0.9913229992098163,0.008345471748152145,0.008345471748152145,1,stabilizer matrix,Semi-Perfect Quantum Code,0.8222222222222222,0.0,0.9795918367346939,False,True,0.0,0.0
7,45,39,4,4,4,"[[45,39,4]]_7",6,{43: 6},43.0,43,1945397716415565106045725532017912607091907045276572069674539619704719278080,0.9898786864812577,0.9555555555555556,0.9555555555555556,0.997211489141557,0.997211489141557,0.007332802660299342,0.007332802660299342,1,stabilizer matrix,Semi-Perfect Quantum Code,0.8666666666666667,0.0,0.9795918367346939,False,True,0.0,0.0
7,45,41,3,3,3,"[[45,41,3]]_7",4,{44: 4},44.0,44,4244504108543051140463401160766354779109615371512520879289904624810296606720,0.9943333774758166,0.9777777777777777,0.9777777777777777,0.9999794395681526,0.9999794395681526,0.0056460620923359794,0.0056460620923359794,1,stabilizer matrix,Semi-Perfect Quantum Code,0.9111111111111111,0.0,0.9795918367346939,False,True,0.0,0.0
7,45,43,2,2,2,"[[45,43,2]]_7",2,{45: 2},45.0,45,4527471049112587883160961238150778431050256396280022271242564933130983047168,0.9947018912428343,1.0,1.0,0.9947018912428343,0.9947018912428343,0.0,0.0,1,stabilizer matrix,Semi-Perfect Quantum Code,0.9555555555555556,0.0,0.9795918367346939,True,True,0.0,0.0
7,46,34,7,7,7,"[[46,34,7]]_7",12,{41: 12},41.0,41,1169096214474388648364110925187500779418166013407092746385142169029146836992,0.9655150709548553,0.8913043478260869,0.8913043478260869,0.9749159944814305,0.9749159944814305,0.009400923526575178,0.009400923526575178,1,stabilizer matrix,Semi-Perfect Quantum Code,0.7391304347826086,0.0,0.9795918367346939,False,True,0.0,0.0
7,46,36,6,6,6,"[[46,36,6]]_7",10,{42: 10},42.0,42,6680549796996506562080633858214290168103805790897672836486526680166553354240,0.9752510387447573,0.9130434782608695,0.9130434782608695,0.9841189301000921,0.9841189301000921,0.008867891355334834,0.008867891355334834,1,stabilizer matrix,Semi-Perfect Quantum Code,0.782608695652174,0.0,0.9795918367346939,False,True,0.0,0.0
7,46,38,5,5,5,"[[46,38,5]]_7",8,{43: 8},43.0,43,29829431651705331626034458157607993308742574694240771735009607502139028930560,0.9836091219178648,0.9347826086956522,0.9347826086956522,0.9917774709763467,0.9917774709763467,0.00816834905848196,0.00816834905848196,1,stabilizer matrix,Semi-Perfect Quantum Code,0.8260869565217391,0.0,0.9795918367346939,False,True,0.0,0.0
7,46,40,4,4,4,"[[46,40,4]]_7",6,{44: 6},44.0,44,97623594496490176230658226697626159919521153544787980223667806370636821954560,0.9902318397054283,0.9565217391304348,0.9565217391304348,0.9974080350211538,0.9974080350211538,0.007176195315725553,0.007176195315725553,1,stabilizer matrix,Semi-Perfect Quantum Code,0.8695652173913043,0.0,0.9795918367346939,False,True,0.0,0.0
7,46,42,3,3,3,"[[46,42,3]]_7",4,{45: 4},45.0,45,208263668259179042625404216954935807828311794228881024477157986924025220169728,0.9944641595547721,0.9782608695652174,0.9782608695652174,0.9999888505096038,0.9999888505096038,0.005524690954831768,0.005524690954831768,1,stabilizer matrix,Semi-Perfect Quantum Code,0.9130434782608695,0.0,0.9795918367346939,False,True,0.0,0.0
7,46,44,2,2,2,"[[46,44,2]]_7",2,{46: 2},46.0,46,217318610357404218391726139431237364690412307021441069019643116790287186264064,0.9947018912428341,1.0,1.0,0.9947018912428343,0.9947018912428343,1.1102230246251565e-16,1.1102230246251565e-16,1,stabilizer matrix,Semi-Perfect Quantum Code,0.9565217391304348,0.0,0.9795918367346939,True,True,0.0,0.0
7,47,35,7,7,7,"[[47,35,7]]_7",12,{42: 12},42.0,42,62797168091767161683557958267214327580175774434438124662973350793565601529856,0.96675098467626,0.8936170212765957,0.8936170212765957,0.9759589181656034,0.9759589181656034,0.009207933489343456,0.009207933489343456,1,stabilizer matrix,Semi-Perfect Quantum Code,0.7446808510638298,0.0,0.9795918367346939,False,True,0.0,0.0
7,47,37,6,6,6,"[[47,37,6]]_7",10,{43: 10},43.0,43,350495821907537646605904883351893921377725252657329067886362888150133589934080,0.9761511629002679,0.9148936170212766,0.9148936170212766,0.9848358675888204,0.9848358675888204,0.008684704688552425,0.008684704688552425,1,stabilizer matrix,Semi-Perfect Quantum Code,0.7872340425531915,0.0,0.9795918367346939,False,True,0.0,0.0
7,47,39,5,5,5,"[[47,39,5]]_7",8,{44: 8},44.0,44,1529436313778346094280312218262809838739164738868345023504128966473310210621440,0.984205730736633,0.9361702127659575,0.9361702127659575,0.9922043097045755,0.9922043097045755,0.007998578967942538,0.007998578967942538,1,stabilizer matrix,Semi-Perfect Quantum Code,0.8297872340425532,0.0,0.9795918367346939,False,True,0.0,0.0
7,47,41,4,4,4,"[[47,41,4]]_7",6,{45: 6},45.0,45,4894196204090707501696999098440991483965327164378704075213212692714592673988608,0.9905646804503051,0.9574468085106383,0.9574468085106383,0.9975908137329378,0.9975908137329378,0.007026133282632685,0.007026133282632685,1,stabilizer matrix,Semi-Perfect Quantum Code,0.8723404255319149,0.0,0.9795918367346939,False,True,0.0,0.0
7,47,43,3,3,3,"[[47,43,3]]_7",4,{46: 4},46.0,46,10213974686797998264411128553268156140449378430007730243923226489143497754411008,0.9945867921780683,0.9787234042553191,0.9787234042553191,0.9999952192826532,0.9999952192826532,0.00540842710458489,0.00540842710458489,1,stabilizer matrix,Semi-Perfect Quantum Code,0.9148936170212766,0.0,0.9795918367346939,False,True,0.0,0.0
7,47,45,2,2,2,"[[47,45,2]]_7",2,{47: 2},47.0,47,10431293297155402482802854692699393505139790737029171312942869605933784940675072,0.9947018912428343,1.0,1.0,0.9947018912428343,0.9947018912428343,0.0,0.0,1,stabilizer matrix,Semi-Perfect Quantum Code,0.9574468085106383,0.0,0.9795918367346939,True,True,0.0,0.0
7,48,36,7,7,7,"[[48,36,7]]_7",12,{43: 12},43.0,43,3364759890312361407416686880178181645226162425510359051709083726241282463367168,0.967922141872541,0.8958333333333334,0.8958333333333334,0.9769448242093779,0.9769448242093779,0.009022682336836896,0.009022682336836896,1,stabilizer matrix,Semi-Perfect Quantum Code,0.75,0.0,0.9795918367346939,False,True,0.0,0.0
7,48,38,6,6,6,"[[48,38,6]]_7",10,{44: 10},44.0,44,18353235765340153131363746619153718064869976866420140282049547597679722527457280,0.9770034176824285,0.9166666666666666,0.9166666666666666,0.9855123350848775,0.9855123350848775,0.008508917402448968,0.008508917402448968,1,stabilizer matrix,Semi-Perfect Quantum Code,0.7916666666666666,0.0,0.9795918367346939,False,True,0.0,0.0
7,48,40,5,5,5,"[[48,40,5]]_7",8,{45: 8},45.0,45,78307139265451320027151985575055863743445234630059265203411403083433482783817728,0.984769882403758,0.9375,0.9375,0.9926055959747191,0.9926055959747191,0.007835713570961134,0.007835713570961134,1,stabilizer matrix,Semi-Perfect Quantum Code,0.8333333333333334,0.0,0.9795918367346939,False,True,0.0,0.0
7,48,42,4,4,4,"[[48,42,4]]_7",6,{46: 6},46.0,46,245135392483151958345867085278435747370785082320185525854157435739443946105864192,0.9908786985428756,0.9583333333333334,0.9583333333333334,0.9977609134268222,0.9977609134268222,0.00688221488394658,0.00688221488394658,1,stabilizer matrix,Semi-Perfect Quantum Code,0.875,0.0,0.9795918367346939,False,True,0.0,0.0
7,48,44,3,3,3,"[[48,44,3]]_7",4,{47: 4},47.0,47,500702078263459319174537025249570888246709955377400223021257741084821677152403456,0.9947018912428341,0.9791666666666666,0.9791666666666666,0.99999884611925,0.99999884611925,0.005296954876415905,0.005296954876415905,1,stabilizer matrix,Semi-Perfect Quantum Code,0.9166666666666666,0.0,0.9795918367346939,False,True,0.0,0.0
7,48,46,2,2,2,"[[48,46,2]]_7",2,{48: 2},48.0,48,500702078263459319174537025249570888246709955377400223021257741084821677152403456,0.9947018912428341,1.0,1.0,0.9947018912428343,0.9947018912428343,1.1102230246251565e-16,1.1102230246251565e-16,1,stabilizer matrix,Semi-Perfect Quantum Code,0.9583333333333334,0.0,0.9795918367346939,True,True,0.0,0.0
7,49,37,7,7,7,"[[49,37,7]]_7",12,{44: 12},44.0,44,179861710500333500687364716867706437035725773290917374764085566457261280769081344,0.9690330675731246,0.8979591836734694,0.8979591836734694,0.9778777829486301,0.9778777829486301,0.008844715375505574,0.008844715375505574,1,stabilizer matrix,Semi-Perfect Quantum Code,0.7551020408163265,0.0,0.9795918367346939,False,True,0.0,0.0
7,49,39,6,6,6,"[[49,39,6]]_7",10,{45: 10},45.0,45,959262456001778670332611823294434330857204124218225998741789687772060164101767168,0.9778111666994359,0.9183673469387755,0.9183673469387755,0.9861512577505869,0.9861512577505869,0.008340091051150966,0.008340091051150966,1,stabilizer matrix,Semi-Perfect Quantum Code,0.7959183673469388,0.0,0.9795918367346939,False,True,0.0,0.0
7,49,41,5,5,5,"[[49,41,5]]_7",8,{46: 8},46.0,46,4003878077224815319649162392881117207056156344563030255617904783744251119729115136,0.985303877816964,0.9387755102040817,0.9387755102040817,0.9929832183848791,0.9929832183848791,0.007679340567915083,0.007679340567915083,1,stabilizer matrix,Semi-Perfect Quantum Code,0.8367346938775511,0.0,0.9795918367346939,False,True,0.0,0.0
7,49,43,4,4,4,"[[49,43,4]]_7",6,{47: 6},47.0,47,12267200917454753319776157118614486762044393906746305464020814656578131090233884672,0.9911752486959597,0.9591836734693877,0.9591836734693877,0.997919319325713,0.997919319325713,0.0067440706297532405,0.0067440706297532405,1,stabilizer matrix,Semi-Perfect Quantum Code,0.8775510204081632,0.0,0.9795918367346939,False,True,0.0,0.0
7,49,45,3,3,3,"[[49,45,3]]_7",4,{48: 4},48.0,48,24534401834909506639552314237228973524088787813492610928041629313156262180467769344,0.9948100159113478,0.9795918367346939,0.9795918367346939,1.0,1.0,0.005189984088652233,0.005189984088652233,1,stabilizer matrix,Semi-Perfect Quantum Code,0.9183673469387755,0.0,0.9795918367346939,False,True,0.0,0.0
7,49,47,2,2,2,"[[49,47,2]]_7",2,{49: 2},49.0,49,24033699756646047320377777211979402635842077858115210705020371572071440503315365888,0.9947018912428341,1.0,1.0,0.9947018912428343,0.9947018912428343,1.1102230246251565e-16,1.1102230246251565e-16,1,stabilizer matrix,Semi-Perfect Quantum Code,0.9591836734693877,0.0,0.9795918367346939,True,True,0.0,0.0
7,50,36,8,8,8,"[[50,36,8]]_7",14,{44: 14},44.0,44,1498847587502779172394705973897553641964381444090978123034046387143844006409011200,0.9605484053880647,0.88,0.88,0.9696187366882346,0.9696187366882346,0.009070331300169876,0.009070331300169876,1,stabilizer matrix,Semi-Perfect Quantum Code,0.72,0.0,0.9795918367346939,False,True,0.0,0.0
7,50,38,7,7,7,"[[50,38,7]]_7",12,{45: 12},45.0,45,9592624560017786703326118232944343308572041242182259987417896877720601641017671680,0.9700878899899966,0.9,0.9,0.9787615026977984,0.9787615026977984,0.008673612707801759,0.008673612707801759,1,stabilizer matrix,Semi-Perfect Quantum Code,0.76,0.0,0.9795918367346939,False,True,0.0,0.0
7,50,40,6,6,6,"[[50,40,6]]_7",10,{46: 10},46.0,46,50048475965310191495614529911013965088201954307037878195223809796803138996613939200,0.978577477896483,0.92,0.92,0.9867552989710744,0.9867552989710744,0.008177821074591418,0.008177821074591418,1,stabilizer matrix,Semi-Perfect Quantum Code,0.8,0.0,0.9795918367346939,False,True,0.0,0.0
7,50,42,5,5,5,"[[50,42,5]]_7",8,{47: 8},47.0,47,204453348624245888662935951976908112700739898445771757733680244276302184837231411200,0.9858098147595233,0.94,0.94,0.993338894560679,0.993338894560679,0.007529079801155691,0.007529079801155691,1,stabilizer matrix,Semi-Perfect Quantum Code,0.84,0.0,0.9795918367346939,False,True,0.0,0.0
7,50,44,4,4,4,"[[50,44,4]]_7",6,{48: 6},48.0,48,613360045872737665988807855930724338102219695337315273201040732828906554511694233600,0.9914555651000592,0.96,0.96,0.9980669251587668,0.9980669251587668,0.00661136005870766,0.00661136005870766,1,stabilizer matrix,Semi-Perfect Quantum Code,0.88,0.0,0.9795918367346939,False,True,0.0,0.0
7,50,46,3,3,3,"[[50,46,3]]_7",4,{49: 4},49.0,49,1201684987832302366018888860598970131792103892905760535251018578603572025165768294400,0.9949116747959961,0.98,0.98,0.9999989223189049,0.9999989223189049,0.005087247522908789,0.005087247522908789,1,stabilizer matrix,Semi-Perfect Quantum Code,0.92,0.0,0.9795918367346939,True,True,0.0,0.0
7,50,48,2,2,2,"[[50,48,2]]_7",2,{50: 2},50.0,50,1153617588319010271378133306175011326520419737189530113840977835459429144159137562624,0.9947018912428341,1.0,1.0,0.9947018912428343,0.9947018912428343,1.1102230246251565e-16,1.1102230246251565e-16,1,stabilizer matrix,Semi-Perfect Quantum Code,0.96,0.0,0.9795918367346939,True,True,0.0,0.0
7,51,49,2,2,2,"[[51,49,2]]_7",2,{51: 2},51.0,51,55373644239312493026150398696400543672980147385097445464366936102052598919638603005952,0.9947018912428343,1.0,1.0,0.9947018912428343,0.9947018912428343,0.0,0.0,1,stabilizer matrix,Semi-Perfect Quantum Code,0.9607843137254902,0.0,0.9795918367346939,True,True,0.0,0.0
7,52,47,3,3,3,"[[52,47,3]]_7",5,"{49: 1, 50: 2, 51: 2}",50.2,51,4940271187177134902987574372585638088213154156202730251681167498868717024099493350473728,0.9977648773050839,0.9653846153846154,0.9807692307692307,0.9989244615416387,0.9999909185853735,0.0022260412802895813,0.0011595842365548226,1,stabilizer matrix,Semi-Perfect Quantum Code,0.9038461538461539,-0.0010664570437347587,0.9795918367346939,True,False,0.01538461538461533,-0.0010664570437347587
7,52,50,2,2,2,"[[52,50,2]]_7",2,{52: 2},52.0,52,2657934923486999665255219137427226096303047074484677382289612932898524748142652944285696,0.9947018912428341,1.0,1.0,0.9947018912428343,0.9947018912428343,1.1102230246251565e-16,1.1102230246251565e-16,1,stabilizer matrix,Semi-Perfect Quantum Code,0.9615384615384616,0.0,0.9795918367346939,True,True,0.0,0.0
7,53,48,3,3,3,"[[53,48,3]]_7",5,"{49: 1, 50: 1, 51: 2, 52: 1}",50.6,52,251237746461784611072455637129836616197335947256556700132783460471314699659277879547527168,0.9979872006835399,0.9547169811320755,0.9811320754716981,0.9970363193660661,0.9999843640096525,0.001997163326112661,-0.000950881317473784,1,stabilizer matrix,Semi-Perfect Quantum Code,0.9056603773584906,-0.002948044643586445,0.9795918367346939,True,False,0.026415094339622615,-0.002948044643586445
7,53,51,2,2,2,"[[53,51,2]]_7",2,{53: 2},53.0,53,127580876327375983932250518596506852622546259575264514349901420779129187910847341325713408,0.9947018912428341,1.0,1.0,0.9947018912428343,0.9947018912428343,1.1102230246251565e-16,1.1102230246251565e-16,1,stabilizer matrix,Semi-Perfect Quantum Code,0.9622641509433962,0.0,0.9795918367346939,True,True,0.0,0.0
7,54,49,3,3,3,"[[54,49,3]]_7",5,"{50: 1, 51: 1, 52: 2, 53: 1}",51.6,53,12431192784823582047675987115346403177715167218697740234281593393567957651650080117138391040,0.9980708405285169,0.9555555555555556,0.9814814814814815,0.997211489141557,0.999976325352177,0.001905484823660042,-0.0008593513869599168,1,stabilizer matrix,Semi-Perfect Quantum Code,0.9074074074074074,-0.0027648362106199587,0.9795918367346939,True,False,0.0259259259259259,-0.0027648362106199587
7,54,52,2,2,2,"[[54,52,2]]_7",2,{54: 2},54.0,54,6123882063714047228748024892632328925882220459612696688795268197398201019720672383634243584,0.9947018912428343,1.0,1.0,0.9947018912428343,0.9947018912428343,0.0,0.0,1,stabilizer matrix,Semi-Perfect Quantum Code,0.9629629629629629,0.0,0.9795918367346939,True,True,0.0,0.0
7,55,50,3,3,3,"[[55,50,3]]_7",5,"{52: 2, 53: 2, 54: 1}",52.8,54,596002037568107369938504063280994043704513760747071632817711356008500696899767782961903042560,0.9980041405815828,0.96,0.9818181818181818,0.9980669251587668,0.9999669463681572,0.001962805786574373,6.278457718400521e-05,1,stabilizer matrix,Semi-Perfect Quantum Code,0.9090909090909091,-0.001900021209390368,0.9795918367346939,True,False,0.02181818181818187,-0.001900021209390368
7,55,53,2,2,2,"[[55,53,2]]_7",2,{55: 2},55.0,55,293946339058274266979905194846351788442346582061409441062172873475113648946592274414443692032,0.9947018912428341,1.0,1.0,0.9947018912428343,0.9947018912428343,1.1102230246251565e-16,1.1102230246251565e-16,1,stabilizer matrix,Semi-Perfect Quantum Code,0.9636363636363636,0.0,0.9795918367346939,True,True,0.0,0.0
7,56,51,3,3,3,"[[56,51,3]]_7",5,"{53: 2, 54: 3}",53.6,54,12967320269914495006873942710148956500555601823229885238523980407990690659258523772345510789120,0.99431458351964,0.9571428571428572,0.9642857142857143,0.9975313477750628,0.9987665508361133,0.004451967316473349,0.0032167642554228326,1,stabilizer matrix,Semi-Perfect Quantum Code,0.9107142857142857,-0.001235203061050516,0.9795918367346939,False,False,0.0071428571428571175,-0.001235203061050516
7,56,54,2,2,2,"[[56,54,2]]_7",2,{56: 2},56.0,56,14109424274797164815035449352624885845232635938947653170984297926805455149436429171893297217536,0.9947018912428343,1.0,1.0,0.9947018912428343,0.9947018912428343,0.0,0.0,1,stabilizer matrix,Semi-Perfect Quantum Code,0.9642857142857143,0.0,0.9795918367346939,True,True,0.0,0.0
7,57,52,3,3,3,"[[57,52,3]]_7",5,"{54: 4, 56: 1}",54.4,56,983421972847711416370187821458040437549574019168283735860254529283782305354903336743055908667392,0.9963833049746119,0.9543859649122807,0.9824561403508771,0.9969660187492161,0.9999446757056761,0.0035613707310642173,0.0005827137746041711,1,stabilizer matrix,Semi-Perfect Quantum Code,0.9122807017543859,-0.0029786569564600462,0.9795918367346939,True,False,0.028070175438596516,-0.0029786569564600462
7,57,55,2,2,2,"[[57,55,2]]_7",2,{57: 2},57.0,57,677252365190263911121701568925994520571166525069487352207246300486661847172948600250878266441728,0.9947018912428343,1.0,1.0,0.9947018912428343,0.9947018912428343,0.0,0.0,1,stabilizer matrix,Semi-Perfect Quantum Code,0.9649122807017544,0.0,0.9795918367346939,True,True,0.0,0.0
7,58,53,3,3,3,"[[58,53,3]]_7",5,"{55: 3, 56: 2}",55.4,56,32392886564221824221185552472067967086346593343167320405051450656957524113914468640471694861926400,0.9946861603847482,0.9551724137931035,0.9655172413793104,0.9971319779831833,0.998942897331199,0.00425673694645079,0.002445817598435096,1,stabilizer matrix,Semi-Perfect Quantum Code,0.9137931034482759,-0.0018109193480156938,0.9795918367346939,False,False,0.01034482758620692,-0.0018109193480156938
7,58,56,2,2,2,"[[58,56,2]]_7",2,{58: 2},58.0,58,32508113529132667733841675308447736987415993203335392905947822423359768664301532812042156789202944,0.9947018912428343,1.0,1.0,0.9947018912428343,0.9947018912428343,0.0,0.0,1,stabilizer matrix,Semi-Perfect Quantum Code,0.9655172413793104,0.0,0.9795918367346939,True,True,0.0,0.0
7,59,54,3,3,3,"[[59,54,3]]_7",5,"{56: 2, 57: 2, 58: 1}",56.8,58,3535440768808749979197877650635275520897477285129930298013048484413423313159734366888819163689648128,0.9982639146351601,0.9627118644067796,0.9830508474576272,0.9985247612934395,0.9999184540138475,0.0016545393786874252,0.0002608466582794122,1,stabilizer matrix,Semi-Perfect Quantum Code,0.9152542372881356,-0.001393692720408013,0.9795918367346939,True,False,0.020338983050847505,-0.001393692720408013
7,59,57,2,2,2,"[[59,57,2]]_7",2,{59: 2},59.0,59,1560389449398368051224400414805491375395967673760098859485495476321268895886473574978023525881741312,0.9947018912428341,1.0,1.0,0.9947018912428343,0.9947018912428343,1.1102230246251565e-16,1.1102230246251565e-16,1,stabilizer matrix,Semi-Perfect Quantum Code,0.9661016949152542,0.0,0.9795918367346939,True,True,0.0,0.0
7,60,55,3,3,3,"[[60,55,3]]_7",5,"{56: 1, 57: 1, 58: 2, 59: 1}",57.6,59,181218552953518451465528229217996745694569703309476173059222270790814270821055861815817271336102789120,0.9984857561269248,0.9600000000000001,0.9833333333333333,0.9980669251587669,0.9999040992883018,0.0014183431613770114,-0.00041883096815786836,1,stabilizer matrix,Semi-Perfect Quantum Code,0.9166666666666666,-0.0018371741295348798,0.9795918367346939,True,False,0.02333333333333331,-0.0018371741295348798
7,60,58,2,2,2,"[[60,58,2]]_7",2,{60: 2},60.0,60,74898693571121666458771219910663586019006448340484745255303782863420907002550731598945129242323582976,0.9947018912428341,1.0,1.0,0.9947018912428343,0.9947018912428343,1.1102230246251565e-16,1.1102230246251565e-16,1,stabilizer matrix,Semi-Perfect Quantum Code,0.9666666666666667,0.0,0.9795918367346939,True,True,0.0,0.0
7,61,56,3,3,3,"[[61,56,3]]_7",5,"{57: 1, 58: 1, 59: 2, 60: 1}",58.6,60,8947727539187285072805074640247436888843781894078728486303162123493782399112492527434755236722687082496,0.9985427228617456,0.9606557377049181,0.9836065573770492,0.9981822681834727,0.9998890251313548,0.0013463022696091898,-0.00036045467827294786,1,stabilizer matrix,Semi-Perfect Quantum Code,0.9180327868852459,-0.0017067569478821376,0.9795918367346939,True,False,0.022950819672131126,-0.0017067569478821376
7,61,59,2,2,2,"[[61,59,2]]_7",2,{61: 2},61.0,61,3595137291413839990021018555711852128912309520343267772254581577444203536122435116749366203631531982848,0.9947018912428341,1.0,1.0,0.9947018912428343,0.9947018912428343,1.1102230246251565e-16,1.1102230246251565e-16,1,stabilizer matrix,Semi-Perfect Quantum Code,0.9672131147540983,0.0,0.9795918367346939,True,True,0.0,0.0
7,62,57,3,3,3,"[[62,57,3]]_7",5,"{58: 1, 59: 1, 60: 1, 61: 2}",59.8,61,441680359178554443384131260355584384811724956223260826278923413110499074174378129869268450725309251059712,0.9985967568687705,0.964516129032258,0.9838709677419355,0.998800416731782,0.9998733047490671,0.0012765478802966301,0.00020365986301151828,1,stabilizer matrix,Semi-Perfect Quantum Code,0.9193548387096774,-0.0010728880172851119,0.9795918367346939,True,False,0.019354838709677465,-0.0010728880172851119
7,62,60,2,2,2,"[[62,60,2]]_7",2,{62: 2},62.0,62,172566589987864319521008890674168902187790856976476853068219915717321769733876885603969577774313535176704,0.9947018912428343,1.0,1.0,0.9947018912428343,0.9947018912428343,0.0,0.0,1,stabilizer matrix,Semi-Perfect Quantum Code,0.967741935483871,0.0,0.9795918367346939,True,True,0.0,0.0
7,63,58,3,3,3,"[[63,58,3]]_7",5,"{60: 2, 61: 2, 62: 1}",60.8,62,20867300319769494127078873265650249709997329552797433421344421032229108637259651678587305622816046482194432,0.9984702932388743,0.965079365079365,0.9841269841269841,0.9988815169089155,0.9998570048708442,0.0013867116319699058,0.0004112236700412053,1,stabilizer matrix,Semi-Perfect Quantum Code,0.9206349206349206,-0.0009754879619287005,0.9795918367346939,True,False,0.019047619047619094,-0.0009754879619287005
7,63,61,2,2,2,"[[63,61,2]]_7",2,{63: 2},63.0,63,8283196319417487337008426752360107305013961134870888947274555954431444947226090508990539733167049688481792,0.9947018912428341,1.0,1.0,0.9947018912428343,0.9947018912428343,1.1102230246251565e-16,1.1102230246251565e-16,1,stabilizer matrix,Semi-Perfect Quantum Code,0.9682539682539683,0.0,0.9795918367346939,True,True,0.0,0.0
7,64,59,3,3,3,"[[64,59,3]]_7",5,"{60: 1, 61: 1, 62: 2, 63: 1}",61.6,63,1075395442294164887015037175477307768060894585272679972375651714352997382742623404297654165661282004369408000,0.9986967032631007,0.9625,0.984375,0.9984908424985666,0.999840186369739,0.0011434831066383655,-0.00020586076453410485,1,stabilizer matrix,Semi-Perfect Quantum Code,0.921875,-0.0013493438711724703,0.9795918367346939,True,False,0.021874999999999978,-0.0013493438711724703
7,64,62,2,2,2,"[[64,62,2]]_7",2,{64: 2},64.0,64,397593423332039392176404484113285150640670134473802669469178685812709357466852344431545907192018385047126016,0.9947018912428343,1.0,1.0,0.9947018912428343,0.9947018912428343,0.0,0.0,1,stabilizer matrix,Semi-Perfect Quantum Code,0.96875,0.0,0.9795918367346939,True,True,0.0,0.0
7,65,60,3,3,3,"[[65,60,3]]_7",5,"{62: 2, 63: 2, 64: 1}",62.8,64,50610329511640847629121487456920255633635302534061131467847536881576128627551413009932197769650673596623749120,0.9985572357885505,0.9661538461538461,0.9846153846153847,0.9990294905048134,0.9998229048167037,0.0012656690281531713,0.0004722547162628876,1,stabilizer matrix,Semi-Perfect Quantum Code,0.9230769230769231,-0.0007934143118902837,0.9795918367346939,True,False,0.018461538461538505,-0.0007934143118902837
7,65,63,2,2,2,"[[65,63,2]]_7",2,{65: 2},65.0,65,19084484319937890824467415237437687230752166454742528134520576919010049158408912532714203545216882482262048768,0.9947018912428341,1.0,1.0,0.9947018912428343,0.9947018912428343,1.1102230246251565e-16,1.1102230246251565e-16,1,stabilizer matrix,Semi-Perfect Quantum Code,0.9692307692307692,0.0,0.9795918367346939,True,True,0.0,0.0
7,66,61,3,3,3,"[[66,61,3]]_7",5,"{62: 1, 63: 2, 64: 1, 65: 1}",63.4,65,2615825114475723083539924159968569526816103912431091858660357495853495882889052156648703457194421124572861431808,0.998786830941303,0.9606060606060606,0.9848484848484849,0.9981736318326427,0.9998052109765884,0.0010183800352853156,-0.0006131991086603117,1,stabilizer matrix,Semi-Perfect Quantum Code,0.9242424242424242,-0.0016315791439456273,0.9795918367346939,True,False,0.024242424242424263,-0.0016315791439456273
7,66,64,2,2,2,"[[66,64,2]]_7",2,{66: 2},66.0,66,916055247357018759574435931397008987076103989827641350456987692112482359603627801570281770170410359148578340864,0.9947018912428341,1.0,1.0,0.9947018912428343,0.9947018912428343,1.1102230246251565e-16,1.1102230246251565e-16,1,stabilizer matrix,Semi-Perfect Quantum Code,0.9696969696969697,0.0,0.9795918367346939,True,True,0.0,0.0
7,67,62,3,3,3,"[[67,62,3]]_7",5,"{65: 3, 66: 2}",65.4,66,103571496404302933504384662493574328601292007349887700186043170939467536782685168315039982639892021231236138663936,0.9979875415303141,0.9761194029850747,0.9850746268656716,0.9999264823507885,0.999787151252684,0.0017996097223699214,0.0019389408204744107,1,stabilizer matrix,Semi-Perfect Quantum Code,0.9253731343283582,0.0001393310981044893,0.9795918367346939,True,False,0.00895522388059693,0.0001393310981044893
7,67,65,2,2,2,"[[67,65,2]]_7",2,{67: 2},67.0,67,43970651873136900459572924707056431379652991511726784821935409221399153260974134475373524968179697239131760361472,0.9947018912428341,1.0,1.0,0.9947018912428343,0.9947018912428343,1.1102230246251565e-16,1.1102230246251565e-16,1,stabilizer matrix,Semi-Perfect Quantum Code,0.9701492537313433,0.0,0.9795918367346939,True,True,0.0,0.0
7,68,63,3,3,3,"[[68,63,3]]_7",5,"{64: 1, 65: 1, 66: 2, 67: 1}",65.6,67,6357010317090868202518114079636248667036646033134112691197916106606068170626768883311891108785075385389069721665536,0.9988682088844427,0.9647058823529411,0.9852941176470589,0.9988280071133973,0.9997687680857241,0.0009005592012814034,-4.020177104546718e-05,1,stabilizer matrix,Semi-Perfect Quantum Code,0.9264705882352942,-0.0009407609723268706,0.9795918367346939,True,False,0.02058823529411773,-0.0009407609723268706
7,68,66,2,2,2,"[[68,66,2]]_7",2,{68: 2},68.0,68,2110591289910571222059500385938708706223343592562885671452899642627159356526758454817929198472625467478324497350656,0.9947018912428343,1.0,1.0,0.9947018912428343,0.9947018912428343,0.0,0.0,1,stabilizer matrix,Semi-Perfect Quantum Code,0.9705882352941176,0.0,0.9795918367346939,True,True,0.0,0.0
7,69,64,3,3,3,"[[69,64,3]]_7",5,"{65: 1, 66: 2, 67: 1, 68: 1}",66.4,68,313280302707302850245049509122320295663614497068670959753175131782278916407157791190580709015312747459036137138421760,0.9989059117595749,0.9623188405797102,0.9855072463768116,0.998461585969369,0.9997501003125149,0.0008441885529399951,-0.0004443257902059239,1,stabilizer matrix,Semi-Perfect Quantum Code,0.927536231884058,-0.001288514343145919,0.9795918367346939,True,False,0.023188405797101366,-0.001288514343145919
7,69,67,2,2,2,"[[69,67,2]]_7",2,{69: 2},69.0,69,101308381915707418658856018525058017898720492443018512229739182846103649113284405831260601526686022438959575872831488,0.9947018912428343,1.0,1.0,0.9947018912428343,0.9947018912428343,0.0,0.0,1,stabilizer matrix,Semi-Perfect Quantum Code,0.9710144927536232,0.0,0.9795918367346939,True,True,0.0,0.0
7,70,65,3,3,3,"[[70,65,3]]_7",5,"{66: 1, 67: 2, 68: 1, 69: 1}",67.4,69,15435544658794476454110639060578572387367158370155604169820499466910709446556522510876271381597967107808932272233512960,0.9989417656932813,0.962857142857143,0.9857142857142858,0.9985478343090468,0.9997311834887184,0.000789417795437064,-0.0003939313842344916,1,stabilizer matrix,Semi-Perfect Quantum Code,0.9285714285714286,-0.0011833491796715556,0.9795918367346939,True,False,0.022857142857142777,-0.0011833491796715556
7,70,68,2,2,2,"[[70,68,2]]_7",2,{70: 2},70.0,70,4862802331953956095625088889202784859138583637264888587027480776612975157437651479900508873280929077070059641895911424,0.9947018912428341,1.0,1.0,0.9947018912428343,0.9947018912428343,1.1102230246251565e-16,1.1102230246251565e-16,1,stabilizer matrix,Semi-Perfect Quantum Code,0.9714285714285714,0.0,0.9795918367346939,True,True,0.0,0.0
7,71,66,3,3,3,"[[71,66,3]]_7",5,"{69: 4, 70: 1}",69.2,70,597010294629263818156638517168166899477159861966708092569853004512088804224585003563618724796760730232788780618595958784,0.9981005632247772,0.9746478873239437,0.9859154929577465,0.9998540252524456,0.9997120501797554,0.0016114869549781474,0.001753462027668351,1,stabilizer matrix,Semi-Perfect Quantum Code,0.9295774647887324,0.0001419750726902036,0.9795918367346939,True,False,0.011267605633802778,0.0001419750726902036
7,71,69,2,2,2,"[[71,69,2]]_7",2,{71: 2},71.0,71,233414511933789892590004266681733673238652014588714652177319077277422807557007271035224425917484595699362862811003748352,0.9947018912428344,1.0,1.0,0.9947018912428343,0.9947018912428343,-1.1102230246251565e-16,-1.1102230246251565e-16,1,stabilizer matrix,Semi-Perfect Quantum Code,0.971830985915493,0.0,0.9795918367346939,True,True,0.0,0.0
7,72,67,3,3,3,"[[72,67,3]]_7",5,"{68: 1, 69: 2, 70: 1, 71: 1}",69.4,71,37448554730307071063254800748771486890496368651130905404524887917277223554032606491670379001313152344291773131763270811648,0.9990083111423567,0.963888888888889,0.9861111111111112,0.9987072990681888,0.9996927302233095,0.0006844190809528472,-0.00030101207416788345,1,stabilizer matrix,Semi-Perfect Quantum Code,0.9305555555555556,-0.0009854311551207307,0.9795918367346939,True,False,0.022222222222222143,-0.0009854311551207307
7,72,70,2,2,2,"[[72,70,2]]_7",2,{72: 2},72.0,72,11203896572821914844320204800723216315455296700258303304511315709316294762736349009690772444039260593569417414928179920896,0.9947018912428343,1.0,1.0,0.9947018912428343,0.9947018912428343,0.0,0.0,1,stabilizer matrix,Semi-Perfect Quantum Code,0.9722222222222222,0.0,0.9795918367346939,True,True,0.0,0.0
7,73,68,3,3,3,"[[73,68,3]]_7",5,"{69: 1, 70: 1, 71: 2, 72: 1}",70.6,72,1844011723144721300376262848088476189819901846951079896976296795032561853635932903270807206128287073109179275411699068305408,0.9990391796114593,0.9671232876712328,0.9863013698630136,0.9991552202570064,0.9996732509664976,0.0006340713550383459,0.00011604064554715521,1,stabilizer matrix,Semi-Perfect Quantum Code,0.9315068493150684,-0.0005180307094911907,0.9795918367346939,True,False,0.0191780821917809,-0.0005180307094911907
7,73,71,2,2,2,"[[73,71,2]]_7",2,{73: 2},73.0,73,537787035495451912527369830434714383141854241612398558616543154047182148611344752465157077313884508491332035916552636203008,0.994701891242834,1.0,1.0,0.9947018912428343,0.9947018912428343,2.220446049250313e-16,2.220446049250313e-16,1,stabilizer matrix,Semi-Perfect Quantum Code,0.9726027397260274,0.0,0.9795918367346939,True,True,0.0,0.0
7,74,69,3,3,3,"[[74,69,3]]_7",5,"{69: 1, 71: 2, 72: 1, 73: 1}",71.2,73,86820780406953428219013385314698762951202612775142377836991771273807179231570537453599789130743942760772969527681952480493568,0.9989135577111071,0.9621621621621622,0.9864864864864865,0.9984360954466249,0.9996536374804094,0.0007400797693022376,-0.000477462264482198,1,stabilizer matrix,Semi-Perfect Quantum Code,0.9324324324324325,-0.0012175420337844356,0.9795918367346939,True,False,0.024324324324324288,-0.0012175420337844356
7,74,72,2,2,2,"[[74,72,2]]_7",2,{74: 2},74.0,74,25813777703781691801313751860866290390809003597395130813594071394264743133344548118327539711066456407583937723994526537744384,0.9947018912428341,1.0,1.0,0.9947018912428343,0.9947018912428343,1.1102230246251565e-16,1.1102230246251565e-16,1,stabilizer matrix,Semi-Perfect Quantum Code,0.972972972972973,0.0,0.9795918367346939,True,True,0.0,0.0
7,75,70,3,3,3,"[[75,70,3]]_7",5,"{70: 1, 72: 2, 73: 1, 74: 1}",72.2,74,4268864469303408532521975201113557027200407579007155987247645431763435218553622591420425821002180947716508856593790279624949760,0.9989398181905755,0.9626666666666667,0.9866666666666667,0.9985175521842287,0.9996339127543986,0.0006940945638230778,-0.00042226600634687195,1,stabilizer matrix,Semi-Perfect Quantum Code,0.9333333333333333,-0.0011163605701699497,0.9795918367346939,True,False,0.023999999999999962,-0.0011163605701699497
7,75,73,2,2,2,"[[75,73,2]]_7",2,{75: 2},75.0,75,1239061329781521206463060089321581938758832172674966279052515426924707670400538309679721906131189907564029010751737273811730432,0.9947018912428341,1.0,1.0,0.9947018912428343,0.9947018912428343,1.1102230246251565e-16,1.1102230246251565e-16,1,stabilizer matrix,Semi-Perfect Quantum Code,0.9733333333333334,0.0,0.9795918367346939,True,True,0.0,0.0
7,76,71,3,3,3,"[[76,71,3]]_7",5,"{71: 1, 73: 2, 74: 1, 75: 1}",73.2,75,209856651876158561634828373097731936630045636346429347702108881231097227909816909982405301210593295791431486447825328257537933312,0.9989647779858108,0.9631578947368421,0.9868421052631579,0.9985951169535674,0.999614097872235,0.0006493198864241378,-0.00036966103224345126,1,stabilizer matrix,Semi-Perfect Quantum Code,0.9342105263157895,-0.001018980918667589,0.9795918367346939,True,False,0.023684210526315752,-0.001018980918667589
7,76,74,2,2,2,"[[76,74,2]]_7",2,{76: 2},76.0,76,59474943829513017910226884287435933060423944288398381394520740492385968179225838864626651494297115563073392516083389142963060736,0.9947018912428341,1.0,1.0,0.9947018912428343,0.9947018912428343,1.1102230246251565e-16,1.1102230246251565e-16,1,stabilizer matrix,Semi-Perfect Quantum Code,0.9736842105263158,0.0,0.9795918367346939,True,True,0.0,0.0
7,77,72,3,3,3,"[[77,72,3]]_7",5,"{72: 1, 74: 2, 75: 1, 76: 1}",74.2,76,10314706480609813605904317267324685914714412653576894527804586720777145282004132059063681481421676417648299892650133060581058412544,0.9989885036776185,0.9636363636363636,0.987012987012987,0.9986689873644569,0.9995942121719857,0.0006057084943672519,-0.00031951631316162743,1,stabilizer matrix,Semi-Perfect Quantum Code,0.935064935064935,-0.0009252248075288794,0.9795918367346939,True,False,0.02337662337662334,-0.0009252248075288794
7,77,75,2,2,2,"[[77,75,2]]_7",2,{77: 2},77.0,77,2854797303816624859690890445796924786900349325843122306936995543634526472602840265502079271726261547027522840772002678862226915328,0.9947018912428343,1.0,1.0,0.9947018912428343,0.9947018912428343,0.0,0.0,1,stabilizer matrix,Semi-Perfect Quantum Code,0.974025974025974,0.0,0.9795918367346939,True,True,0.0,0.0
7,78,73,3,3,3,"[[78,73,3]]_7",5,"{73: 1, 75: 2, 76: 1, 77: 1}",75.2,77,506893546249361019059221979596150902398499436143805705000854717734826114624355561357150194286169416220263525158081366582691935289344,0.9990110578420082,0.9641025641025641,0.9871794871794872,0.998739349102777,0.999574273391279,0.0005632155492708568,-0.0002717087392312134,1,stabilizer matrix,Semi-Perfect Quantum Code,0.9358974358974359,-0.0008349242885020702,0.9795918367346939,True,False,0.02307692307692304,-0.0008349242885020702
7,78,76,2,2,2,"[[78,76,2]]_7",2,{78: 2},78.0,78,137030270583197993265162741398252389771216767640469870732975786094457270684936332744099805042860554257321096357056128585386891935744,0.9947018912428341,1.0,1.0,0.9947018912428343,0.9947018912428343,1.1102230246251565e-16,1.1102230246251565e-16,1,stabilizer matrix,Semi-Perfect Quantum Code,0.9743589743589743,0.0,0.9795918367346939,True,True,0.0,0.0
7,79,74,3,3,3,"[[79,74,3]]_7",5,"{74: 1, 76: 2, 77: 1, 78: 1}",76.2,78,24906019354431368039675807518798962143528579787613381939513614596756802986183221009756630509243373141615214401618925243618773589557248,0.9990324993326075,0.9645569620253165,0.9873417721518988,0.9988063767769055,0.999554297799426,0.000521798466818435,-0.0002261225557019797,1,stabilizer matrix,Semi-Perfect Quantum Code,0.9367088607594937,-0.0007479210225204147,0.9795918367346939,True,False,0.022784810126582244,-0.0007479210225204147
7,79,77,2,2,2,"[[79,77,2]]_7",2,{79: 2},79.0,79,6577452987993503676727811587116114709018404846742553795182837732533948992876943971716790642057306604351412625138694172098570812915712,0.9947018912428341,1.0,1.0,0.9947018912428343,0.9947018912428343,1.1102230246251565e-16,1.1102230246251565e-16,1,stabilizer matrix,Semi-Perfect Quantum Code,0.9746835443037974,0.0,0.9795918367346939,True,True,0.0,0.0
7,80,75,3,3,3,"[[80,75,3]]_7",5,"{75: 1, 76: 1, 78: 2, 79: 1}",77.2,79,1083063329937196198030307093395341910361296020863355159324659551112665497539205998813528324269318615310371069077916002788666141722017792,0.9986611571834688,0.9650000000000001,0.9875,0.9988702346948651,0.9995343003177032,0.0008731431342343665,0.00020907751139631614,1,stabilizer matrix,Semi-Perfect Quantum Code,0.9375,-0.0006640656228380504,0.9795918367346939,True,False,0.022499999999999964,-0.0006640656228380504
7,80,78,2,2,2,"[[80,78,2]]_7",2,{80: 2},80.0,80,315717743423688176482934956181573506032883432643642582168776211161629551658093310642405950818750717008867806006657320260731399019954176,0.9947018912428343,1.0,1.0,0.9947018912428343,0.9947018912428343,0.0,0.0,1,stabilizer matrix,Semi-Perfect Quantum Code,0.975,0.0,0.9795918367346939,True,True,0.0,0.0
7,81,76,3,3,3,"[[81,76,3]]_7",5,"{76: 1, 78: 2, 79: 1, 80: 1}",78.2,80,60099350567498622414736123586613990893920630251949663638145088453597837108822604576274441818261020963973884114569153048555608159522127872,0.9990722626306706,0.9654320987654321,0.9876543209876543,0.9989310775786039,0.9995142946289683,0.00044203199829773165,-0.00014118505206672793,1,stabilizer matrix,Semi-Perfect Quantum Code,0.9382716049382716,-0.0005832170503644596,0.9795918367346939,True,False,0.02222222222222219,-0.0005832170503644596
7,81,79,2,2,2,"[[81,79,2]]_7",2,{81: 2},81.0,81,15154451684337032471180877896715528289578404766894843944101258135758218479588478910835485639300034416425654688319551372515107152957800448,0.9947018912428343,1.0,1.0,0.9947018912428343,0.9947018912428343,0.0,0.0,1,stabilizer matrix,Semi-Perfect Quantum Code,0.9753086419753086,0.0,0.9795918367346939,True,True,0.0,0.0
7,82,77,3,3,3,"[[82,77,3]]_7",5,"{77: 2, 80: 2, 81: 1}",79.0,81,2369057767672235788419277778962437813857939500567917294232680018638516372388646446530493426719360299667879430148450765617783721780775485440,0.9984018096771338,0.9634146341463414,0.9878048780487805,0.9986349621701546,0.9994942932776422,0.0010924836005083982,0.0002331524930208051,1,stabilizer matrix,Semi-Perfect Quantum Code,0.9390243902439024,-0.0008593311074875931,0.9795918367346939,True,False,0.024390243902439025,-0.0008593311074875931
7,82,80,2,2,2,"[[82,80,2]]_7",2,{82: 2},82.0,82,727413680848177558616682139042345357899763428810952509316860390516394487020246987720103310686401651988431425039338465880725143341974421504,0.9947018912428343,1.0,1.0,0.9947018912428343,0.9947018912428343,0.0,0.0,1,stabilizer matrix,Semi-Perfect Quantum Code,0.975609756097561,0.0,0.9795918367346939,True,True,0.0,0.0
7,83,78,3,3,3,"[[83,78,3]]_7",5,"{78: 1, 80: 2, 81: 1, 82: 1}",80.2,82,144932987715809273690907759770159216375486895721296124160255350138465410546762997909156593987824199168714640677099132263220401045923279405056,0.9991081993043206,0.9662650602409639,0.9879518072289156,0.9990442930919627,0.9994743077609901,0.00036610845666951164,-6.390621235785598e-05,1,stabilizer matrix,Semi-Perfect Quantum Code,0.9397590361445783,-0.0004300146690273676,0.9795918367346939,True,False,0.021686746987951772,-0.0004300146690273676
7,83,81,2,2,2,"[[83,81,2]]_7",2,{83: 2},83.0,83,34915856680712522813600742674032577179188644582925720447209298744786935376971855410564958912947279295444708401888246362274806880414772232192,0.9947018912428344,1.0,1.0,0.9947018912428343,0.9947018912428343,-1.1102230246251565e-16,-1.1102230246251565e-16,1,stabilizer matrix,Semi-Perfect Quantum Code,0.9759036144578314,0.0,0.9795918367346939,True,True,0.0,0.0
7,84,79,3,3,3,"[[84,79,3]]_7",5,"{79: 1, 81: 2, 82: 1, 83: 1}",81.2,83,7115732060791551941068214917793428885389261716332662944059645985514031636878606378545729411565675541390172014953470488170154929320861626269696,0.9991248469892431,0.9666666666666667,0.9880952380952381,0.9990969328946644,0.9994543486125321,0.0003295016232890413,-2.791409457869598e-05,1,stabilizer matrix,Semi-Perfect Quantum Code,0.9404761904761905,-0.0003574157178677373,0.9795918367346939,True,False,0.021428571428571394,-0.0003574157178677373
7,84,82,2,2,2,"[[84,82,2]]_7",2,{84: 2},84.0,84,1675961120674201095052835648353563704601054939980434581466046339749772898094649059707118027821469406181346003290635825389190730259909067145216,0.9947018912428341,1.0,1.0,0.9947018912428343,0.9947018912428343,1.1102230246251565e-16,1.1102230246251565e-16,1,stabilizer matrix,Semi-Perfect Quantum Code,0.9761904761904762,0.0,0.9795918367346939,True,True,0.0,0.0
7,85,80,3,3,3,"[[85,80,3]]_7",5,"{81: 1, 82: 2, 83: 1, 84: 1}",82.4,84,369637459318495655280775350181662817368366775218976717361734502123335543521018047139412568470712697962911810353669647772239496279761481168322560,0.9993116647852978,0.9694117647058824,0.9882352941176471,0.9994214865050002,0.9994344254783245,0.00012276069302674664,0.00010982171970241872,1,stabilizer matrix,Semi-Perfect Quantum Code,0.9411764705882353,-1.2938973324327918e-05,0.9795918367346939,True,False,0.01882352941176464,-1.2938973324327918e-05
7,85,83,2,2,2,"[[85,83,2]]_7",2,{85: 2},85.0,85,80446133792361652562536111120971057820850637119060859910370224307989099108543154865941665335430531496704608157950519618681155052475635222970368,0.9947018912428341,1.0,1.0,0.9947018912428343,0.9947018912428343,1.1102230246251565e-16,1.1102230246251565e-16,1,stabilizer matrix,Semi-Perfect Quantum Code,0.9764705882352941,0.0,0.9795918367346939,True,True,0.0,0.0
7,86,81,3,3,3,"[[86,81,3]]_7",5,"{82: 1, 83: 2, 84: 1, 85: 1}",83.4,85,18161997133944978403028368296170347957923008612552982834040003762397019527234233906425681491610182611493520896259674157632618471524086552490672128,0.9993278660690083,0.9697674418604652,0.9883720930232558,0.9994588751797946,0.9994145471867804,8.668111777210274e-05,0.0001310091107863398,1,stabilizer matrix,Semi-Perfect Quantum Code,0.9418604651162791,4.4327993014237066e-05,0.9795918367346939,True,False,0.01860465116279063,4.4327993014237066e-05
7,86,84,2,2,2,"[[86,84,2]]_7",2,{86: 2},86.0,86,3861414422033359323001733333806610775400830581714921275697770766783476757210071433565199936100665511841821191581624941696695442518830490702577664,0.9947018912428343,1.0,1.0,0.9947018912428343,0.9947018912428343,0.0,0.0,1,stabilizer matrix,Semi-Perfect Quantum Code,0.9767441860465116,0.0,0.9795918367346939,True,True,0.0,0.0
7,87,82,3,3,3,"[[87,82,3]]_7",5,"{82: 1, 84: 2, 85: 1, 86: 1}",84.2,86,841413371707172947909219229144032627555873391463225366625943806746671808426864966458254713174629280453138459214794983822118149107139122604544098304,0.9991699966404244,0.9678160919540231,0.9885057471264368,0.9992404309854737,0.9993947218126281,0.00022472517220373245,7.043434504927504e-05,1,stabilizer matrix,Semi-Perfect Quantum Code,0.9425287356321839,-0.0001542908271544574,0.9795918367346939,True,False,0.02068965517241376,-0.0001542908271544574
7,87,85,2,2,2,"[[87,85,2]]_7",2,{87: 2},87.0,87,185347892257601247504083200022717317219239867922316221233492996805606884346083428811129596932831944568407417195917997201441381240903863553723727872,0.9947018912428341,1.0,1.0,0.9947018912428343,0.9947018912428343,1.1102230246251565e-16,1.1102230246251565e-16,1,stabilizer matrix,Semi-Perfect Quantum Code,0.9770114942528736,0.0,0.9795918367346939,True,True,0.0,0.0
7,88,83,3,3,3,"[[88,83,3]]_7",5,"{83: 1, 85: 2, 86: 1, 87: 1}",85.2,87,41287800806242344551452384415795427048049107260262650093704037728521730901998862743980115482995175708425797741500792522620766924195112192069871861760,0.9991835717845587,0.9681818181818183,0.9886363636363636,0.9992838214558624,0.9993749567355436,0.00019138495098480757,0.0001002496713036205,1,stabilizer matrix,Semi-Perfect Quantum Code,0.9431818181818182,-9.113527968118706e-05,0.9795918367346939,True,False,0.020454545454545423,-9.113527968118706e-05
7,88,86,2,2,2,"[[88,86,2]]_7",2,{88: 2},88.0,88,8896698828364859880195993601090431226523513660271178619207663846669130448612004582934220652775933339283556025404063865669186299563385450578738937856,0.9947018912428341,1.0,1.0,0.9947018912428343,0.9947018912428343,1.1102230246251565e-16,1.1102230246251565e-16,1,stabilizer matrix,Semi-Perfect Quantum Code,0.9772727272727273,0.0,0.9795918367346939,True,True,0.0,0.0
7,89,84,3,3,3,"[[89,84,3]]_7",5,"{84: 1, 86: 2, 87: 1, 88: 1}",86.2,88,2025711403431898970410263159283120951163530304000837904825094783829051866516950842672887185179923532338652410783670749756874590336076173135655001391104,0.9991964661453867,0.9685393258426966,0.9887640449438202,0.9993251586033282,0.9993552586939426,0.0001587925485558861,0.00012869245794144835,1,stabilizer matrix,Semi-Perfect Quantum Code,0.9438202247191011,-3.0100090614437747e-05,0.9795918367346939,True,False,0.020224719101123563,-3.0100090614437747e-05
7,89,87,2,2,2,"[[89,87,2]]_7",2,{89: 2},89.0,89,427041543761513274249407692852340698873128655693016573721967864640118261533376219980842591333244800285610689219395065552120942379042501627779469017088,0.9947018912428343,1.0,1.0,0.9947018912428343,0.9947018912428343,0.0,0.0,1,stabilizer matrix,Semi-Perfect Quantum Code,0.9775280898876404,0.0,0.9795918367346939,True,True,0.0,0.0
7,90,85,3,3,3,"[[90,85,3]]_7",5,"{86: 1, 87: 2, 88: 1, 89: 1}",87.4,89,105706335645595872467952140064955984174920999199363421369864745673820679732928421795990355206753801406635210374182730227695288639816260247897784629329920,0.9993850405511855,0.9711111111111111,0.9888888888888889,0.9995900073100096,0.9993356338343679,-4.9406716817634866e-05,0.00020496675882408777,1,stabilizer matrix,Semi-Perfect Quantum Code,0.9444444444444444,0.00025437347564172264,0.9795918367346939,True,False,0.017777777777777715,0.00025437347564172264
7,90,88,2,2,2,"[[90,88,2]]_7",2,{90: 2},90.0,90,20497994100552637163971569256912353545910175473264795538654457502725676553602058559080444383995750413709313082530963146501805234194040078133414512820224,0.9947018912428343,1.0,1.0,0.9947018912428343,0.9947018912428343,0.0,0.0,1,stabilizer matrix,Semi-Perfect Quantum Code,0.9777777777777777,0.0,0.9795918367346939,True,True,0.0,0.0
7,91,86,3,3,3,"[[91,86,3]]_7",5,"{88: 3, 89: 1, 90: 1}",88.6,90,4694868042017591842518347587237830372117496870148043397963457080861920159906592326455634646455735006539986066609953138488420632956294572739455746157051904,0.9991143501555803,0.9736263736263736,0.989010989010989,0.9997904028266003,0.9993160877568621,0.00020173760128183726,0.0006760526710199999,1,stabilizer matrix,Semi-Perfect Quantum Code,0.945054945054945,0.0004743150697381626,0.9795918367346939,True,False,0.015384615384615448,0.0004743150697381626
7,91,89,2,2,2,"[[91,89,2]]_7",2,{91: 2},91.0,91,983903716826526583870635324331792970203688422716710185855413960130832474572898810835861330431796019858047027961486231032086651241313923750403896615370752,0.9947018912428341,1.0,1.0,0.9947018912428343,0.9947018912428343,1.1102230246251565e-16,1.1102230246251565e-16,1,stabilizer matrix,Semi-Perfect Quantum Code,0.978021978021978,0.0,0.9795918367346939,True,True,0.0,0.0
7,92,87,3,3,3,"[[92,87,3]]_7",5,"{87: 1, 89: 1, 90: 2, 91: 1}",89.4,91,239066499340606887386192036866523782583113989050471631419586170870965241866614834507728003223714611019123977799696037744122801158278018240196184000643989504,0.9992313688268257,0.9717391304347827,0.9891304347826086,0.9996456707058194,0.9992966255566852,6.525672985946418e-05,0.00041430187899371695,1,stabilizer matrix,Semi-Perfect Quantum Code,0.9456521739130435,0.0003490451491342528,0.9795918367346939,True,False,0.017391304347826025,0.0003490451491342528
7,92,90,2,2,2,"[[92,90,2]]_7",2,{92: 2},92.0,92,47227378407673276025790495567926062569777044290402088921059870086279958779499142920121343860726208953186257342151339089540159259583068340019387037537796096,0.9947018912428341,1.0,1.0,0.9947018912428343,0.9947018912428343,1.1102230246251565e-16,1.1102230246251565e-16,1,stabilizer matrix,Semi-Perfect Quantum Code,0.9782608695652174,0.0,0.9795918367346939,True,True,0.0,0.0
7,93,88,3,3,3,"[[93,88,3]]_7",5,"{88: 1, 90: 2, 91: 1, 92: 1}",90.2,92,11723601847524527470506040740409482525624914656445479183379453905306547622279737582681704048498216120949490547349655387864222028726321607895201687004633890816,0.9992418365048621,0.9698924731182796,0.989247311827957,0.999471755696822,0.9992772518626923,3.541535783024852e-05,0.00022991919195991528,1,stabilizer matrix,Semi-Perfect Quantum Code,0.946236559139785,0.00019450383412966676,0.9795918367346939,True,False,0.01935483870967739,0.00019450383412966676
7,93,91,2,2,2,"[[93,91,2]]_7",2,{93: 2},93.0,93,2266914163568317249237943787260451003349298125939300268210873764141438021415958860165824505314858029752940352423264276297927644459987280320930577801814212608,0.9947018912428343,1.0,1.0,0.9947018912428343,0.9947018912428343,0.0,0.0,1,stabilizer matrix,Semi-Perfect Quantum Code,0.978494623655914,0.0,0.9795918367346939,True,True,0.0,0.0
7,94,89,3,3,3,"[[94,89,3]]_7",5,"{89: 1, 91: 2, 92: 1, 93: 1}",91.2,93,574847937279017653189515587702314375349290180122241631261048799901584477075897796450860484027270364147889441269334025977182908368172064439206827106206419517440,0.9992517641053243,0.9702127659574469,0.9893617021276596,0.9995041228805587,0.9992579708726661,6.2067673417542935e-06,0.00025235877523432926,1,stabilizer matrix,Semi-Perfect Quantum Code,0.9468085106382979,0.00024615200789257496,0.9795918367346939,True,False,0.019148936170212735,0.00024615200789257496
7,94,92,2,2,2,"[[94,92,2]]_7",2,{94: 2},94.0,94,108811879851279227963421301788501648160766310045086412874121940678789025027966025287959576255113185428141136916316685262300526934079389455404667734487082205184,0.9947018912428343,1.0,1.0,0.9947018912428343,0.9947018912428343,0.0,0.0,1,stabilizer matrix,Semi-Perfect Quantum Code,0.9787234042553191,0.0,0.9795918367346939,True,True,0.0,0.0
7,95,90,3,3,3,"[[95,90,3]]_7",5,"{90: 1, 92: 2, 93: 1, 94: 1}",92.2,94,28183542325147117659581434948050002357784631066360222936550161468740288251885237172666675081308361003540344805769171531945685764872694838014032509577103247671296,0.9992611755683959,0.9705263157894737,0.9894736842105263,0.9995349251951838,0.9992387863858615,-2.238918253438804e-05,0.0002737496267879447,1,stabilizer matrix,Semi-Perfect Quantum Code,0.9473684210526315,0.0002961388093223327,0.9795918367346939,True,False,0.0189473684210526,0.0002961388093223327
7,95,93,2,2,2,"[[95,93,2]]_7",2,{95: 2},95.0,95,5222970232861402942244222485848079111716782882164147817957853152581873201342369213822059660245432900550774571983200892590425292835810693859424051255379945848832,0.994701891242834,1.0,1.0,0.9947018912428343,0.9947018912428343,2.220446049250313e-16,2.220446049250313e-16,1,stabilizer matrix,Semi-Perfect Quantum Code,0.9789473684210527,0.0,0.9795918367346939,True,True,0.0,0.0
7,96,91,3,3,3,"[[96,91,3]]_7",5,"{91: 1, 93: 2, 94: 1, 95: 1}",93.2,95,1381624203924311618349973984405873620441933590913754702821597813209196898505376961359561481882702846849046598255155044202943183296102576858815362548668089583534080,0.999270093624162,0.9708333333333333,0.9895833333333334,0.9995642301288864,0.9992197018330045,-5.0391791157511356e-05,0.0002941365047244293,1,stabilizer matrix,Semi-Perfect Quantum Code,0.9479166666666666,0.00034452829588194067,0.9795918367346939,True,False,0.01874999999999997,0.00034452829588194067
7,96,94,2,2,2,"[[96,94,2]]_7",2,{96: 2},96.0,96,250702571177347341227722679320707797362405578343879095261976951323929913664433722263458863691780779226437179455193642844340414056118913305252354460258237400743936,0.9947018912428341,1.0,1.0,0.9947018912428343,0.9947018912428343,1.1102230246251565e-16,1.1102230246251565e-16,1,stabilizer matrix,Semi-Perfect Quantum Code,0.9791666666666666,0.0,0.9795918367346939,True,True,0.0,0.0
7,97,92,3,3,3,"[[97,92,3]]_7",5,{94: 5},94.0,94,16043223565272609370926836735696683004823384753047540714160538933680653850123310768456759923053888059525129226941732075073589691160665181304864210772775400332328960,0.9954636622510719,0.9690721649484536,0.9690721649484536,0.9993847646767788,0.9993847646767788,0.003921102425706979,0.003921102425706979,1,stabilizer matrix,Semi-Perfect Quantum Code,0.9484536082474226,0.0,0.9795918367346939,False,True,0.0,0.0
7,97,95,2,2,2,"[[97,95,2]]_7",2,{97: 2},97.0,97,12033723416512672378930688607393974273395467760506196572574893663548635855892818668646025457205477402868984613849294856528339874693707838652113014092395395235708928,0.9947018912428341,1.0,1.0,0.9947018912428343,0.9947018912428343,1.1102230246251565e-16,1.1102230246251565e-16,1,stabilizer matrix,Semi-Perfect Quantum Code,0.979381443298969,0.0,0.9795918367346939,True,True,0.0,0.0
7,98,93,3,3,3,"[[98,93,3]]_7",5,"{93: 1, 95: 2, 96: 1, 97: 1}",95.2,97,3319235195623223495316002745719772500899063093169821523182265833283275054192726968973326785446164792424446901281651574042087608812634576056619069452940843288348327936,0.9992865348022122,0.9714285714285714,0.9897959183673469,0.9996186011844318,0.9991818445732547,-0.00010469022895753799,0.00033206638221960905,1,stabilizer matrix,Semi-Perfect Quantum Code,0.9489795918367347,0.00043675661117714704,0.9795918367346939,True,False,0.01836734693877548,0.00043675661117714704
7,98,96,2,2,2,"[[98,96,2]]_7",2,{98: 2},98.0,98,577618723992608274188673053154910765122982452504297435483594895850334521082855296095009221945862915337711261464766153113360313985297976255301424676434978971314028544,0.9947018912428341,1.0,1.0,0.9947018912428343,0.9947018912428343,1.1102230246251565e-16,1.1102230246251565e-16,1,stabilizer matrix,Semi-Perfect Quantum Code,0.9795918367346939,0.0,0.9795918367346939,True,True,0.0,0.0
7,99,94,3,3,3,"[[99,94,3]]_7",5,"{94: 1, 96: 2, 97: 1, 98: 1}",96.2,98,162664861306880688784935085726064493181552453405503459899621804125993118335186320632087416015409764038313944595151880423351795780153910487042757447712190605219011231744,0.9992940979458624,0.9717171717171718,0.98989898989899,0.999643786234322,0.9991630771236623,-0.00013102082220017852,0.0003496882884596042,1,stabilizer matrix,Semi-Perfect Quantum Code,0.9494949494949495,0.0004807091106597827,0.9795918367346939,True,False,0.018181818181818153,0.0004807091106597827
7,99,97,2,2,2,"[[99,97,2]]_7",2,{99: 2},99.0,99,27725698751645197161056306551435716725903157720206276903212555000816057011977054212560442653401419936210140550308775349441295071294302860254468384468878990623073370112,0.9947018912428343,1.0,1.0,0.9947018912428343,0.9947018912428343,0.0,0.0,1,stabilizer matrix,Semi-Perfect Quantum Code,0.9797979797979798,0.0,0.9795918367346939,True,True,0.0,0.0
7,100,95,3,3,3,"[[100,95,3]]_7",5,"{96: 1, 97: 2, 98: 1, 99: 1}",97.4,99,8560696825042923625118331479295328032669524862732229287069056110891753074164527038228933713182092206608785740350092663318194359201832711824623728592407487331658052403200,0.999484681765689,0.9740000000000001,0.99,0.9998149055749206,0.9991444201679652,-0.00034026159772382325,0.0003302238092315335,1,stabilizer matrix,Semi-Perfect Quantum Code,0.95,0.0006704854069553567,0.9795918367346939,True,False,0.015999999999999945,0.0006704854069553567
7,100,98,2,2,2,"[[100,98,2]]_7",2,{100: 2},100.0,100,1330833540078969463730702714468914402843351570569901291354202640039170736574898602202901247363268156938086746414821216773182163422126537292214482454506191549907521765376,0.9947018912428341,1.0,1.0,0.9947018912428343,0.9947018912428343,1.1102230246251565e-16,1.1102230246251565e-16,1,stabilizer matrix,Semi-Perfect Quantum Code,0.98,0.0,0.9795918367346939,True,True,0.0,0.0
8,2,0,2,2,2,"[[2,0,2]]_8",6,{2: 6},2.0,2,3969,0.9962133205833195,1.0,1.0,0.9962133205833195,0.9962133205833195,0.0,0.0,1,stabilizer matrix,Semi-Perfect Quantum Code,0.0,0.0,0.984375,True,True,0.0,0.0
8,3,1,2,2,2,"[[3,1,2]]_8",6,{3: 6},3.0,3,250047,0.9962133205833196,1.0,1.0,0.9962133205833195,0.9962133205833195,-1.1102230246251565e-16,-1.1102230246251565e-16,1,stabilizer matrix,Semi-Perfect Quantum Code,0.3333333333333333,0.0,0.984375,True,True,0.0,0.0
8,4,0,3,3,3,"[[4,0,3]]_8",12,{3: 12},3.0,3,1000188,0.830493323770823,0.75,0.75,0.8823730111806785,0.8823730111806785,0.05187968740985549,0.05187968740985549,1,stabilizer matrix,Semi-Perfect Quantum Code,0.0,0.0,0.984375,False,True,0.0,0.0
8,4,2,2,2,2,"[[4,2,2]]_8",6,{4: 6},4.0,4,15752961,0.9962133205833195,1.0,1.0,0.9962133205833195,0.9962133205833195,0.0,0.0,1,stabilizer matrix,Semi-Perfect Quantum Code,0.5,0.0,0.984375,True,True,0.0,0.0
8,5,1,3,3,3,"[[5,1,3]]_8",12,{4: 12},4.0,4,78764805,0.8743682596295675,0.8,0.8,0.9172920056145494,0.9172920056145494,0.04292374598498183,0.04292374598498183,1,stabilizer matrix,Semi-Perfect Quantum Code,0.2,0.0,0.984375,False,True,0.0,0.0
8,5,3,2,2,2,"[[5,3,2]]_8",6,{5: 6},5.0,5,992436543,0.9962133205833195,1.0,1.0,0.9962133205833195,0.9962133205833195,0.0,0.0,1,stabilizer matrix,Semi-Perfect Quantum Code,0.6,0.0,0.984375,True,True,0.0,0.0
8,6,0,4,4,4,"[[6,0,4]]_8",18,{4: 18},4.0,4,236294415,0.7726669524891163,0.6666666666666666,0.6666666666666666,0.8171915193979612,0.8171915193979612,0.044524566908844876,0.044524566908844876,1,stabilizer matrix,Semi-Perfect Quantum Code,0.0,0.0,0.984375,False,True,0.0,0.0
8,6,2,3,3,3,"[[6,2,3]]_8",12,{5: 12},5.0,5,5954619258,0.9019822810616873,0.8333333333333334,0.8333333333333334,0.9385148374274919,0.9385148374274919,0.03653255636580455,0.03653255636580455,1,stabilizer matrix,Semi-Perfect Quantum Code,0.3333333333333333,0.0,0.984375,False,True,0.0,0.0
8,6,4,2,2,2,"[[6,4,2]]_8",6,{6: 6},6.0,6,62523502209,0.9962133205833196,1.0,1.0,0.9962133205833195,0.9962133205833195,-1.1102230246251565e-16,-1.1102230246251565e-16,1,stabilizer matrix,Semi-Perfect Quantum Code,0.6666666666666666,0.0,0.984375,True,True,0.0,0.0
8,7,1,4,4,4,"[[7,1,4]]_8",18,{5: 18},5.0,5,20841167403,0.8161599295304368,0.7142857142857143,0.7142857142857143,0.8554343713682381,0.8554343713682381,0.039274441837801266,0.039274441837801266,1,stabilizer matrix,Semi-Perfect Quantum Code,0.14285714285714285,0.0,0.984375,False,True,0.0,0.0
8,7,3,3,3,3,"[[7,3,3]]_8",12,{6: 12},6.0,6,437664515463,0.920738915787074,0.8571428571428571,0.8571428571428571,0.9525092616922808,0.9525092616922808,0.031770345905206776,0.031770345905206776,1,stabilizer matrix,Semi-Perfect Quantum Code,0.42857142857142855,0.0,0.984375,False,True,0.0,0.0
8,7,5,2,2,2,"[[7,5,2]]_8",6,{7: 6},7.0,7,3938980639167,0.9962133205833195,1.0,1.0,0.9962133205833195,0.9962133205833195,0.0,0.0,1,stabilizer matrix,Semi-Perfect Quantum Code,0.7142857142857143,0.0,0.984375,True,True,0.0,0.0
8,8,0,5,5,5,"[[8,0,5]]_8",24,{5: 24},5.0,5,55576446408,0.7436198862407748,0.625,0.625,0.7817056591854021,0.7817056591854021,0.03808577294462734,0.03808577294462734,1,stabilizer matrix,Semi-Perfect Quantum Code,0.0,0.0,0.984375,False,True,0.0,0.0
8,8,2,4,4,4,"[[8,2,4]]_8",18,{6: 18},6.0,6,1750658061852,0.8473132179803564,0.75,0.75,0.8823730111806785,0.8823730111806785,0.03505979320032204,0.03505979320032204,1,stabilizer matrix,Semi-Perfect Quantum Code,0.25,0.0,0.984375,False,True,0.0,0.0
8,8,4,3,3,3,"[[8,4,3]]_8",12,{7: 12},7.0,7,31511845113336,0.9341866555104046,0.875,0.875,0.962280729377004,0.962280729377004,0.028094073866599456,0.028094073866599456,1,stabilizer matrix,Semi-Perfect Quantum Code,0.5,0.0,0.984375,False,True,0.0,0.0
8,8,6,2,2,2,"[[8,6,2]]_8",6,{8: 6},8.0,8,248155780267521,0.9962133205833195,1.0,1.0,0.9962133205833195,0.9962133205833195,0.0,0.0,1,stabilizer matrix,Semi-Perfect Quantum Code,0.75,0.0,0.984375,True,True,0.0,0.0
8,9,1,5,5,5,"[[9,1,5]]_8",24,{6: 24},6.0,6,5251974185556,0.7825184622921901,0.6666666666666666,0.6666666666666666,0.8171915193979612,0.8171915193979612,0.034673057105771066,0.034673057105771066,1,stabilizer matrix,Semi-Perfect Quantum Code,0.1111111111111111,0.0,0.984375,False,True,0.0,0.0
8,9,3,4,4,4,"[[9,3,4]]_8",18,{7: 18},7.0,7,141803303010012,0.8705719345544766,0.7777777777777778,0.7777777777777778,0.9022000004273518,0.9022000004273518,0.031628065872875255,0.031628065872875255,1,stabilizer matrix,Semi-Perfect Quantum Code,0.3333333333333333,0.0,0.984375,False,True,0.0,0.0
8,9,5,3,3,3,"[[9,5,3]]_8",12,{8: 12},8.0,8,2233402022407689,0.9442252664711418,0.8888888888888888,0.8888888888888888,0.9693993407588916,0.9693993407588916,0.02517407428774976,0.02517407428774976,1,stabilizer matrix,Semi-Perfect Quantum Code,0.5555555555555556,0.0,0.984375,False,True,0.0,0.0
8,9,7,2,2,2,"[[9,7,2]]_8",6,{9: 6},9.0,9,15633814156853823,0.9962133205833197,1.0,1.0,0.9962133205833195,0.9962133205833195,-2.220446049250313e-16,-2.220446049250313e-16,1,stabilizer matrix,Semi-Perfect Quantum Code,0.7777777777777778,0.0,0.984375,True,True,0.0,0.0
8,10,0,6,6,6,"[[10,0,6]]_8",30,{6: 30},6.0,6,13129935463890,0.7262987509777604,0.6,0.6,0.7595530914257698,0.7595530914257698,0.033254340448009345,0.033254340448009345,1,stabilizer matrix,Semi-Perfect Quantum Code,0.0,0.0,0.984375,False,True,0.0,0.0
8,10,2,5,5,5,"[[10,2,5]]_8",24,{7: 24},7.0,7,472677676700040,0.8124641676684656,0.7,0.7,0.8442311409467723,0.8442311409467723,0.03176697327830669,0.03176697327830669,1,stabilizer matrix,Semi-Perfect Quantum Code,0.2,0.0,0.984375,False,True,0.0,0.0
8,10,4,4,4,4,"[[10,4,4]]_8",18,{8: 18},8.0,8,11167010112038445,0.8885015414054834,0.8,0.8,0.9172920056145494,0.9172920056145494,0.028790464209065947,0.028790464209065947,1,stabilizer matrix,Semi-Perfect Quantum Code,0.4,0.0,0.984375,False,True,0.0,0.0
8,10,6,3,3,3,"[[10,6,3]]_8",12,{9: 12},9.0,9,156338141568538230,0.9519574567731103,0.9,0.9,0.9747579207898678,0.9747579207898678,0.022800464016757505,0.022800464016757505,1,stabilizer matrix,Semi-Perfect Quantum Code,0.6,0.0,0.984375,False,True,0.0,0.0
8,10,8,2,2,2,"[[10,8,2]]_8",6,{10: 6},10.0,10,984930291881790849,0.9962133205833195,1.0,1.0,0.9962133205833195,0.9962133205833195,0.0,0.0,1,stabilizer matrix,Semi-Perfect Quantum Code,0.8,0.0,0.984375,True,True,0.0,0.0
8,11,1,6,6,6,"[[11,1,6]]_8",30,{7: 30},7.0,7,1299863610925110,0.7607163890718975,0.6363636363636364,0.6363636363636364,0.7915639820470676,0.7915639820470676,0.030847592975170035,0.030847592975170035,1,stabilizer matrix,Semi-Perfect Quantum Code,0.09090909090909091,0.0,0.984375,False,True,0.0,0.0
8,11,3,5,5,5,"[[11,3,5]]_8",24,{8: 24},8.0,8,40945703744140965,0.8361297212461387,0.7272727272727273,0.7272727272727273,0.8654106013764566,0.8654106013764566,0.029280880130317932,0.029280880130317932,1,stabilizer matrix,Semi-Perfect Quantum Code,0.2727272727272727,0.0,0.984375,False,True,0.0,0.0
8,11,5,4,4,4,"[[11,5,4]]_8",18,{9: 18},9.0,9,859859778626960265,0.902679985227635,0.8181818181818182,0.8181818181818182,0.9290900318716472,0.9290900318716472,0.026410046644012142,0.026410046644012142,1,stabilizer matrix,Semi-Perfect Quantum Code,0.45454545454545453,0.0,0.984375,False,True,0.0,0.0
8,11,7,3,3,3,"[[11,7,3]]_8",12,{10: 12},10.0,10,10834233210699699339,0.9580641038429768,0.9090909090909091,0.9090909090909091,0.9788979710778154,0.9788979710778154,0.0208338672348386,0.0208338672348386,1,stabilizer matrix,Semi-Perfect Quantum Code,0.6363636363636364,0.0,0.984375,False,True,0.0,0.0
8,11,9,2,2,2,"[[11,9,2]]_8",6,{11: 6},11.0,11,62050608388552823487,0.9962133205833195,1.0,1.0,0.9962133205833195,0.9962133205833195,0.0,0.0,1,stabilizer matrix,Semi-Perfect Quantum Code,0.8181818181818182,0.0,0.984375,True,True,0.0,0.0
8,12,0,7,7,7,"[[12,0,7]]_8",36,{7: 36},7.0,7,3119672666220264,0.7148655011747087,0.5833333333333334,0.5833333333333334,0.7444358964487952,0.7444358964487952,0.029570395274086447,0.029570395274086447,1,stabilizer matrix,Semi-Perfect Quantum Code,0.0,0.0,0.984375,False,True,0.0,0.0
8,12,2,6,6,6,"[[12,2,6]]_8",30,{8: 30},8.0,8,122837111232422895,0.7884656125411987,0.6666666666666666,0.6666666666666666,0.8171915193979612,0.8171915193979612,0.028725906856762462,0.028725906856762462,1,stabilizer matrix,Semi-Perfect Quantum Code,0.16666666666666666,0.0,0.984375,False,True,0.0,0.0
8,12,4,5,5,5,"[[12,4,5]]_8",24,{9: 24},9.0,9,3439439114507841060,0.8552344309031099,0.75,0.75,0.8823730111806785,0.8823730111806785,0.027138580277568547,0.027138580277568547,1,stabilizer matrix,Semi-Perfect Quantum Code,0.3333333333333333,0.0,0.984375,False,True,0.0,0.0
8,12,6,4,4,4,"[[12,6,4]]_8",18,{10: 18},10.0,10,65005399264198196034,0.9141276854771894,0.8333333333333334,0.8333333333333334,0.9385148374274919,0.9385148374274919,0.0243871519503025,0.0243871519503025,1,stabilizer matrix,Semi-Perfect Quantum Code,0.5,0.0,0.984375,False,True,0.0,0.0
8,12,8,3,3,3,"[[12,8,3]]_8",12,{11: 12},11.0,11,744607300662633881844,0.9629866897113923,0.9166666666666666,0.9166666666666666,0.9821650189186485,0.9821650189186485,0.01917832920725615,0.01917832920725615,1,stabilizer matrix,Semi-Perfect Quantum Code,0.6666666666666666,0.0,0.984375,False,True,0.0,0.0
8,12,10,2,2,2,"[[12,10,2]]_8",6,{12: 6},12.0,12,3909188328478827879681,0.9962133205833196,1.0,1.0,0.9962133205833195,0.9962133205833195,-1.1102230246251565e-16,-1.1102230246251565e-16,1,stabilizer matrix,Semi-Perfect Quantum Code,0.8333333333333334,0.0,0.984375,True,True,0.0,0.0
8,13,1,7,7,7,"[[13,1,7]]_8",36,{8: 36},8.0,8,319376489204299527,0.7454876375156415,0.6153846153846154,0.6153846153846154,0.7732604519153425,0.7732604519153425,0.02777281439970103,0.02777281439970103,1,stabilizer matrix,Semi-Perfect Quantum Code,0.07692307692307693,0.0,0.984375,False,True,0.0,0.0
8,13,5,5,5,5,"[[13,5,5]]_8",24,{10: 24},10.0,10,281690063478192182814,0.8709316739971481,0.7692307692307693,0.7692307692307693,0.8962095784589267,0.8962095784589267,0.025277904461778578,0.025277904461778578,1,stabilizer matrix,Semi-Perfect Quantum Code,0.38461538461538464,0.0,0.984375,False,True,0.0,0.0
8,13,7,4,4,4,"[[13,7,4]]_8",18,{11: 18},11.0,11,4839947454307120231986,0.9235318125302735,0.8461538461538461,0.8461538461538461,0.9461800985810642,0.9461800985810642,0.022648286050790722,0.022648286050790722,1,stabilizer matrix,Semi-Perfect Quantum Code,0.5384615384615384,0.0,0.984375,False,True,0.0,0.0
8,13,9,3,3,3,"[[13,9,3]]_8",12,{12: 12},12.0,12,50819448270224762435853,0.9670230615402576,0.9230769230769231,0.9230769230769231,0.9847887872971709,0.9847887872971709,0.017765725756913264,0.017765725756913264,1,stabilizer matrix,Semi-Perfect Quantum Code,0.6923076923076923,0.0,0.984375,False,True,0.0,0.0
8,13,11,2,2,2,"[[13,11,2]]_8",6,{13: 6},13.0,13,246278864694166156419903,0.9962133205833195,1.0,1.0,0.9962133205833195,0.9962133205833195,0.0,0.0,1,stabilizer matrix,Semi-Perfect Quantum Code,0.8461538461538461,0.0,0.984375,True,True,0.0,0.0
8,14,0,8,8,8,"[[14,0,8]]_8",42,{8: 42},8.0,8,745211808143365563,0.7067908112804344,0.5714285714285714,0.5714285714285714,0.7334694439580817,0.7334694439580817,0.02667863267764725,0.02667863267764725,1,stabilizer matrix,Semi-Perfect Quantum Code,0.0,0.0,0.984375,False,True,0.0,0.0
8,14,4,6,6,6,"[[14,4,6]]_8",30,{10: 30},10.0,10,985915222173672639849,0.8302383987361329,0.7142857142857143,0.7142857142857143,0.8554343713682381,0.8554343713682381,0.025195972632105157,0.025195972632105157,1,stabilizer matrix,Semi-Perfect Quantum Code,0.2857142857142857,0.0,0.984375,False,True,0.0,0.0
8,14,6,5,5,5,"[[14,6,5]]_8",24,{11: 24},11.0,11,22586421453433227749268,0.8840223071273546,0.7857142857142857,0.7857142857142857,0.9076715804777595,0.9076715804777595,0.023649273350404898,0.023649273350404898,1,stabilizer matrix,Semi-Perfect Quantum Code,0.42857142857142855,0.0,0.984375,False,True,0.0,0.0
8,14,8,4,4,4,"[[14,8,4]]_8",18,{12: 18},12.0,12,355736137891573337050971,0.9313708776452106,0.8571428571428571,0.8571428571428571,0.9525092616922808,0.9525092616922808,0.021138384047070136,0.021138384047070136,1,stabilizer matrix,Semi-Perfect Quantum Code,0.5714285714285714,0.0,0.984375,False,True,0.0,0.0
8,14,10,3,3,3,"[[14,10,3]]_8",12,{13: 12},13.0,13,3447904105718326189878642,0.9703808800899587,0.9285714285714286,0.9285714285714286,0.9869272806960855,0.9869272806960855,0.016546400606126777,0.016546400606126777,1,stabilizer matrix,Semi-Perfect Quantum Code,0.7142857142857143,0.0,0.984375,False,True,0.0,0.0
8,14,12,2,2,2,"[[14,12,2]]_8",6,{14: 6},14.0,14,15515568475732467854453889,0.9962133205833195,1.0,1.0,0.9962133205833195,0.9962133205833195,0.0,0.0,1,stabilizer matrix,Semi-Perfect Quantum Code,0.8571428571428571,0.0,0.984375,True,True,0.0,0.0
8,15,7,5,5,5,"[[15,7,5]]_8",24,{12: 24},12.0,12,1778680689457866685254855,0.8950786868565006,0.8,0.8,0.9172920056145494,0.9172920056145494,0.022213318758048772,0.022213318758048772,1,stabilizer matrix,Semi-Perfect Quantum Code,0.4666666666666667,0.0,0.984375,False,True,0.0,0.0
8,15,9,4,4,4,"[[15,9,4]]_8",18,{13: 18},13.0,13,25859280792887446424089815,0.9379876058129449,0.8666666666666667,0.8666666666666667,0.9578031289310277,0.9578031289310277,0.019815523118082767,0.019815523118082767,1,stabilizer matrix,Semi-Perfect Quantum Code,0.6,0.0,0.984375,False,True,0.0,0.0
8,15,11,3,3,3,"[[15,11,3]]_8",12,{14: 12},14.0,14,232733527135987017816808335,0.9732089947178594,0.9333333333333333,0.9333333333333333,0.9886923217146684,0.9886923217146684,0.015483326996808988,0.015483326996808988,1,stabilizer matrix,Semi-Perfect Quantum Code,0.7333333333333333,0.0,0.984375,False,True,0.0,0.0
8,15,13,2,2,2,"[[15,13,2]]_8",6,{15: 6},15.0,15,977480813971145474830595007,0.9962133205833195,1.0,1.0,0.9962133205833195,0.9962133205833195,0.0,0.0,1,stabilizer matrix,Semi-Perfect Quantum Code,0.8666666666666667,0.0,0.984375,True,True,0.0,0.0
8,16,6,6,6,6,"[[16,6,6]]_8",30,{12: 30},12.0,12,7114722757831466741019420,0.8599696022613028,0.75,0.75,0.8823730111806785,0.8823730111806785,0.022403408919375645,0.022403408919375645,1,stabilizer matrix,Semi-Perfect Quantum Code,0.375,0.0,0.984375,False,True,0.0,0.0
8,16,8,5,5,5,"[[16,8,5]]_8",24,{13: 24},13.0,13,137916164228733047595145680,0.9045200210671238,0.8125,0.8125,0.9254586996614713,0.9254586996614713,0.020938678594347504,0.020938678594347504,1,stabilizer matrix,Semi-Perfect Quantum Code,0.5,0.0,0.984375,False,True,0.0,0.0
8,16,10,4,4,4,"[[16,10,4]]_8",18,{14: 18},14.0,14,1861868217087896142534466680,0.9436334325479934,0.875,0.875,0.962280729377004,0.962280729377004,0.018647296829010673,0.018647296829010673,1,stabilizer matrix,Semi-Perfect Quantum Code,0.625,0.0,0.984375,False,True,0.0,0.0
8,16,12,3,3,3,"[[16,12,3]]_8",12,{15: 12},15.0,15,15639693023538327597289520112,0.9756166547135288,0.9375,0.9375,0.9901649991496977,0.9901649991496977,0.014548344436168925,0.014548344436168925,1,stabilizer matrix,Semi-Perfect Quantum Code,0.75,0.0,0.984375,False,True,0.0,0.0
8,16,14,2,2,2,"[[16,14,2]]_8",6,{16: 6},16.0,16,61581291280182164914327485441,0.9962133205833195,1.0,1.0,0.9962133205833195,0.9962133205833195,0.0,0.0,1,stabilizer matrix,Semi-Perfect Quantum Code,0.875,0.0,0.984375,True,True,0.0,0.0
8,17,9,5,5,5,"[[17,9,5]]_8",24,{14: 24},14.0,14,10550586563498078141028644520,0.9126599006385936,0.8235294117647058,0.8235294117647058,0.9324601060714184,0.9324601060714184,0.01980020543282479,0.01980020543282479,1,stabilizer matrix,Semi-Perfect Quantum Code,0.5294117647058824,0.0,0.984375,False,True,0.0,0.0
8,17,11,4,4,4,"[[17,11,4]]_8",18,{15: 18},15.0,15,132937390700075784576960920952,0.9484966832720501,0.8823529411764706,0.8823529411764706,0.9661049825453603,0.9661049825453603,0.0176082992733102,0.0176082992733102,1,stabilizer matrix,Semi-Perfect Quantum Code,0.6470588235294118,0.0,0.984375,False,True,0.0,0.0
8,17,13,3,3,3,"[[17,13,3]]_8",12,{16: 12},16.0,16,1046881951763096803543567252497,0.9776857021298924,0.9411764705882353,0.9411764705882353,0.9914053635024945,0.9914053635024945,0.013719661372602165,0.013719661372602165,1,stabilizer matrix,Semi-Perfect Quantum Code,0.7647058823529411,0.0,0.984375,False,True,0.0,0.0
8,17,15,2,2,2,"[[17,15,2]]_8",6,{17: 6},17.0,17,3879621350651476389602631582783,0.9962133205833196,1.0,1.0,0.9962133205833195,0.9962133205833195,-1.1102230246251565e-16,-1.1102230246251565e-16,1,stabilizer matrix,Semi-Perfect Quantum Code,0.8823529411764706,0.0,0.984375,True,True,0.0,0.0
8,18,8,6,6,6,"[[18,8,6]]_8",30,{14: 30},14.0,14,47477639535741351634628900340,0.8820484709868412,0.7777777777777778,0.7777777777777778,0.9022000004273518,0.9022000004273518,0.020151529440510574,0.020151529440510574,1,stabilizer matrix,Semi-Perfect Quantum Code,0.4444444444444444,0.0,0.984375,False,True,0.0,0.0
8,18,10,5,5,5,"[[18,10,5]]_8",24,{15: 24},15.0,15,797624344200454707461765525712,0.9197372610599098,0.8333333333333334,0.8333333333333334,0.9385148374274919,0.9385148374274919,0.01877757636758204,0.01877757636758204,1,stabilizer matrix,Semi-Perfect Quantum Code,0.5555555555555556,0.0,0.984375,False,True,0.0,0.0
8,18,12,4,4,4,"[[18,12,4]]_8",18,{16: 18},16.0,16,9421937565867871231892105272473,0.9527209872101049,0.8888888888888888,0.8888888888888888,0.9693993407588916,0.9693993407588916,0.016678353548786662,0.016678353548786662,1,stabilizer matrix,Semi-Perfect Quantum Code,0.6666666666666666,0.0,0.984375,False,True,0.0,0.0
8,18,14,3,3,3,"[[18,14,3]]_8",12,{17: 12},17.0,17,69833184311726575012847368490094,0.9794785527864899,0.9444444444444444,0.9444444444444444,0.9924587076315226,0.9924587076315226,0.012980154845032676,0.012980154845032676,1,stabilizer matrix,Semi-Perfect Quantum Code,0.7777777777777778,0.0,0.984375,False,True,0.0,0.0
8,18,16,2,2,2,"[[18,16,2]]_8",6,{18: 6},18.0,18,244416145091043012544965789715329,0.9962133205833197,1.0,1.0,0.9962133205833195,0.9962133205833195,-2.220446049250313e-16,-2.220446049250313e-16,1,stabilizer matrix,Semi-Perfect Quantum Code,0.8888888888888888,0.0,0.984375,True,True,0.0,0.0
8,19,9,6,6,6,"[[19,9,6]]_8",30,{15: 30},15.0,15,3788715634952159860443386247132,0.8910486991922266,0.7894736842105263,0.7894736842105263,0.9102321287175359,0.9102321287175359,0.01918342952530927,0.01918342952530927,1,stabilizer matrix,Semi-Perfect Quantum Code,0.47368421052631576,0.0,0.984375,False,True,0.0,0.0
8,19,11,5,5,5,"[[19,11,5]]_8",24,{16: 24},16.0,16,59672271250496517801983333392329,0.9259371195738046,0.8421052631578947,0.8421052631578947,0.9437913511338888,0.9437913511338888,0.017854231560084144,0.017854231560084144,1,stabilizer matrix,Semi-Perfect Quantum Code,0.5789473684210527,0.0,0.984375,False,True,0.0,0.0
8,19,13,4,4,4,"[[19,13,4]]_8",18,{17: 18},17.0,17,663415250961402462622050000655893,0.9564176422314429,0.8947368421052632,0.8947368421052632,0.972258887312903,0.972258887312903,0.01584124508146012,0.01584124508146012,1,stabilizer matrix,Semi-Perfect Quantum Code,0.6842105263157895,0.0,0.984375,False,True,0.0,0.0
8,19,15,3,3,3,"[[19,15,3]]_8",12,{18: 12},18.0,18,4643906756729817238354350004591251,0.9810435626003692,0.9473684210526315,0.9473684210526315,0.9933597487058333,0.9933597487058333,0.012316186105464144,0.012316186105464144,1,stabilizer matrix,Semi-Perfect Quantum Code,0.7894736842105263,0.0,0.984375,False,True,0.0,0.0
8,19,17,2,2,2,"[[19,17,2]]_8",6,{19: 6},19.0,19,15398217140735709790332844752065727,0.9962133205833194,1.0,1.0,0.9962133205833195,0.9962133205833195,1.1102230246251565e-16,1.1102230246251565e-16,1,stabilizer matrix,Semi-Perfect Quantum Code,0.8947368421052632,0.0,0.984375,True,True,0.0,0.0
8,20,10,6,6,6,"[[20,10,6]]_8",30,{16: 30},16.0,16,298361356252482589009916666961645,0.8989896643858426,0.8,0.8,0.9172920056145494,0.9172920056145494,0.018302341228706775,0.018302341228706775,1,stabilizer matrix,Semi-Perfect Quantum Code,0.5,0.0,0.984375,False,True,0.0,0.0
8,20,12,5,5,5,"[[20,12,5]]_8",24,{17: 24},17.0,17,4422768339742683084147000004372620,0.9314048067379225,0.85,0.85,0.9484213732818882,0.9484213732818882,0.017016566543965772,0.017016566543965772,1,stabilizer matrix,Semi-Perfect Quantum Code,0.6,0.0,0.984375,False,True,0.0,0.0
8,20,14,4,4,4,"[[20,14,4]]_8",18,{18: 18},18.0,18,46439067567298172383543500045912510,0.9596741185944121,0.9,0.9,0.9747579207898678,0.9747579207898678,0.015083802195455687,0.015083802195455687,1,stabilizer matrix,Semi-Perfect Quantum Code,0.7,0.0,0.984375,False,True,0.0,0.0
8,20,16,3,3,3,"[[20,16,3]]_8",12,{19: 12},19.0,19,307964342814714195806656895041314540,0.9824187220115482,0.95,0.95,0.9941354807401461,0.9941354807401461,0.011716758728597898,0.011716758728597898,1,stabilizer matrix,Semi-Perfect Quantum Code,0.8,0.0,0.984375,False,True,0.0,0.0
8,20,18,2,2,2,"[[20,18,2]]_8",6,{20: 6},20.0,20,970087679866349716790969219380140801,0.9962133205833195,1.0,1.0,0.9962133205833195,0.9962133205833195,0.0,0.0,1,stabilizer matrix,Semi-Perfect Quantum Code,0.9,0.0,0.984375,True,True,0.0,0.0
8,21,11,6,6,6,"[[21,11,6]]_8",30,{17: 30},17.0,17,23219533783649086191771750022956255,0.9060388431057893,0.8095238095238095,0.8095238095238095,0.9235361609253713,0.9235361609253713,0.01749731781958197,0.01749731781958197,1,stabilizer matrix,Semi-Perfect Quantum Code,0.5238095238095238,0.0,0.984375,False,True,0.0,0.0
8,21,13,5,5,5,"[[21,13,5]]_8",24,{18: 24},18.0,18,325073472971087206684804500321387570,0.936255945661802,0.8571428571428571,0.8571428571428571,0.9525092616922808,0.9525092616922808,0.01625331603047875,0.01625331603047875,1,stabilizer matrix,Semi-Perfect Quantum Code,0.6190476190476191,0.0,0.984375,False,True,0.0,0.0
8,21,15,4,4,4,"[[21,15,4]]_8",18,{19: 18},19.0,19,3233625599554499055969897397933802670,0.9625600322552741,0.9047619047619048,0.9047619047619048,0.976955251344637,0.976955251344637,0.01439521908936292,0.01439521908936292,1,stabilizer matrix,Semi-Perfect Quantum Code,0.7142857142857143,0.0,0.984375,False,True,0.0,0.0
8,21,17,3,3,3,"[[21,17,3]]_8",12,{20: 12},20.0,20,20371841277193344052610353606982956821,0.9836342531172785,0.9523809523809523,0.9523809523809523,0.9948071623063893,0.9948071623063893,0.011172909189110847,0.011172909189110847,1,stabilizer matrix,Semi-Perfect Quantum Code,0.8095238095238095,0.0,0.984375,False,True,0.0,0.0
8,21,19,2,2,2,"[[21,19,2]]_8",6,{21: 6},21.0,21,61115523831580032157831060820948870463,0.9962133205833196,1.0,1.0,0.9962133205833195,0.9962133205833195,-1.1102230246251565e-16,-1.1102230246251565e-16,1,stabilizer matrix,Semi-Perfect Quantum Code,0.9047619047619048,0.0,0.984375,True,True,0.0,0.0
8,22,12,6,6,6,"[[22,12,6]]_8",30,{18: 30},18.0,18,1787904101340979636766424751767631635,0.9123309149395784,0.8181818181818182,0.8181818181818182,0.9290900318716472,0.9290900318716472,0.016759116932068774,0.016759116932068774,1,stabilizer matrix,Semi-Perfect Quantum Code,0.5454545454545454,0.0,0.984375,False,True,0.0,0.0
8,22,14,5,5,5,"[[22,14,5]]_8",24,{19: 24},19.0,19,23713254396732993077112580918181219580,0.9405835847127324,0.8636363636363636,0.8636363636363636,0.956138665900965,0.956138665900965,0.015555081188232567,0.015555081188232567,1,stabilizer matrix,Semi-Perfect Quantum Code,0.6363636363636364,0.0,0.984375,False,True,0.0,0.0
8,22,16,4,4,4,"[[22,16,4]]_8",18,{20: 18},20.0,20,224090254049126784578713889676812525031,0.9651314205410182,0.9090909090909091,0.9090909090909091,0.9788979710778154,0.9788979710778154,0.013766550536797206,0.013766550536797206,1,stabilizer matrix,Semi-Perfect Quantum Code,0.7272727272727273,0.0,0.984375,False,True,0.0,0.0
8,22,18,3,3,3,"[[22,18,3]]_8",12,{21: 12},21.0,21,1344541524294760707472283338060875150186,0.9847144697889058,0.9545454545454546,0.9545454545454546,0.9953917282209456,0.9953917282209456,0.010677258432039816,0.010677258432039816,1,stabilizer matrix,Semi-Perfect Quantum Code,0.8181818181818182,0.0,0.984375,False,True,0.0,0.0
8,22,20,2,2,2,"[[22,20,2]]_8",6,{22: 6},22.0,22,3850278001389542025943356831719778839169,0.9962133205833195,1.0,1.0,0.9962133205833195,0.9962133205833195,0.0,0.0,1,stabilizer matrix,Semi-Perfect Quantum Code,0.9090909090909091,0.0,0.984375,True,True,0.0,0.0
8,23,13,6,6,6,"[[23,13,6]]_8",30,{19: 30},19.0,19,136351212781214710193397340279542012585,0.9179753270879544,0.8260869565217391,0.8260869565217391,0.9340552230462434,0.9340552230462434,0.01607989595828907,0.01607989595828907,1,stabilizer matrix,Semi-Perfect Quantum Code,0.5652173913043478,0.0,0.984375,False,True,0.0,0.0
8,23,15,5,5,5,"[[23,15,5]]_8",24,{20: 24},20.0,20,1718025281043305348436806487522229358571,0.9444633838170309,0.8695652173913043,0.8695652173913043,0.9593773482565139,0.9593773482565139,0.014913964439483007,0.014913964439483007,1,stabilizer matrix,Semi-Perfect Quantum Code,0.6521739130434783,0.0,0.984375,False,True,0.0,0.0
8,23,17,4,4,4,"[[23,17,4]]_8",18,{21: 18},21.0,21,15462227529389748135931258387700064227139,0.9674338548419751,0.9130434782608695,0.9130434782608695,0.9806241848148954,0.9806241848148954,0.013190329972920356,0.013190329972920356,1,stabilizer matrix,Semi-Perfect Quantum Code,0.7391304347826086,0.0,0.984375,False,True,0.0,0.0
8,23,19,3,3,3,"[[23,19,3]]_8",12,{22: 12},22.0,22,88556394031959466596697207129554913300887,0.9856791324134434,0.9565217391304348,0.9565217391304348,0.9959028093933979,0.9959028093933979,0.010223676979954521,0.010223676979954521,1,stabilizer matrix,Semi-Perfect Quantum Code,0.8260869565217391,0.0,0.984375,False,True,0.0,0.0
8,23,21,2,2,2,"[[23,21,2]]_8",6,{23: 6},23.0,23,242567514087541147634431480398346066867647,0.9962133205833196,1.0,1.0,0.9962133205833195,0.9962133205833195,-1.1102230246251565e-16,-1.1102230246251565e-16,1,stabilizer matrix,Semi-Perfect Quantum Code,0.9130434782608695,0.0,0.984375,True,True,0.0,0.0
8,24,12,7,7,7,"[[24,12,7]]_8",36,{19: 36},19.0,19,654485821349830608928307233341801660408,0.8954418718331354,0.7916666666666666,0.7916666666666666,0.911716356485703,0.911716356485703,0.016274484652567645,0.016274484652567645,1,stabilizer matrix,Semi-Perfect Quantum Code,0.5,0.0,0.984375,False,True,0.0,0.0
8,24,14,6,6,6,"[[24,14,6]]_8",30,{20: 30},20.0,20,10308151686259832090620838925133376151426,0.9230618713018849,0.8333333333333334,0.8333333333333334,0.9385148374274919,0.9385148374274919,0.015452966125606982,0.015452966125606982,1,stabilizer matrix,Semi-Perfect Quantum Code,0.5833333333333334,0.0,0.984375,False,True,0.0,0.0
8,24,16,5,5,5,"[[24,16,5]]_8",24,{21: 24},21.0,21,123697820235117985087450067101600513817112,0.9479574442235595,0.875,0.875,0.962280729377004,0.962280729377004,0.014323285153444498,0.014323285153444498,1,stabilizer matrix,Semi-Perfect Quantum Code,0.6666666666666666,0.0,0.984375,False,True,0.0,0.0
8,24,18,4,4,4,"[[24,18,4]]_8",18,{22: 18},22.0,22,1062676728383513599160366485554658959610644,0.969504741484558,0.9166666666666666,0.9166666666666666,0.9821650189186485,0.9821650189186485,0.012660277434090483,0.012660277434090483,1,stabilizer matrix,Semi-Perfect Quantum Code,0.75,0.0,0.984375,False,True,0.0,0.0
8,24,20,3,3,3,"[[24,20,3]]_8",12,{23: 12},23.0,23,5821620338100987543226355529560305604823528,0.9865444495918004,0.9583333333333334,0.9583333333333334,0.996351481031212,0.996351481031212,0.009807031439411529,0.009807031439411529,1,stabilizer matrix,Semi-Perfect Quantum Code,0.8333333333333334,0.0,0.984375,False,True,0.0,0.0
8,24,22,2,2,2,"[[24,22,2]]_8",6,{24: 6},24.0,24,15281753387515092300969183265095802212661761,0.9962133205833196,1.0,1.0,0.9962133205833195,0.9962133205833195,-1.1102230246251565e-16,-1.1102230246251565e-16,1,stabilizer matrix,Semi-Perfect Quantum Code,0.9166666666666666,0.0,0.984375,True,True,0.0,0.0
8,25,13,7,7,7,"[[25,13,7]]_8",36,{20: 36},20.0,20,51540758431299160453104194625666880757130,0.9016189170823918,0.8,0.8,0.9172920056145494,0.9172920056145494,0.015673088532157542,0.015673088532157542,1,stabilizer matrix,Semi-Perfect Quantum Code,0.52,0.0,0.984375,False,True,0.0,0.0
8,25,15,6,6,6,"[[25,15,6]]_8",30,{21: 30},21.0,21,773111376469487406796562919385003211356950,0.9276648543864486,0.84,0.84,0.9425374483967494,0.9425374483967494,0.014872594010300721,0.014872594010300721,1,stabilizer matrix,Semi-Perfect Quantum Code,0.6,0.0,0.984375,False,True,0.0,0.0
8,25,17,5,5,5,"[[25,17,5]]_8",24,{22: 24},22.0,22,8855639403195946659669720712955491330088700,0.9511171764188661,0.88,0.88,0.9648945329945484,0.9648945329945484,0.013777356575682354,0.013777356575682354,1,stabilizer matrix,Semi-Perfect Quantum Code,0.68,0.0,0.984375,False,True,0.0,0.0
8,25,19,4,4,4,"[[25,19,4]]_8",18,{23: 18},23.0,23,72770254226262344290329444119503820060294100,0.9713750462066265,0.92,0.92,0.983546119970366,0.983546119970366,0.012171073763739493,0.012171073763739493,1,stabilizer matrix,Semi-Perfect Quantum Code,0.76,0.0,0.984375,False,True,0.0,0.0
8,25,21,3,3,3,"[[25,21,3]]_8",12,{24: 12},24.0,24,382043834687877307524229581627395055316544025,0.9873238290251515,0.96,0.96,0.9967468192737224,0.9967468192737224,0.009422990248570962,0.009422990248570962,1,stabilizer matrix,Semi-Perfect Quantum Code,0.84,0.0,0.984375,False,True,0.0,0.0
8,25,23,2,2,2,"[[25,23,2]]_8",6,{25: 6},25.0,25,962750463413450814961058545701035539397690943,0.9962133205833194,1.0,1.0,0.9962133205833195,0.9962133205833195,1.1102230246251565e-16,1.1102230246251565e-16,1,stabilizer matrix,Semi-Perfect Quantum Code,0.92,0.0,0.984375,True,True,0.0,0.0
8,26,14,7,7,7,"[[26,14,7]]_8",36,{21: 36},21.0,21,4020179157641334515342127180802016699056140,0.9072323062898784,0.8076923076923077,0.8076923076923077,0.9223461840536915,0.9223461840536915,0.015113877763813122,0.015113877763813122,1,stabilizer matrix,Semi-Perfect Quantum Code,0.5384615384615384,0.0,0.984375,False,True,0.0,0.0
8,26,16,6,6,6,"[[26,16,6]]_8",30,{22: 30},22.0,22,57561656120773653287853184634210693645576550,0.9318462575703269,0.8461538461538461,0.8461538461538461,0.9461800985810642,0.9461800985810642,0.014333841010737314,0.014333841010737314,1,stabilizer matrix,Semi-Perfect Quantum Code,0.6153846153846154,0.0,0.984375,False,True,0.0,0.0
8,26,18,5,5,5,"[[26,18,5]]_8",24,{23: 24},23.0,23,630675536627606983849521849035699773855882200,0.9539854753103456,0.8846153846153846,0.8846153846153846,0.9672567847480238,0.9672567847480238,0.01327130943767818,0.01327130943767818,1,stabilizer matrix,Semi-Perfect Quantum Code,0.6923076923076923,0.0,0.984375,False,True,0.0,0.0
8,26,20,4,4,4,"[[26,20,4]]_8",18,{24: 18},24.0,24,4966569850942404997814984561156135719115072325,0.9730706030250886,0.9230769230769231,0.9230769230769231,0.9847887872971709,0.9847887872971709,0.011718184272082266,0.011718184272082266,1,stabilizer matrix,Semi-Perfect Quantum Code,0.7692307692307693,0.0,0.984375,False,True,0.0,0.0
8,26,22,3,3,3,"[[26,22,3]]_8",12,{25: 12},25.0,25,25031512048749721188987522188226924024339964518,0.988028447472045,0.9615384615384616,0.9615384615384616,0.9970963206076807,0.9970963206076807,0.009067873135635729,0.009067873135635729,1,stabilizer matrix,Semi-Perfect Quantum Code,0.8461538461538461,0.0,0.984375,False,True,0.0,0.0
8,26,24,2,2,2,"[[26,24,2]]_8",6,{26: 6},26.0,26,60653279195047401342546688379165238982054529409,0.9962133205833195,1.0,1.0,0.9962133205833195,0.9962133205833195,0.0,0.0,1,stabilizer matrix,Semi-Perfect Quantum Code,0.9230769230769231,0.0,0.984375,True,True,0.0,0.0
8,27,15,7,7,7,"[[27,15,7]]_8",36,{22: 36},22.0,22,310832943052177727754407197024737745686113370,0.9123517011620191,0.8148148148148148,0.8148148148148148,0.9269443505614473,0.9269443505614473,0.01459264939942817,0.01459264939942817,1,stabilizer matrix,Semi-Perfect Quantum Code,0.5555555555555556,0.0,0.984375,False,True,0.0,0.0
8,27,17,6,6,6,"[[27,17,6]]_8",30,{23: 30},23.0,23,4257059872236347140984272480990973473527204850,0.9356581583368974,0.8518518518518519,0.8518518518518519,0.9494905914172868,0.9494905914172868,0.013832433080389395,0.013832433080389395,1,stabilizer matrix,Semi-Perfect Quantum Code,0.6296296296296297,0.0,0.984375,False,True,0.0,0.0
8,27,19,5,5,5,"[[27,19,5]]_8",24,{24: 24},24.0,24,44699128658481644980334861050405221472035650925,0.9565983893417045,0.8888888888888888,0.8888888888888888,0.9693993407588916,0.9693993407588916,0.012800951417187068,0.012800951417187068,1,stabilizer matrix,Semi-Perfect Quantum Code,0.7037037037037037,0.0,0.984375,False,True,0.0,0.0
8,27,21,4,4,4,"[[27,21,4]]_8",18,{25: 18},25.0,25,337925412658121236051331549541063474328589520993,0.9746131191839659,0.9259259259259259,0.9259259259259259,0.9859108388984164,0.9859108388984164,0.011297719714450483,0.011297719714450483,1,stabilizer matrix,Semi-Perfect Quantum Code,0.7777777777777778,0.0,0.984375,False,True,0.0,0.0
8,27,23,3,3,3,"[[27,23,3]]_8",12,{26: 12},26.0,26,1637638538266279836248760586237461452515472294043,0.9886676883528477,0.9629629629629629,0.9629629629629629,0.9974062215910068,0.9974062215910068,0.008738533238159096,0.008738533238159096,1,stabilizer matrix,Semi-Perfect Quantum Code,0.8518518518518519,0.0,0.984375,False,True,0.0,0.0
8,27,25,2,2,2,"[[27,25,2]]_8",6,{27: 6},27.0,27,3821156589287986284580441367887410055869435352767,0.9962133205833196,1.0,1.0,0.9962133205833195,0.9962133205833195,-1.1102230246251565e-16,-1.1102230246251565e-16,1,stabilizer matrix,Semi-Perfect Quantum Code,0.9259259259259259,0.0,0.984375,True,True,0.0,0.0
8,28,16,7,7,7,"[[28,16,7]]_8",36,{23: 36},23.0,23,23839535284523543989511925893549451451752347160,0.9170360028437359,0.8214285714285714,0.8214285714285714,0.9311417297283506,0.9311417297283506,0.014105726884614755,0.014105726884614755,1,stabilizer matrix,Semi-Perfect Quantum Code,0.5714285714285714,0.0,0.984375,False,True,0.0,0.0
8,28,18,6,6,6,"[[28,18,6]]_8",30,{24: 30},24.0,24,312893900609371514862344027352836550304249556475,0.939144607115558,0.8571428571428571,0.8571428571428571,0.9525092616922808,0.9525092616922808,0.013364654576722756,0.013364654576722756,1,stabilizer matrix,Semi-Perfect Quantum Code,0.6428571428571429,0.0,0.984375,False,True,0.0,0.0
8,28,20,5,5,5,"[[28,20,5]]_8",24,{25: 24},25.0,25,3153970518142464869812427795716592427066835529268,0.9589864150543984,0.8928571428571429,0.8928571428571429,0.971349069396305,0.971349069396305,0.012362654341906643,0.012362654341906643,1,stabilizer matrix,Semi-Perfect Quantum Code,0.7142857142857143,0.0,0.984375,False,True,0.0,0.0
8,28,22,4,4,4,"[[28,22,4]]_8",18,{26: 18},26.0,26,22926939535727917707482648207324460335216612116602,0.9760209549715412,0.9285714285714286,0.9285714285714286,0.9869272806960855,0.9869272806960855,0.010906325724544308,0.010906325724544308,1,stabilizer matrix,Semi-Perfect Quantum Code,0.7857142857142857,0.0,0.984375,False,True,0.0,0.0
8,28,24,3,3,3,"[[28,24,3]]_8",12,{27: 12},27.0,27,106992384500063615968252358300847481564344189877476,0.98924948128902,0.9642857142857143,0.9642857142857143,0.9976817452005775,0.9976817452005775,0.008432263911557492,0.008432263911557492,1,stabilizer matrix,Semi-Perfect Quantum Code,0.8571428571428571,0.0,0.984375,False,True,0.0,0.0
8,28,26,2,2,2,"[[28,26,2]]_8",6,{28: 6},28.0,28,240732865125143135928567806176906833519774427224321,0.9962133205833195,1.0,1.0,0.9962133205833195,0.9962133205833195,0.0,0.0,1,stabilizer matrix,Semi-Perfect Quantum Code,0.9285714285714286,0.0,0.984375,True,True,0.0,0.0
8,29,17,7,7,7,"[[29,17,7]]_8",36,{24: 36},24.0,24,1814784623534354786201595358646451991764647427555,0.9213353269865171,0.8275862068965517,0.8275862068965517,0.9349852099480059,0.9349852099480059,0.013649882961488835,0.013649882961488835,1,stabilizer matrix,Semi-Perfect Quantum Code,0.5862068965517241,0.0,0.984375,False,True,0.0,0.0
8,29,19,6,6,6,"[[29,19,6]]_8",30,{25: 30},25.0,25,22866286256532870306140101518945295096234557587193,0.9423430961164743,0.8620689655172413,0.8620689655172413,0.9552703574817781,0.9552703574817781,0.012927261365303866,0.012927261365303866,1,stabilizer matrix,Semi-Perfect Quantum Code,0.6551724137931034,0.0,0.984375,False,True,0.0,0.0
8,29,21,5,5,5,"[[29,21,5]]_8",24,{26: 24},26.0,26,221627082178703204505665599337469783240427250460486,0.9611755110898008,0.896551724137931,0.896551724137931,0.97312877411417,0.97312877411417,0.011953263024369165,0.011953263024369165,1,stabilizer matrix,Semi-Perfect Quantum Code,0.7241379310344828,0.0,0.984375,False,True,0.0,0.0
8,29,23,4,4,4,"[[29,23,4]]_8",18,{27: 18},27.0,27,1551389575250922431539659195362288482682990753223402,0.977309734779787,0.9310344827586207,0.9310344827586207,0.9878508289355384,0.9878508289355384,0.01054109415575144,0.01054109415575144,1,stabilizer matrix,Semi-Perfect Quantum Code,0.7931034482758621,0.0,0.984375,False,True,0.0,0.0
8,29,25,3,3,3,"[[29,25,3]]_8",12,{28: 12},28.0,28,6981253088629150941928466379130298172073458389505309,0.9897805681214095,0.9655172413793104,0.9655172413793104,0.9979272925234732,0.9979272925234732,0.008146724402063765,0.008146724402063765,1,stabilizer matrix,Semi-Perfect Quantum Code,0.8620689655172413,0.0,0.984375,False,True,0.0,0.0
8,29,27,2,2,2,"[[29,27,2]]_8",6,{29: 6},29.0,29,15166170502884017563499771789145130511745788915132223,0.9962133205833196,1.0,1.0,0.9962133205833195,0.9962133205833195,-1.1102230246251565e-16,-1.1102230246251565e-16,1,stabilizer matrix,Semi-Perfect Quantum Code,0.9310344827586207,0.0,0.984375,True,True,0.0,0.0
8,30,18,7,7,7,"[[30,18,7]]_8",36,{25: 36},25.0,25,137197717539197221836840609113671770577407345523158,0.9252925623610426,0.8333333333333334,0.8333333333333334,0.9385148374274919,0.9385148374274919,0.01322227506644924,0.01322227506644924,1,stabilizer matrix,Semi-Perfect Quantum Code,0.6,0.0,0.984375,False,True,0.0,0.0
8,30,20,6,6,6,"[[30,20,6]]_8",30,{26: 30},26.0,26,1662203116340274033792491995031023374303204378453645,0.9452857195846325,0.8666666666666667,0.8666666666666667,0.9578031289310277,0.9578031289310277,0.012517409346395225,0.012517409346395225,1,stabilizer matrix,Semi-Perfect Quantum Code,0.6666666666666666,0.0,0.984375,False,True,0.0,0.0
8,30,22,5,5,5,"[[30,22,5]]_8",24,{27: 24},27.0,27,15513895752509224315396591953622884826829907532234020,0.9631878997031683,0.9,0.9,0.9747579207898678,0.9747579207898678,0.011570021086699467,0.011570021086699467,1,stabilizer matrix,Semi-Perfect Quantum Code,0.7333333333333333,0.0,0.984375,False,True,0.0,0.0
8,30,24,4,4,4,"[[30,24,4]]_8",18,{28: 18},28.0,28,104718796329437264128926995686954472581101875842579635,0.9784928302707431,0.9333333333333333,0.9333333333333333,0.9886923217146684,0.9886923217146684,0.01019949144392529,0.01019949144392529,1,stabilizer matrix,Semi-Perfect Quantum Code,0.8,0.0,0.984375,False,True,0.0,0.0
8,30,26,3,3,3,"[[30,26,3]]_8",12,{29: 12},29.0,29,454985115086520526904993153674353915352373667453966690,0.990266713206145,0.9666666666666667,0.9666666666666667,0.998146593283631,0.998146593283631,0.007879880077485968,0.007879880077485968,1,stabilizer matrix,Semi-Perfect Quantum Code,0.8666666666666667,0.0,0.984375,False,True,0.0,0.0
8,30,28,2,2,2,"[[30,28,2]]_8",6,{30: 6},30.0,30,955468741681693106500485622716143222239984701653330049,0.9962133205833195,1.0,1.0,0.9962133205833195,0.9962133205833195,0.0,0.0,1,stabilizer matrix,Semi-Perfect Quantum Code,0.9333333333333333,0.0,0.984375,True,True,0.0,0.0
8,31,19,7,7,7,"[[31,19,7]]_8",36,{26: 36},26.0,26,10305659321309699009513450369192344920679867146412599,0.9289446115093193,0.8387096774193549,0.8387096774193549,0.9417650026176654,0.9417650026176654,0.012820391108346096,0.012820391108346096,1,stabilizer matrix,Semi-Perfect Quantum Code,0.6129032258064516,0.0,0.984375,False,True,0.0,0.0
8,31,21,6,6,6,"[[31,21,6]]_8",30,{27: 30},27.0,27,120232692081946488444323587640577357407931783374813655,0.9480000981556839,0.8709677419354839,0.8709677419354839,0.9601326935380496,0.9601326935380496,0.012132595382365774,0.012132595382365774,1,stabilizer matrix,Semi-Perfect Quantum Code,0.6774193548387096,0.0,0.984375,False,True,0.0,0.0
8,31,23,5,5,5,"[[31,23,5]]_8",24,{28: 24},28.0,28,1082094228737518395998912288765196216671386050373322895,0.9650427056903199,0.9032258064516129,0.9032258064516129,0.9762532159151313,0.9762532159151313,0.011210510224811343,0.011210510224811343,1,stabilizer matrix,Semi-Perfect Quantum Code,0.7419354838709677,0.0,0.984375,False,True,0.0,0.0
8,31,25,4,4,4,"[[31,25,4]]_8",18,{29: 18},29.0,29,7052269283841068167027393881952485687961791845536483695,0.9795817456316828,0.9354838709677419,0.9354838709677419,0.9894610459397373,0.9894610459397373,0.009879300308054506,0.009879300308054506,1,stabilizer matrix,Semi-Perfect Quantum Code,0.8064516129032258,0.0,0.984375,False,True,0.0,0.0
8,31,27,3,3,3,"[[31,27,3]]_8",12,{30: 12},30.0,30,29619530992132486301515054304200439889439525751253231519,0.9907128710504538,0.967741935483871,0.967741935483871,0.9983428250469628,0.9983428250469628,0.007629953996509009,0.007629953996509009,1,stabilizer matrix,Semi-Perfect Quantum Code,0.8709677419354839,0.0,0.984375,False,True,0.0,0.0
8,31,29,2,2,2,"[[31,29,2]]_8",6,{31: 6},31.0,31,60194530725946665709530594231117023001119036204159793087,0.9962133205833196,1.0,1.0,0.9962133205833195,0.9962133205833195,-1.1102230246251565e-16,-1.1102230246251565e-16,1,stabilizer matrix,Semi-Perfect Quantum Code,0.9354838709677419,0.0,0.984375,True,True,0.0,0.0
8,32,18,8,8,8,"[[32,18,8]]_8",42,{26: 42},26.0,26,54963516380318394717405068635692506243625958114200528,0.9124934127083969,0.8125,0.8125,0.9254586996614713,0.9254586996614713,0.012965286953074417,0.012965286953074417,1,stabilizer matrix,Semi-Perfect Quantum Code,0.5625,0.0,0.984375,False,True,0.0,0.0
8,32,20,7,7,7,"[[32,20,7]]_8",36,{27: 36},27.0,27,769489229324457526043670960899695087410763413598807392,0.9323233862607803,0.84375,0.84375,0.9447653901127463,0.9447653901127463,0.012442003851966033,0.012442003851966033,1,stabilizer matrix,Semi-Perfect Quantum Code,0.625,0.0,0.984375,False,True,0.0,0.0
8,32,22,6,6,6,"[[32,22,6]]_8",30,{28: 30},28.0,28,8656753829900147167991298310121569733371088402986583160,0.9505101211374973,0.875,0.875,0.962280729377004,0.962280729377004,0.011770608239506708,0.011770608239506708,1,stabilizer matrix,Semi-Perfect Quantum Code,0.6875,0.0,0.984375,False,True,0.0,0.0
8,32,24,5,5,5,"[[32,24,5]]_8",24,{29: 24},29.0,29,75224205694304727114958868074159847338259113019055826080,0.96675646972277,0.90625,0.90625,0.9776290698991382,0.9776290698991382,0.010872600176368263,0.010872600176368263,1,stabilizer matrix,Semi-Perfect Quantum Code,0.75,0.0,0.984375,False,True,0.0,0.0
8,32,26,4,4,4,"[[32,26,4]]_8",18,{30: 18},30.0,30,473912495874119780824240868867207038231032412020051704304,0.9805864271634605,0.9375,0.9375,0.9901649991496977,0.9901649991496977,0.009578571986237239,0.009578571986237239,1,stabilizer matrix,Semi-Perfect Quantum Code,0.8125,0.0,0.984375,False,True,0.0,0.0
8,32,28,3,3,3,"[[32,28,3]]_8",12,{31: 12},31.0,31,1926224983230293302704979015395744736035809158533113378784,0.9911233209817575,0.96875,0.96875,0.9985187083672098,0.9985187083672098,0.007395387385452312,0.007395387385452312,1,stabilizer matrix,Semi-Perfect Quantum Code,0.875,0.0,0.984375,False,True,0.0,0.0
8,32,30,2,2,2,"[[32,30,2]]_8",6,{32: 6},32.0,32,3792255435734639939700427436560372449070499280862066964481,0.9962133205833195,1.0,1.0,0.9962133205833195,0.9962133205833195,0.0,0.0,1,stabilizer matrix,Semi-Perfect Quantum Code,0.9375,0.0,0.984375,True,True,0.0,0.0
8,33,21,7,7,7,"[[33,21,7]]_8",36,{28: 36},28.0,28,57134575277340971308742568846802360240249183459711448856,0.9354566125397504,0.8484848484848485,0.8484848484848485,0.9475417449736208,0.9475417449736208,0.012085132433870327,0.012085132433870327,1,stabilizer matrix,Semi-Perfect Quantum Code,0.6363636363636364,0.0,0.984375,False,True,0.0,0.0
8,33,23,6,6,6,"[[33,23,6]]_8",30,{29: 30},29.0,29,620599696978013998698410661611818740540637682407210565160,0.9528365470006578,0.8787878787878788,0.8787878787878788,0.9642660346546816,0.9642660346546816,0.011429487654023851,0.011429487654023851,1,stabilizer matrix,Semi-Perfect Quantum Code,0.696969696969697,0.0,0.984375,False,True,0.0,0.0
8,33,25,5,5,5,"[[33,25,5]]_8",24,{30: 24},30.0,30,5213037454615317589066649557539277420541356532220568747344,0.9683435638081903,0.9090909090909091,0.9090909090909091,0.9788979710778154,0.9788979710778154,0.010554407269625088,0.010554407269625088,1,stabilizer matrix,Semi-Perfect Quantum Code,0.7575757575757576,0.0,0.984375,False,True,0.0,0.0
8,33,27,4,4,4,"[[33,27,4]]_8",18,{31: 18},31.0,31,31782712223299839494632153754029788144590851115796370749936,0.9815155138780599,0.9393939393939394,0.9393939393939394,0.9908111007340064,0.9908111007340064,0.009295586855946447,0.009295586855946447,1,stabilizer matrix,Semi-Perfect Quantum Code,0.8181818181818182,0.0,0.984375,False,True,0.0,0.0
8,33,29,3,3,3,"[[33,29,3]]_8",12,{32: 12},32.0,32,125144429379243118010114105406492290819326476268448209827873,0.9915017761179584,0.9696969696969697,0.9696969696969697,0.9986765832870015,0.9986765832870015,0.007174807169043063,0.007174807169043063,1,stabilizer matrix,Semi-Perfect Quantum Code,0.8787878787878788,0.0,0.984375,False,True,0.0,0.0
8,33,31,2,2,2,"[[33,31,2]]_8",6,{33: 6},33.0,33,238912092451282316201126928503303464291441454694310218762303,0.9962133205833195,1.0,1.0,0.9962133205833195,0.9962133205833195,0.0,0.0,1,stabilizer matrix,Semi-Perfect Quantum Code,0.9393939393939394,0.0,0.984375,True,True,0.0,0.0
8,34,22,7,7,7,"[[34,22,7]]_8",36,{29: 36},29.0,29,4220077939450495191149192498960367435676336240369031843088,0.9383684855514376,0.8529411764705882,0.8529411764705882,0.9501164953474153,0.9501164953474153,0.011748009795977676,0.011748009795977676,1,stabilizer matrix,Semi-Perfect Quantum Code,0.6470588235294118,0.0,0.984375,False,True,0.0,0.0
8,34,24,6,6,6,"[[34,24,6]]_8",30,{30: 30},30.0,30,44310818364230199507066521239083858074601530523874834352424,0.9549974925258433,0.8823529411764706,0.8823529411764706,0.9661049825453603,0.9661049825453603,0.011107490019516941,0.011107490019516941,1,stabilizer matrix,Semi-Perfect Quantum Code,0.7058823529411765,0.0,0.984375,False,True,0.0,0.0
8,34,26,5,5,5,"[[34,26,5]]_8",24,{31: 24},31.0,31,360204071864064847605831075879004265638696312645692201832608,0.9698165298450249,0.9117647058823529,0.9117647058823529,0.9800707897394723,0.9800707897394723,0.010254259894447393,0.010254259894447393,1,stabilizer matrix,Semi-Perfect Quantum Code,0.7647058823529411,0.0,0.984375,False,True,0.0,0.0
8,34,28,4,4,4,"[[34,28,4]]_8",18,{32: 18},32.0,32,2127455299447133006171939791910368943928550096563619567073841,0.9823765417284614,0.9411764705882353,0.9411764705882353,0.9914053635024945,0.9914053635024945,0.00902882177403308,0.00902882177403308,1,stabilizer matrix,Semi-Perfect Quantum Code,0.8235294117647058,0.0,0.984375,False,True,0.0,0.0
8,34,30,3,3,3,"[[34,30,3]]_8",12,{33: 12},33.0,33,8123011143343598750838315569112317785909009459606547437918302,0.9918514721409197,0.9705882352941176,0.9705882352941176,0.9988184712704893,0.9988184712704893,0.006966999129569551,0.006966999129569551,1,stabilizer matrix,Semi-Perfect Quantum Code,0.8823529411764706,0.0,0.984375,False,True,0.0,0.0
8,34,32,2,2,2,"[[34,32,2]]_8",6,{34: 6},34.0,34,15051461824430785920670996495708118250360811645741543782025089,0.9962133205833196,1.0,1.0,0.9962133205833195,0.9962133205833195,-1.1102230246251565e-16,-1.1102230246251565e-16,1,stabilizer matrix,Semi-Perfect Quantum Code,0.9411764705882353,0.0,0.984375,True,True,0.0,0.0
8,35,23,7,7,7,"[[35,23,7]]_8",36,{30: 36},30.0,30,310175728549611396549465648673587006522210713667123840466968,0.9410802066539505,0.8571428571428571,0.8571428571428571,0.9525092616922808,0.9525092616922808,0.01142905503833025,0.01142905503833025,1,stabilizer matrix,Semi-Perfect Quantum Code,0.6571428571428571,0.0,0.984375,False,True,0.0,0.0
8,35,25,6,6,6,"[[35,25,6]]_8",30,{31: 30},31.0,31,3151785628810567416551021913941287324338592735649806766035320,0.9570088338349049,0.8857142857142857,0.8857142857142857,0.9678118933313243,0.9678118933313243,0.010803059496419465,0.010803059496419465,1,stabilizer matrix,Semi-Perfect Quantum Code,0.7142857142857143,0.0,0.984375,False,True,0.0,0.0
8,35,27,5,5,5,"[[35,27,5]]_8",24,{32: 24},32.0,32,24820311826883218405339297572287637679166417793242228282528145,0.9711863572801425,0.9142857142857143,0.9142857142857143,0.981157026870989,0.981157026870989,0.009970669590846581,0.009970669590846581,1,stabilizer matrix,Semi-Perfect Quantum Code,0.7714285714285715,0.0,0.984375,False,True,0.0,0.0
8,35,29,4,4,4,"[[35,29,4]]_8",18,{33: 18},33.0,33,142152695008512978139670522459465561253407665543114580163570285,0.9831761111128217,0.9428571428571428,0.9428571428571428,0.9919530339511529,0.9919530339511529,0.008776922838331203,0.008776922838331203,1,stabilizer matrix,Semi-Perfect Quantum Code,0.8285714285714286,0.0,0.984375,False,True,0.0,0.0
8,35,31,3,3,3,"[[35,31,3]]_8",12,{34: 12},34.0,34,526801163855077507223484877349784138762628407600954032370878115,0.992175240075915,0.9714285714285714,0.9714285714285714,0.9989461256645689,0.9989461256645689,0.006770885588653908,0.006770885588653908,1,stabilizer matrix,Semi-Perfect Quantum Code,0.8857142857142857,0.0,0.984375,False,True,0.0,0.0
8,35,33,2,2,2,"[[35,33,2]]_8",6,{35: 6},35.0,35,948242094939139513002272779229611449772731133681717258267580607,0.9962133205833196,1.0,1.0,0.9962133205833195,0.9962133205833195,-1.1102230246251565e-16,-1.1102230246251565e-16,1,stabilizer matrix,Semi-Perfect Quantum Code,0.9428571428571428,0.0,0.984375,True,True,0.0,0.0
8,36,22,8,8,8,"[[36,22,8]]_8",42,{30: 42},30.0,30,1861054371297668379296793892041522039133264282002743042801808,0.9269065087872721,0.8333333333333334,0.8333333333333334,0.9385148374274919,0.9385148374274919,0.011608328640219767,0.011608328640219767,1,stabilizer matrix,Semi-Perfect Quantum Code,0.6111111111111112,0.0,0.984375,False,True,0.0,0.0
8,36,24,7,7,7,"[[36,24,7]]_8",36,{31: 36},31.0,31,22692856527436085399167357780377268735237867696678608715454304,0.9436104259809491,0.8611111111111112,0.8611111111111112,0.9547372758518089,0.9547372758518089,0.011126849870859767,0.011126849870859767,1,stabilizer matrix,Semi-Perfect Quantum Code,0.6666666666666666,0.0,0.984375,False,True,0.0,0.0
8,36,26,6,6,6,"[[36,26,6]]_8",30,{32: 30},32.0,32,223382806441948965648053678150588739112497760139180054542753305,0.9588845371771864,0.8888888888888888,0.8888888888888888,0.9693993407588916,0.9693993407588916,0.010514803581705201,0.010514803581705201,1,stabilizer matrix,Semi-Perfect Quantum Code,0.7222222222222222,0.0,0.984375,False,True,0.0,0.0
8,36,28,5,5,5,"[[36,28,5]]_8",24,{33: 24},33.0,33,1705832340102155737676046269513586735040891986517374961962843420,0.9724627121963599,0.9166666666666666,0.9166666666666666,0.9821650189186485,0.9821650189186485,0.009702306722288556,0.009702306722288556,1,stabilizer matrix,Semi-Perfect Quantum Code,0.7777777777777778,0.0,0.984375,False,True,0.0,0.0
8,36,30,4,4,4,"[[36,30,4]]_8",18,{34: 18},34.0,34,9482420949391395130022727792296114497727311336817172582675806070,0.9839200250804837,0.9444444444444444,0.9444444444444444,0.9924587076315226,0.9924587076315226,0.008538682551038845,0.008538682551038845,1,stabilizer matrix,Semi-Perfect Quantum Code,0.8333333333333334,0.0,0.984375,False,True,0.0,0.0
8,36,32,3,3,3,"[[36,32,3]]_8",12,{35: 12},35.0,35,34136715417809022468081820052266012191818320812541821297632901852,0.9924755663145344,0.9722222222222222,0.9722222222222222,0.9990610730617894,0.9990610730617894,0.006585506747254999,0.006585506747254999,1,stabilizer matrix,Semi-Perfect Quantum Code,0.8888888888888888,0.0,0.984375,False,True,0.0,0.0
8,36,34,2,2,2,"[[36,34,2]]_8",6,{36: 6},36.0,36,59739251981165789319143185091465521335682061421948187270857578241,0.9962133205833197,1.0,1.0,0.9962133205833195,0.9962133205833195,-2.220446049250313e-16,-2.220446049250313e-16,1,stabilizer matrix,Semi-Perfect Quantum Code,0.9444444444444444,0.0,0.984375,True,True,0.0,0.0
8,37,25,7,7,7,"[[37,25,7]]_8",36,{32: 36},32.0,32,1653032767670422345795597218314356669432483425029932403616374457,0.9459756094640264,0.8648648648648649,0.8648648648648649,0.9568157279541968,0.9568157279541968,0.010840118490170414,0.010840118490170414,1,stabilizer matrix,Semi-Perfect Quantum Code,0.6756756756756757,0.0,0.984375,False,True,0.0,0.0
8,37,27,6,6,6,"[[37,27,6]]_8",30,{33: 30},33.0,33,15778949145944940573503427993000677299128250875285718398156301635,0.9606369333335255,0.8918918918918919,0.8918918918918919,0.9708784056979254,0.9708784056979254,0.010241472364399873,0.010241472364399873,1,stabilizer matrix,Semi-Perfect Quantum Code,0.7297297297297297,0.0,0.984375,False,True,0.0,0.0
8,37,29,5,5,5,"[[37,29,5]]_8",24,{34: 24},34.0,34,116949858375827206603613642771652078805303506487411795186334941530,0.9736541273977128,0.918918918918919,0.918918918918919,0.9831021073089788,0.9831021073089788,0.009447979911266002,0.009447979911266002,1,stabilizer matrix,Semi-Perfect Quantum Code,0.7837837837837838,0.0,0.984375,False,True,0.0,0.0
8,37,31,4,4,4,"[[37,31,4]]_8",18,{35: 18},35.0,35,631529235229466915659513670966921225548638935032023694006208684262,0.9846134040070648,0.9459459459459459,0.9459459459459459,0.992926424584209,0.992926424584209,0.008313020577144226,0.008313020577144226,1,stabilizer matrix,Semi-Perfect Quantum Code,0.8378378378378378,0.0,0.984375,False,True,0.0,0.0
8,37,33,3,3,3,"[[37,33,3]]_8",12,{36: 12},36.0,36,2210352323303134204808297848384224289420236272612082929021730394917,0.9927546423947115,0.972972972972973,0.972972972972973,0.9991646473979501,0.9991646473979501,0.006410005003238628,0.006410005003238628,1,stabilizer matrix,Semi-Perfect Quantum Code,0.8918918918918919,0.0,0.984375,False,True,0.0,0.0
8,37,35,2,2,2,"[[37,35,2]]_8",6,{37: 6},37.0,37,3763572874813444727106020660762327844147969869582735798064027429183,0.9962133205833195,1.0,1.0,0.9962133205833195,0.9962133205833195,0.0,0.0,1,stabilizer matrix,Semi-Perfect Quantum Code,0.9459459459459459,0.0,0.984375,True,True,0.0,0.0
8,38,24,8,8,8,"[[38,24,8]]_8",42,{32: 42},32.0,32,10469207528579341523372115715990925573072395025189571889570371561,0.9327611855865626,0.8421052631578947,0.8421052631578947,0.9437913511338888,0.9437913511338888,0.011030165547326165,0.011030165547326165,1,stabilizer matrix,Semi-Perfect Quantum Code,0.631578947368421,0.0,0.984375,False,True,0.0,0.0
8,38,26,7,7,7,"[[38,26,7]]_8",36,{33: 36},33.0,33,119920013509181548358626052746805147473374706652171459825987892426,0.9481903448184161,0.868421052631579,0.868421052631579,0.9587580551451216,0.9587580551451216,0.010567710326705448,0.010567710326705448,1,stabilizer matrix,Semi-Perfect Quantum Code,0.6842105263157895,0.0,0.984375,False,True,0.0,0.0
8,38,28,6,6,6,"[[38,28,6]]_8",30,{34: 30},34.0,34,1111023654570358462734329606330694748650383311630412054270181944535,0.9622769464725256,0.8947368421052632,0.8947368421052632,0.972258887312903,0.972258887312903,0.009981940840377401,0.009981940840377401,1,stabilizer matrix,Semi-Perfect Quantum Code,0.7368421052631579,0.0,0.984375,False,True,0.0,0.0
8,38,30,5,5,5,"[[38,30,5]]_8",24,{35: 24},35.0,35,7999370312906580931687173165581002190282759843738966790745310000652,0.9747681609749594,0.9210526315789473,0.9210526315789473,0.9839747795531406,0.9839747795531406,0.00920661857818117,0.00920661857818117,1,stabilizer matrix,Semi-Perfect Quantum Code,0.7894736842105263,0.0,0.984375,False,True,0.0,0.0
8,38,32,4,4,4,"[[38,32,4]]_8",18,{36: 18},36.0,36,41996694142759549891357659119300261498984489179629575651412877503423,0.9852607812503049,0.9473684210526315,0.9473684210526315,0.9933597487058333,0.9933597487058333,0.008098967455528405,0.008098967455528405,1,stabilizer matrix,Semi-Perfect Quantum Code,0.8421052631578947,0.0,0.984375,False,True,0.0,0.0
8,38,34,3,3,3,"[[38,34,3]]_8",12,{37: 12},37.0,37,143015769242910899630028785108968458077622855044143960326433042308954,0.993014406504125,0.9736842105263158,0.9736842105263158,0.9992580182108861,0.9992580182108861,0.006243611706761132,0.006243611706761132,1,stabilizer matrix,Semi-Perfect Quantum Code,0.8947368421052632,0.0,0.984375,False,True,0.0,0.0
8,38,36,2,2,2,"[[38,36,2]]_8",6,{38: 6},38.0,38,237105091113247017807679301628026654181322101783712355278033728038529,0.9962133205833194,1.0,1.0,0.9962133205833195,0.9962133205833195,1.1102230246251565e-16,1.1102230246251565e-16,1,stabilizer matrix,Semi-Perfect Quantum Code,0.9473684210526315,0.0,0.984375,True,True,0.0,0.0
8,39,27,7,7,7,"[[39,27,7]]_8",36,{34: 36},34.0,34,8665984505648796009327770929379419039472989830717214023307419167373,0.9502675979474818,0.8717948717948718,0.8717948717948718,0.9605761831524637,0.9605761831524637,0.010308585204981902,0.010308585204981902,1,stabilizer matrix,Semi-Perfect Quantum Code,0.6923076923076923,0.0,0.984375,False,True,0.0,0.0
8,39,29,6,6,6,"[[39,29,6]]_8",30,{35: 30},35.0,35,77993860550839164083949938364414771355256908476454926209766772506357,0.9638142859878336,0.8974358974358975,0.8974358974358975,0.973549479765175,0.973549479765175,0.009735193777341444,0.009735193777341444,1,stabilizer matrix,Semi-Perfect Quantum Code,0.7435897435897436,0.0,0.984375,False,True,0.0,0.0
8,39,31,5,5,5,"[[39,31,5]]_8",24,{36: 24},36.0,36,545957023855874148587649568550903399486798359335184483468367407544499,0.9758115292444899,0.9230769230769231,0.9230769230769231,0.9847887872971709,0.9847887872971709,0.008977258052681014,0.008977258052681014,1,stabilizer matrix,Semi-Perfect Quantum Code,0.7948717948717948,0.0,0.984375,False,True,0.0,0.0
8,39,33,4,4,4,"[[39,33,4]]_8",18,{37: 18},37.0,37,2788807500236762542785561309624884932513645673360807226365444325024603,0.9858661833410374,0.9487179487179487,0.9487179487179487,0.9937618340891173,0.9937618340891173,0.007895650748079963,0.007895650748079963,1,stabilizer matrix,Semi-Perfect Quantum Code,0.8461538461538461,0.0,0.984375,False,True,0.0,0.0
8,39,35,3,3,3,"[[39,35,3]]_8",12,{38: 12},38.0,38,9247098553416633694499492763493039513071561969564781855843315393502631,0.9932565782558082,0.9743589743589743,0.9743589743589743,0.999342214178497,0.999342214178497,0.006085635922688848,0.006085635922688848,1,stabilizer matrix,Semi-Perfect Quantum Code,0.8974358974358975,0.0,0.984375,False,True,0.0,0.0
8,39,37,2,2,2,"[[39,37,2]]_8",6,{39: 6},39.0,39,14937620740134562121883796002565679213423292412373878382516124866427327,0.9962133205833195,1.0,1.0,0.9962133205833195,0.9962133205833195,0.0,0.0,1,stabilizer matrix,Semi-Perfect Quantum Code,0.9487179487179487,0.0,0.984375,True,True,0.0,0.0
8,40,26,8,8,8,"[[40,26,8]]_8",42,{34: 42},34.0,34,57773230037658640062185139529196126929819932204781426822049461115820,0.9379149313078206,0.85,0.85,0.9484213732818882,0.9484213732818882,0.010506441974067693,0.010506441974067693,1,stabilizer matrix,Semi-Perfect Quantum Code,0.65,0.0,0.984375,False,True,0.0,0.0
8,40,28,7,7,7,"[[40,28,7]]_8",36,{35: 36},35.0,35,623950884406713312671599506915318170842055267811639409678134180050856,0.9522189288381376,0.875,0.875,0.962280729377004,0.962280729377004,0.010061800538866406,0.010061800538866406,1,stabilizer matrix,Semi-Perfect Quantum Code,0.7,0.0,0.984375,False,True,0.0,0.0
8,40,30,6,6,6,"[[40,30,6]]_8",30,{36: 30},36.0,36,5459570238558741485876495685509033994867983593351844834683674075444990,0.9652576080754084,0.9,0.9,0.9747579207898678,0.9747579207898678,0.009500312714459391,0.009500312714459391,1,stabilizer matrix,Semi-Perfect Quantum Code,0.75,0.0,0.984375,False,True,0.0,0.0
8,40,32,5,5,5,"[[40,32,5]]_8",24,{37: 24},37.0,37,37184100003156833903807484128331799100181942311477429684872591000328040,0.976790218733204,0.925,0.925,0.9855492455606534,0.9855492455606534,0.008759026827449334,0.008759026827449334,1,stabilizer matrix,Semi-Perfect Quantum Code,0.8,0.0,0.984375,False,True,0.0,0.0
8,40,34,4,4,4,"[[40,34,4]]_8",18,{38: 18},38.0,38,184941971068332673889989855269860790261431239391295637116866307870052620,0.9864331975281102,0.95,0.95,0.9941354807401461,0.9941354807401461,0.007702283212035921,0.007702283212035921,1,stabilizer matrix,Semi-Perfect Quantum Code,0.85,0.0,0.984375,False,True,0.0,0.0
8,40,36,3,3,3,"[[40,36,3]]_8",12,{39: 12},39.0,39,597504829605382484875351840102627168536931696494955135300644994657093080,0.9934826879641004,0.975,0.975,0.9994181428181815,0.9994181428181815,0.00593545485408109,0.00593545485408109,1,stabilizer matrix,Semi-Perfect Quantum Code,0.9,0.0,0.984375,False,True,0.0,0.0
8,40,38,2,2,2,"[[40,38,2]]_8",6,{40: 6},40.0,40,941070106628477413678679148161637790445667421979554338098515866584921601,0.9962133205833195,1.0,1.0,0.9962133205833195,0.9962133205833195,0.0,0.0,1,stabilizer matrix,Semi-Perfect Quantum Code,0.95,0.0,0.984375,True,True,0.0,0.0
8,41,27,8,8,8,"[[41,27,8]]_8",42,{35: 42},35.0,35,4263664376779207636589263297254674167420710996712869299467250230347516,0.9402647659554878,0.8536585365853658,0.8536585365853658,0.9505274346115357,0.9505274346115357,0.010262668656047857,0.010262668656047857,1,stabilizer matrix,Semi-Perfect Quantum Code,0.6585365853658537,0.0,0.984375,False,True,0.0,0.0
8,41,29,7,7,7,"[[41,29,7]]_8",36,{36: 36},36.0,36,44768475956181680184187264621174078757917465465485127644406127418648918,0.9540546741781657,0.8780487804878049,0.8780487804878049,0.9638811744267414,0.9638811744267414,0.009826500248575676,0.009826500248575676,1,stabilizer matrix,Semi-Perfect Quantum Code,0.7073170731707317,0.0,0.984375,False,True,0.0,0.0
8,41,31,6,6,6,"[[41,31,6]]_8",30,{37: 30},37.0,37,381137025032357547514026712315400940776864908692643654269944057753362410,0.9666146524414109,0.9024390243902439,0.9024390243902439,0.9758911171974277,0.9758911171974277,0.009276464756016845,0.009276464756016845,1,stabilizer matrix,Semi-Perfect Quantum Code,0.7560975609756098,0.0,0.984375,False,True,0.0,0.0
8,41,33,5,5,5,"[[41,33,5]]_8",24,{38: 24},38.0,38,2527540271267213209829861355354764133572893605014373707263839540890719140,0.9777095809375748,0.926829268292683,0.926829268292683,0.9862607165419452,0.9862607165419452,0.008551135604370486,0.008551135604370486,1,stabilizer matrix,Semi-Perfect Quantum Code,0.8048780487804879,0.0,0.984375,False,True,0.0,0.0
8,41,35,4,4,4,"[[41,35,4]]_8",18,{39: 18},39.0,39,12248849006910340939944712722103856955007099778146580273663222390470408140,0.9869650289268384,0.9512195121951219,0.9512195121951219,0.9944831815862215,0.9944831815862215,0.007518152659383159,0.007518152659383159,1,stabilizer matrix,Semi-Perfect Quantum Code,0.8536585365853658,0.0,0.984375,False,True,0.0,0.0
8,41,37,3,3,3,"[[41,37,3]]_8",12,{40: 12},40.0,40,38583874371767573960825845074627149408272364301161727862039150529981785641,0.9936941014008731,0.975609756097561,0.975609756097561,0.9994866070481447,0.9994866070481447,0.0057925056472716285,0.0057925056472716285,1,stabilizer matrix,Semi-Perfect Quantum Code,0.9024390243902439,0.0,0.984375,False,True,0.0,0.0
8,41,39,2,2,2,"[[41,39,2]]_8",6,{41: 6},41.0,41,59287416717594077061756786334183180798077047584711923300206499594850060863,0.9962133205833196,1.0,1.0,0.9962133205833195,0.9962133205833195,-1.1102230246251565e-16,-1.1102230246251565e-16,1,stabilizer matrix,Semi-Perfect Quantum Code,0.9512195121951219,0.0,0.984375,True,True,0.0,0.0
8,42,28,8,8,8,"[[42,28,8]]_8",42,{36: 42},36.0,36,313379331693271761289310852348218551305422258258395893510842891930542426,0.9424793840074854,0.8571428571428571,0.8571428571428571,0.9525092616922808,0.9525092616922808,0.010029877684795352,0.010029877684795352,1,stabilizer matrix,Semi-Perfect Quantum Code,0.6666666666666666,0.0,0.984375,False,True,0.0,0.0
8,42,30,7,7,7,"[[42,30,7]]_8",36,{37: 36},37.0,37,3201551010271803399117824383449367902525665233018206695867530085128244244,0.9557841024939621,0.8809523809523809,0.8809523809523809,0.9653860076329241,0.9653860076329241,0.009601905138962086,0.009601905138962086,1,stabilizer matrix,Semi-Perfect Quantum Code,0.7142857142857143,0.0,0.984375,False,True,0.0,0.0
8,42,32,6,6,6,"[[42,32,6]]_8",30,{38: 30},38.0,38,26539172848305738703213544231225023402515382852650923926270315179352550970,0.9678923584659609,0.9047619047619048,0.9047619047619048,0.976955251344637,0.976955251344637,0.009062892878676121,0.009062892878676121,1,stabilizer matrix,Semi-Perfect Quantum Code,0.7619047619047619,0.0,0.984375,False,True,0.0,0.0
8,42,34,5,5,5,"[[42,34,5]]_8",24,{39: 24},39.0,39,171483886096744773159225978109453997370099396894052123831285113466585713960,0.9785744128494437,0.9285714285714286,0.9285714285714286,0.9869272806960855,0.9869272806960855,0.008352867846641798,0.008352867846641798,1,stabilizer matrix,Semi-Perfect Quantum Code,0.8095238095238095,0.0,0.984375,False,True,0.0,0.0
8,42,36,4,4,4,"[[42,36,4]]_8",18,{40: 18},40.0,40,810261361807119053177342746567170137573719650324396285102822161129617498461,0.9874645490769585,0.9523809523809523,0.9523809523809523,0.9948071623063893,0.9948071623063893,0.007342613229430861,0.007342613229430861,1,stabilizer matrix,Semi-Perfect Quantum Code,0.8571428571428571,0.0,0.984375,False,True,0.0,0.0
8,42,38,3,3,3,"[[42,38,3]]_8",12,{41: 12},41.0,41,2490071502138951236593785026035693593519235998557900778608672982983702556246,0.9938920408185529,0.9761904761904762,0.9761904761904762,0.9995483191700916,0.9995483191700916,0.005656278351538702,0.005656278351538702,1,stabilizer matrix,Semi-Perfect Quantum Code,0.9047619047619048,0.0,0.984375,False,True,0.0,0.0
8,42,40,2,2,2,"[[42,40,2]]_8",6,{42: 6},42.0,42,3735107253208426854890677539053540390278853997836851167913009474475553834369,0.9962133205833196,1.0,1.0,0.9962133205833195,0.9962133205833195,-1.1102230246251565e-16,-1.1102230246251565e-16,1,stabilizer matrix,Semi-Perfect Quantum Code,0.9523809523809523,0.0,0.984375,True,True,0.0,0.0
8,43,29,8,8,8,"[[43,29,8]]_8",42,{37: 42},37.0,37,22944448906947924360344408081387136634767267503297147987050632276752417082,0.9445693646606952,0.8604651162790697,0.8604651162790697,0.954376713523601,0.954376713523601,0.009807348862905796,0.009807348862905796,1,stabilizer matrix,Semi-Perfect Quantum Code,0.6744186046511628,0.0,0.984375,False,True,0.0,0.0
8,43,31,7,7,7,"[[43,31,7]]_8",36,{38: 36},38.0,38,228236886495429352847636480388535201261632292532797945765924710542431938342,0.9574155464854143,0.8837209302325582,0.8837209302325582,0.9668028510073411,0.9668028510073411,0.00938730452192682,0.00938730452192682,1,stabilizer matrix,Semi-Perfect Quantum Code,0.7209302325581395,0.0,0.984375,False,True,0.0,0.0
8,43,33,6,6,6,"[[43,33,6]]_8",30,{39: 30},39.0,39,1843451775540006311461679264676630471728568516611060331186314969765796425070,0.9690969643130307,0.9069767441860465,0.9069767441860465,0.9779558718335631,0.9779558718335631,0.008858907520532422,0.008858907520532422,1,stabilizer matrix,Semi-Perfect Quantum Code,0.7674418604651163,0.0,0.984375,False,True,0.0,0.0
8,43,35,5,5,5,"[[43,35,5]]_8",24,{40: 24},40.0,40,11613746185902039762208579367462771971889981654649680086473784309524517477941,0.979389025664242,0.9302325581395349,0.9302325581395349,0.987552597265616,0.987552597265616,0.008163571601373931,0.008163571601373931,1,stabilizer matrix,Semi-Perfect Quantum Code,0.813953488372093,0.0,0.984375,False,True,0.0,0.0
8,43,37,4,4,4,"[[43,37,4]]_8",18,{41: 18},41.0,41,53536537295987451586766378059767412260663573968994866740086469134149604959289,0.9879343373681296,0.9534883720930233,0.9534883720930233,0.9951094152183929,0.9951094152183929,0.007175077850263278,0.007175077850263278,1,stabilizer matrix,Semi-Perfect Quantum Code,0.8604651162790697,0.0,0.984375,False,True,0.0,0.0
8,43,39,3,3,3,"[[43,39,3]]_8",12,{42: 12},42.0,42,160609611887962354760299134179302236781990721906984600220259407402448814877867,0.9940776028748007,0.9767441860465116,0.9767441860465116,0.999603912722786,0.999603912722786,0.0055263098479853,0.0055263098479853,1,stabilizer matrix,Semi-Perfect Quantum Code,0.9069767441860465,0.0,0.984375,False,True,0.0,0.0
8,43,41,2,2,2,"[[43,41,2]]_8",6,{43: 6},43.0,43,235311756952130891858112684960373044587567801863721623578519596891959891565247,0.9962133205833194,1.0,1.0,0.9962133205833195,0.9962133205833195,1.1102230246251565e-16,1.1102230246251565e-16,1,stabilizer matrix,Semi-Perfect Quantum Code,0.9534883720930233,0.0,0.984375,True,True,0.0,0.0
8,44,30,8,8,8,"[[44,30,8]]_8",42,{38: 42},38.0,38,1673737167633148587549334189515924809251970145240518268950114543977834214508,0.9465442428452767,0.8636363636363636,0.8636363636363636,0.956138665900965,0.956138665900965,0.00959442305568825,0.00959442305568825,1,stabilizer matrix,Semi-Perfect Quantum Code,0.6818181818181818,0.0,0.984375,False,True,0.0,0.0
8,44,32,7,7,7,"[[44,32,7]]_8",36,{39: 36},39.0,39,16222375624752055540862777529154348151211402946177330914439571733939008540616,0.9589565163504237,0.8863636363636364,0.8863636363636364,0.968138565251793,0.968138565251793,0.00918204890136931,0.00918204890136931,1,stabilizer matrix,Semi-Perfect Quantum Code,0.7272727272727273,0.0,0.984375,False,True,0.0,0.0
8,44,34,6,6,6,"[[44,34,6]]_8",30,{40: 30},40.0,40,127751208044922437384294373042090491690789798201146480951211627404769692257351,0.9702340918182264,0.9090909090909091,0.9090909090909091,0.9788979710778154,0.9788979710778154,0.008663879259589002,0.008663879259589002,1,stabilizer matrix,Semi-Perfect Quantum Code,0.7727272727272727,0.0,0.984375,False,True,0.0,0.0
8,44,36,5,5,5,"[[44,36,5]]_8",24,{41: 24},41.0,41,785202547007815956605906878209922046489732418211924712187934880634194206069572,0.9801573036321728,0.9318181818181818,0.9318181818181818,0.9881399560304273,0.9881399560304273,0.007982652398254464,0.007982652398254464,1,stabilizer matrix,Semi-Perfect Quantum Code,0.8181818181818182,0.0,0.984375,False,True,0.0,0.0
8,44,38,4,4,4,"[[44,38,4]]_8",18,{42: 18},42.0,42,3533411461535171804726580951944649209203795881953661204845706962853873927313074,0.9883767165164239,0.9545454545454546,0.9545454545454546,0.9953917282209456,0.9953917282209456,0.007015011704521679,0.007015011704521679,1,stabilizer matrix,Semi-Perfect Quantum Code,0.8636363636363636,0.0,0.984375,False,True,0.0,0.0
8,44,40,3,3,3,"[[44,40,3]]_8",12,{43: 12},43.0,43,10353717305893759241756958138256413961852983282003751437454862263246235228870868,0.9942517739739914,0.9772727272727273,0.9772727272727273,0.9996539525694973,0.9996539525694973,0.0054021785955058466,0.0054021785955058466,1,stabilizer matrix,Semi-Perfect Quantum Code,0.9090909090909091,0.0,0.984375,False,True,0.0,0.0
8,44,42,2,2,2,"[[44,42,2]]_8",6,{44: 6},44.0,44,14824640687984246187061099152503501809016771517414462285446734604193473168610561,0.9962133205833195,1.0,1.0,0.9962133205833195,0.9962133205833195,0.0,0.0,1,stabilizer matrix,Semi-Perfect Quantum Code,0.9545454545454546,0.0,0.984375,True,True,0.0,0.0
8,45,31,8,8,8,"[[45,31,8]]_8",42,{39: 42},39.0,39,121667817185640416556470831468657611134085522096329981858296788004542564054620,0.9484126330078532,0.8666666666666667,0.8666666666666667,0.9578031289310277,0.9578031289310277,0.009390495923174536,0.009390495923174536,1,stabilizer matrix,Semi-Perfect Quantum Code,0.6888888888888889,0.0,0.984375,False,True,0.0,0.0
8,45,33,7,7,7,"[[45,33,7]]_8",36,{40: 36},40.0,40,1149760872404301936458649357378814425217108183810318328560904646642927230316159,0.9604137971905705,0.8888888888888888,0.8888888888888888,0.9693993407588916,0.9693993407588916,0.008985543568321042,0.008985543568321042,1,stabilizer matrix,Semi-Perfect Quantum Code,0.7333333333333333,0.0,0.984375,False,True,0.0,0.0
8,45,35,6,6,6,"[[45,35,6]]_8",30,{41: 30},41.0,41,8833528653837929511816452379861623023009489704884153012114267407134684818282685,0.9713088194637898,0.9111111111111111,0.9111111111111111,0.9797860518851501,0.9797860518851501,0.008477232421360337,0.008477232421360337,1,stabilizer matrix,Semi-Perfect Quantum Code,0.7777777777777778,0.0,0.984375,False,True,0.0,0.0
8,45,37,5,5,5,"[[45,37,5]]_8",24,{42: 24},42.0,42,53001171923027577070898714279169738138056938229304918072685604442808108909696110,0.9808827546516459,0.9333333333333333,0.9333333333333333,0.9886923217146684,0.9886923217146684,0.007809567063022493,0.007809567063022493,1,stabilizer matrix,Semi-Perfect Quantum Code,0.8222222222222222,0.0,0.984375,False,True,0.0,0.0
8,45,39,4,4,4,"[[45,39,4]]_8",18,{43: 18},43.0,43,232958639382609582939531558110769314141692123845084407342734400923040292649594530,0.9887937830572718,0.9555555555555556,0.9555555555555556,0.9956557096042281,0.9956557096042281,0.006861926546956276,0.006861926546956276,1,stabilizer matrix,Semi-Perfect Quantum Code,0.8666666666666667,0.0,0.984375,False,True,0.0,0.0
8,45,41,3,3,3,"[[45,41,3]]_8",12,{44: 12},44.0,44,667108830959291078417749461862657581405754718283650802845103057188706292587475245,0.9944154434456519,0.9777777777777777,0.9777777777777777,0.9996989435140392,0.9996989435140392,0.005283500068387292,0.005283500068387292,1,stabilizer matrix,Semi-Perfect Quantum Code,0.9111111111111111,0.0,0.984375,False,True,0.0,0.0
8,45,43,2,2,2,"[[45,43,2]]_8",6,{45: 6},45.0,45,933952363343007509784849246607720613968056605597111123983144280064188809622465343,0.9962133205833195,1.0,1.0,0.9962133205833195,0.9962133205833195,0.0,0.0,1,stabilizer matrix,Semi-Perfect Quantum Code,0.9555555555555556,0.0,0.984375,True,True,0.0,0.0
8,46,32,8,8,8,"[[46,32,8]]_8",42,{40: 42},40.0,40,8814833355099648179516311739904243926664496075879107185633602290929108765757219,0.9501823358579345,0.8695652173913043,0.8695652173913043,0.9593773482565139,0.9593773482565139,0.009195012398579339,0.009195012398579339,1,stabilizer matrix,Semi-Perfect Quantum Code,0.6956521739130435,0.0,0.984375,False,True,0.0,0.0
8,46,34,7,7,7,"[[46,34,7]]_8",36,{41: 36},41.0,41,81268463615308951508711361894726931811687305284934207711451260145639100328200702,0.9617935330304093,0.8913043478260869,0.8913043478260869,0.9705907760084816,0.9705907760084816,0.008797242978072384,0.008797242978072384,1,stabilizer matrix,Semi-Perfect Quantum Code,0.7391304347826086,0.0,0.984375,False,True,0.0,0.0
8,46,36,6,6,6,"[[46,36,6]]_8",30,{42: 30},42.0,42,609513477114817136315335214210451988587654789637006557835884451092293252461505265,0.9723257453333386,0.9130434782608695,0.9130434782608695,0.9806241848148954,0.9806241848148954,0.00829843948155684,0.00829843948155684,1,stabilizer matrix,Semi-Perfect Quantum Code,0.782608695652174,0.0,0.984375,False,True,0.0,0.0
8,46,38,5,5,5,"[[46,38,5]]_8",24,{43: 24},43.0,43,3572032470533346938406150557698462816839279232291294245921927480819951153960449460,0.9815685539159394,0.9347826086956522,0.9347826086956522,0.9892123722274107,0.9892123722274107,0.007643818311471207,0.007643818311471207,1,stabilizer matrix,Semi-Perfect Quantum Code,0.8260869565217391,0.0,0.984375,False,True,0.0,0.0
8,46,40,4,4,4,"[[46,40,4]]_8",18,{44: 18},44.0,44,15343503112063694803608237622841124372332358520523968465437370315340244729511930635,0.9891874336463155,0.9565217391304348,0.9565217391304348,0.9959028093933979,0.9959028093933979,0.006715375747082475,0.006715375747082475,1,stabilizer matrix,Semi-Perfect Quantum Code,0.8695652173913043,0.0,0.984375,False,True,0.0,0.0
8,46,42,3,3,3,"[[46,42,3]]_8",12,{45: 12},45.0,45,42961808713778345450103065343955148242530603857467111703224636882952685242633405778,0.9945694149041786,0.9782608695652174,0.9782608695652174,0.9997393376858097,0.9997393376858097,0.005169922781631087,0.005169922781631087,1,stabilizer matrix,Semi-Perfect Quantum Code,0.9130434782608695,0.0,0.984375,False,True,0.0,0.0
8,46,44,2,2,2,"[[46,44,2]]_8",6,{46: 6},46.0,46,58838998890609473116445502536286398679987566152618000810938089644043895006215316609,0.9962133205833196,1.0,1.0,0.9962133205833195,0.9962133205833195,-1.1102230246251565e-16,-1.1102230246251565e-16,1,stabilizer matrix,Semi-Perfect Quantum Code,0.9565217391304348,0.0,0.984375,True,True,0.0,0.0
8,47,33,8,8,8,"[[47,33,8]]_8",42,{41: 42},41.0,41,636602964986586786818239001508694299191550558065317960406368204474172952570905499,0.9518604307352816,0.8723404255319149,0.8723404255319149,0.9608678925485006,0.9608678925485006,0.009007461813218987,0.009007461813218987,1,stabilizer matrix,Semi-Perfect Quantum Code,0.7021276595744681,0.0,0.984375,False,True,0.0,0.0
8,47,35,7,7,7,"[[47,35,7]]_8",36,{42: 36},42.0,42,5729426684879281081364151013578248692723955022587861643657313840267556573138149491,0.9631012995347225,0.8936170212765957,0.8936170212765957,0.9717179453358181,0.9717179453358181,0.008616645801095668,0.008616645801095668,1,stabilizer matrix,Semi-Perfect Quantum Code,0.7446808510638298,0.0,0.984375,False,True,0.0,0.0
8,47,37,6,6,6,"[[47,37,6]]_8",30,{43: 30},43.0,43,41971381528766826526272269052956938097861530979422707389582647899634426059035281155,0.973289041604528,0.9148936170212766,0.9148936170212766,0.9814160577558694,0.9814160577558694,0.00812701615134137,0.00812701615134137,1,stabilizer matrix,Semi-Perfect Quantum Code,0.7872340425531915,0.0,0.984375,False,True,0.0,0.0
8,47,39,5,5,5,"[[47,39,5]]_8",24,{44: 24},44.0,44,240381548755664551923195722757844281833206950154875505958518801606997167429020246615,0.9822175816926932,0.9361702127659575,0.9361702127659575,0.9897025317043998,0.9897025317043998,0.00748495001170657,0.00748495001170657,1,stabilizer matrix,Semi-Perfect Quantum Code,0.8297872340425532,0.0,0.984375,False,True,0.0,0.0
8,47,41,4,4,4,"[[47,41,4]]_8",18,{45: 18},45.0,45,1009602504773791118077422035582945983699469190650477125025778966749388103201885035783,0.9895593878199678,0.9574468085106383,0.9574468085106383,0.9961343377713116,0.9961343377713116,0.006574949951343778,0.006574949951343778,1,stabilizer matrix,Semi-Perfect Quantum Code,0.8723404255319149,0.0,0.984375,False,True,0.0,0.0
8,47,43,3,3,3,"[[47,43,3]]_8",12,{46: 12},46.0,46,2765432947858645236472938619205460737959415609173046038114090213270063065292119880623,0.9947144160733115,0.9787234042553191,0.9787234042553191,0.9997755408908602,0.9997755408908602,0.005061124817548723,0.005061124817548723,1,stabilizer matrix,Semi-Perfect Quantum Code,0.9148936170212766,0.0,0.984375,False,True,0.0,0.0
8,47,45,2,2,2,"[[47,45,2]]_8",6,{47: 6},47.0,47,3706856930108396806336066659786043116839216667614934051089099647574765385391564946367,0.9962133205833195,1.0,1.0,0.9962133205833195,0.9962133205833195,0.0,0.0,1,stabilizer matrix,Semi-Perfect Quantum Code,0.9574468085106383,0.0,0.984375,True,True,0.0,0.0
8,48,34,8,8,8,"[[48,34,8]]_8",42,{42: 42},42.0,42,45835413479034248650913208108625989541791640180702893149258510722140452585105195928,0.9534533557944158,0.875,0.875,0.962280729377004,0.962280729377004,0.008827373582588227,0.008827373582588227,1,stabilizer matrix,Semi-Perfect Quantum Code,0.7083333333333334,0.0,0.984375,False,True,0.0,0.0
8,48,36,7,7,7,"[[48,36,7]]_8",36,{43: 36},43.0,43,402925262676161534652213782908386605739470697402457990939993419836490490166738699088,0.9643421671469121,0.8958333333333334,0.8958333333333334,0.9727854577030726,0.9727854577030726,0.008443290556160443,0.008443290556160443,1,stabilizer matrix,Semi-Perfect Quantum Code,0.75,0.0,0.984375,False,True,0.0,0.0
8,48,38,6,6,6,"[[48,38,6]]_8",30,{44: 30},44.0,44,2884578585067974623078348673094131381998483401858506071502225619283966009148242959380,0.9742025018682663,0.9166666666666666,0.9166666666666666,0.9821650189186485,0.9821650189186485,0.0079625170503822,0.0079625170503822,1,stabilizer matrix,Semi-Perfect Quantum Code,0.7916666666666666,0.0,0.984375,False,True,0.0,0.0
8,48,40,5,5,5,"[[48,40,5]]_8",24,{45: 24},45.0,45,16153640076380657889238752569327135739191507050407634000412463467990209651230160572528,0.9828324561292741,0.9375,0.9375,0.9901649991496977,0.9901649991496977,0.007332543020423632,0.007332543020423632,1,stabilizer matrix,Semi-Perfect Quantum Code,0.8333333333333334,0.0,0.984375,False,True,0.0,0.0
8,48,42,4,4,4,"[[48,42,4]]_8",18,{46: 18},46.0,46,66370390748607485675350526860931057711025974620153104914738165118481513567010877134952,0.9899112077548438,0.9583333333333334,0.9583333333333334,0.996351481031212,0.996351481031212,0.0064402732763682025,0.0064402732763682025,1,stabilizer matrix,Semi-Perfect Quantum Code,0.875,0.0,0.984375,False,True,0.0,0.0
8,48,44,3,3,3,"[[48,44,3]]_8",12,{47: 12},47.0,47,177929132645203046704131199669730069608282400045516834452276783083588738498795117425616,0.9948511073097822,0.9791666666666666,0.9791666666666666,0.9998079180911897,0.9998079180911897,0.004956810781407528,0.004956810781407528,1,stabilizer matrix,Semi-Perfect Quantum Code,0.9166666666666666,0.0,0.984375,False,True,0.0,0.0
8,48,46,2,2,2,"[[48,46,2]]_8",6,{48: 6},48.0,48,233531986596828998799172199566520716360870650059740845218613277797210219279668591621121,0.9962133205833196,1.0,1.0,0.9962133205833195,0.9962133205833195,-1.1102230246251565e-16,-1.1102230246251565e-16,1,stabilizer matrix,Semi-Perfect Quantum Code,0.9583333333333334,0.0,0.984375,True,True,0.0,0.0
8,49,35,8,8,8,"[[49,35,8]]_8",42,{43: 42},43.0,43,3290556311855319199659745893751823946872344028786740259343279595331339003028366042552,0.9549669778289277,0.8775510204081632,0.8775510204081632,0.963621291209607,0.963621291209607,0.008654313380679346,0.008654313380679346,1,stabilizer matrix,Semi-Perfect Quantum Code,0.7142857142857143,0.0,0.984375,False,True,0.0,0.0
8,49,37,7,7,7,"[[49,37,7]]_8",36,{44: 36},44.0,44,28268870133666151306167816996322487543585137338213359500721811068982866889652781001924,0.9655207560792126,0.8979591836734694,0.8979591836734694,0.9737975078270873,0.9737975078270873,0.008276751747874678,0.008276751747874678,1,stabilizer matrix,Semi-Perfect Quantum Code,0.7551020408163265,0.0,0.984375,False,True,0.0,0.0
8,49,39,6,6,6,"[[49,39,6]]_8",30,{45: 30},45.0,45,197882090935663059143174718974257412805095961367493516505052677482880068227569467013468,0.9750695823447147,0.9183673469387755,0.9183673469387755,0.9828741142323337,0.9828741142323337,0.007804531887618982,0.007804531887618982,1,stabilizer matrix,Semi-Perfect Quantum Code,0.7959183673469388,0.0,0.984375,False,True,0.0,0.0
8,49,41,5,5,5,"[[49,41,5]]_8",24,{46: 24},46.0,46,1084049715560588932697391938728540609280090918795834046940723363601864721594510993204216,0.983415561825813,0.9387755102040817,0.9387755102040817,0.9906017733396439,0.9906017733396439,0.00718621151383092,0.00718621151383092,1,stabilizer matrix,Semi-Perfect Quantum Code,0.8367346938775511,0.0,0.984375,False,True,0.0,0.0
8,49,43,4,4,4,"[[49,43,4]]_8",18,{47: 18},47.0,47,4359263749807474644251214391908386705402918801115162444080781185547924093220480376927592,0.9902443154739199,0.9591836734693877,0.9591836734693877,0.9965553154329672,0.9965553154329672,0.00631099995904727,0.00631099995904727,1,stabilizer matrix,Semi-Perfect Quantum Code,0.8775510204081632,0.0,0.984375,False,True,0.0,0.0
8,49,45,3,3,3,"[[49,45,3]]_8",12,{48: 12},48.0,48,11443067343244620941159437778759515101682661852927301415712050612063300744703760989434929,0.9949800890207865,0.9795918367346939,0.9795918367346939,0.999836798146346,0.999836798146346,0.004856709125559466,0.004856709125559466,1,stabilizer matrix,Semi-Perfect Quantum Code,0.9183673469387755,0.0,0.984375,False,True,0.0,0.0
8,49,47,2,2,2,"[[49,47,2]]_8",6,{49: 6},49.0,49,14712515155600226924347848572690805130734850953763673248772636501224243814619121272130623,0.9962133205833196,1.0,1.0,0.9962133205833195,0.9962133205833195,-1.1102230246251565e-16,-1.1102230246251565e-16,1,stabilizer matrix,Semi-Perfect Quantum Code,0.9591836734693877,0.0,0.984375,True,True,0.0,0.0
8,50,36,8,8,8,"[[50,36,8]]_8",42,{44: 42},44.0,44,235573917780551260884731808302687396196542811151777995839348425574857224080439841682700,0.9564066532544736,0.88,0.88,0.9648945329945484,0.9648945329945484,0.00848787974007481,0.00848787974007481,1,stabilizer matrix,Semi-Perfect Quantum Code,0.72,0.0,0.984375,False,True,0.0,0.0
8,50,38,7,7,7,"[[50,38,7]]_8",36,{45: 36},45.0,45,1978820909356630591431747189742574128050959613674935165050526774828800682275694670134680,0.9666412843474449,0.9,0.9,0.9747579207898678,0.9747579207898678,0.008116636442422887,0.008116636442422887,1,stabilizer matrix,Semi-Perfect Quantum Code,0.76,0.0,0.984375,False,True,0.0,0.0
8,50,40,6,6,6,"[[50,40,6]]_8",30,{46: 30},46.0,46,13550621444507361658717399234106757616001136484947925586759042045023309019931387415052700,0.9758934378885458,0.92,0.92,0.983546119970366,0.983546119970366,0.007652682081820239,0.007652682081820239,1,stabilizer matrix,Semi-Perfect Quantum Code,0.8,0.0,0.984375,False,True,0.0,0.0
8,50,42,5,5,5,"[[50,42,5]]_8",24,{47: 24},47.0,47,72654395830124577404186906531806445090048646685252707401346353092465401553674672948793200,0.9839690747946201,0.94,0.94,0.9910146745407329,0.9910146745407329,0.007045599746112741,0.007045599746112741,1,stabilizer matrix,Semi-Perfect Quantum Code,0.84,0.0,0.984375,False,True,0.0,0.0
8,50,44,4,4,4,"[[50,44,4]]_8",18,{48: 18},48.0,48,286076683581115523528985944468987877542066546323182535392801265301582518617594024735873225,0.9905600078729532,0.96,0.96,0.9967468192737224,0.9967468192737224,0.006186811400769265,0.006186811400769265,1,stabilizer matrix,Semi-Perfect Quantum Code,0.88,0.0,0.984375,False,True,0.0,0.0
8,50,46,3,3,3,"[[50,46,3]]_8",12,{49: 12},49.0,49,735625757780011346217392428634540256536742547688183662438631825061212190730956063606531150,0.9951019081375688,0.98,0.98,0.9998624779286232,0.9998624779286232,0.004760569791054325,0.004760569791054325,1,stabilizer matrix,Semi-Perfect Quantum Code,0.92,0.0,0.984375,False,True,0.0,0.0
8,50,48,2,2,2,"[[50,48,2]]_8",6,{50: 6},50.0,50,926888454802814296233914460079520723236295610087111414672676099577127360321004640144229249,0.9962133205833194,1.0,1.0,0.9962133205833195,0.9962133205833195,1.1102230246251565e-16,1.1102230246251565e-16,1,stabilizer matrix,Semi-Perfect Quantum Code,0.96,0.0,0.984375,True,True,0.0,0.0
8,51,37,8,8,8,"[[51,37,8]]_8",42,{45: 42},45.0,45,16819977729531360027169851112811880088433156716236948902929477586044805799343404696144780,0.957777281521189,0.8823529411764706,0.8823529411764706,0.9661049825453603,0.9661049825453603,0.008327701024171241,0.008327701024171241,1,stabilizer matrix,Semi-Perfect Quantum Code,0.7254901960784313,0.0,0.984375,False,True,0.0,0.0
8,51,39,7,7,7,"[[51,39,7]]_8",36,{46: 36},46.0,46,138216338733975088918917472187888927683211592146468840984942228859237752003300151633537540,0.9677076098485224,0.9019607843137255,0.9019607843137255,0.9756701910734741,0.9756701910734741,0.007962581224951637,0.007962581224951637,1,stabilizer matrix,Semi-Perfect Quantum Code,0.7647058823529411,0.0,0.984375,False,True,0.0,0.0
8,51,41,6,6,6,"[[51,41,6]]_8",30,{47: 30},47.0,47,926343546834088361903383058280532174898120245236972019367166001928933869809352080097113300,0.9766769535305803,0.9215686274509803,0.9215686274509803,0.9841835712947496,0.9841835712947496,0.007506617764169388,0.007506617764169388,1,stabilizer matrix,Semi-Perfect Quantum Code,0.803921568627451,0.0,0.984375,False,True,0.0,0.0
8,51,43,5,5,5,"[[51,43,5]]_8",24,{48: 24},48.0,48,4863303620878963899992761055972793918215131287494103101677621510126902816499098420509844825,0.9844949843239749,0.9411764705882353,0.9411764705882353,0.9914053635024945,0.9914053635024945,0.0069103791785196655,0.0069103791785196655,1,stabilizer matrix,Semi-Perfect Quantum Code,0.8431372549019608,0.0,0.984375,False,True,0.0,0.0
8,51,45,4,4,4,"[[51,45,4]]_8",18,{49: 18},49.0,49,18758456823390289328543506930180776541686934966048683392185111539060910863639379621966544325,0.9908594698798763,0.9607843137254902,0.9607843137254902,0.9969268834326699,0.9969268834326699,0.00606741355279361,0.00606741355279361,1,stabilizer matrix,Semi-Perfect Quantum Code,0.8823529411764706,0.0,0.984375,False,True,0.0,0.0
8,51,47,3,3,3,"[[51,47,3]]_8",12,{50: 12},50.0,50,47271311194943529107929637464055556885051076114442682148306481078433495376371236647355691699,0.995217063780939,0.9803921568627451,0.9803921568627451,0.9998852259045944,0.9998852259045944,0.004668162123655395,0.004668162123655395,1,stabilizer matrix,Semi-Perfect Quantum Code,0.9215686274509803,0.0,0.984375,False,True,0.0,0.0
8,51,49,2,2,2,"[[51,49,2]]_8",6,{51: 6},51.0,51,58393972652577300662736610985009805563886623435488019124378594273359023700223292329086442687,0.9962133205833195,1.0,1.0,0.9962133205833195,0.9962133205833195,0.0,0.0,1,stabilizer matrix,Semi-Perfect Quantum Code,0.9607843137254902,0.0,0.984375,True,True,0.0,0.0
8,52,38,8,8,8,"[[52,38,8]]_8",42,{46: 42},46.0,46,1197874935694450770630618092295037373254500465269396621869499316780060517361934647490658680,0.9590833520226533,0.8846153846153846,0.8846153846153846,0.9672567847480238,0.9672567847480238,0.008173432725370522,0.008173432725370522,1,stabilizer matrix,Semi-Perfect Quantum Code,0.7307692307692307,0.0,0.984375,False,True,0.0,0.0
8,52,40,7,7,7,"[[52,40,7]]_8",36,{47: 36},47.0,47,9633972887074518963795183806117534618940450550464509001418526420060912246017261633009978320,0.968723267319267,0.9038461538461539,0.9038461538461539,0.9765375168094459,0.9765375168094459,0.007814249490178948,0.007814249490178948,1,stabilizer matrix,Semi-Perfect Quantum Code,0.7692307692307693,0.0,0.984375,False,True,0.0,0.0
8,52,42,6,6,6,"[[52,42,6]]_8",30,{48: 30},48.0,48,63222947071426530699905893727646320936796706737423340321809079631649736614488279466627982725,0.9774227721835813,0.9230769230769231,0.9230769230769231,0.9847887872971709,0.9847887872971709,0.007366015113589586,0.007366015113589586,1,stabilizer matrix,Semi-Perfect Quantum Code,0.8076923076923077,0.0,0.984375,False,True,0.0,0.0
8,52,44,5,5,5,"[[52,44,5]]_8",24,{49: 24},49.0,49,325146584938765015028087453456466793389240206078177178797875266677055788303082580114086768300,0.9849951121816092,0.9423076923076923,0.9423076923076923,0.9917753581122566,0.9917753581122566,0.0067802459306474105,0.0067802459306474105,1,stabilizer matrix,Semi-Perfect Quantum Code,0.8461538461538461,0.0,0.984375,False,True,0.0,0.0
8,52,46,4,4,4,"[[52,46,4]]_8",18,{50: 18},50.0,50,1229054091068531756806170574065444479011327978975509735855968508039270879785652152831247984174,0.991143786009963,0.9615384615384616,0.9615384615384616,0.9970963206076807,0.9970963206076807,0.005952534597717718,0.005952534597717718,1,stabilizer matrix,Semi-Perfect Quantum Code,0.8846153846153846,0.0,0.984375,False,True,0.0,0.0
8,52,48,3,3,3,"[[52,48,3]]_8",12,{51: 12},51.0,51,3036486577934019634462303771220509889322104418645376994467686902214669232411611201112495019724,0.9953260122328104,0.9807692307692307,0.9807692307692307,0.9999052852605329,0.9999052852605329,0.004579273027722541,0.004579273027722541,1,stabilizer matrix,Semi-Perfect Quantum Code,0.9230769230769231,0.0,0.984375,False,True,0.0,0.0
8,52,50,2,2,2,"[[52,50,2]]_8",6,{52: 6},52.0,52,3678820277112369941752406492055617750524857276435745204835851439221618493114067416732445889281,0.9962133205833195,1.0,1.0,0.9962133205833195,0.9962133205833195,0.0,0.0,1,stabilizer matrix,Semi-Perfect Quantum Code,0.9615384615384616,0.0,0.984375,True,True,0.0,0.0
8,53,39,8,8,8,"[[53,39,8]]_8",42,{47: 42},47.0,47,85100093835824917513524123620704889133973979862436496179196983377204724839819144424921475160,0.9603289854007966,0.8867924528301887,0.8867924528301887,0.9683537404502194,0.9683537404502194,0.008024755049422794,0.008024755049422794,1,stabilizer matrix,Semi-Perfect Quantum Code,0.7358490566037735,0.0,0.984375,False,True,0.0,0.0
8,53,41,7,7,7,"[[53,41,7]]_8",36,{48: 36},48.0,48,670163238957121225419002473513051001930045091416687407411176244095487208113575762346256616885,0.9696915008835008,0.9056603773584906,0.9056603773584906,0.9773628299081549,0.9773628299081549,0.007671329024654172,0.007671329024654172,1,stabilizer matrix,Semi-Perfect Quantum Code,0.7735849056603774,0.0,0.984375,False,True,0.0,0.0
8,53,43,6,6,6,"[[53,43,6]]_8",30,{49: 30},49.0,49,4308192250438636449122158758298185012407432730535847619071847283470989195015844186511649679975,0.978133319041589,0.9245283018867925,0.9245283018867925,0.9853638930242147,0.9853638930242147,0.007230573982625721,0.007230573982625721,1,stabilizer matrix,Semi-Perfect Quantum Code,0.8113207547169812,0.0,0.984375,False,True,0.0,0.0
8,53,45,5,5,5,"[[53,45,5]]_8",24,{50: 24},50.0,50,21713288942210727703575680141822852462533460961900672000122110308693785542879854700018714387074,0.9854711295250016,0.9433962264150944,0.9433962264150944,0.9921260480375651,0.9921260480375651,0.006654918512563501,0.006654918512563501,1,stabilizer matrix,Semi-Perfect Quantum Code,0.8490566037735849,0.0,0.984375,False,True,0.0,0.0
8,53,47,4,4,4,"[[53,47,4]]_8",18,{51: 18},51.0,51,80466894315251520313251049937343512067035767094102490353393702908688734658907696829481118022686,0.991413950538365,0.9622641509433962,0.9622641509433962,0.997255873427041,0.997255873427041,0.005841922888676021,0.005841922888676021,1,stabilizer matrix,Semi-Perfect Quantum Code,0.8867924528301887,0.0,0.984375,False,True,0.0,0.0
8,53,49,3,3,3,"[[53,49,3]]_8",12,{52: 12},52.0,52,194977474686955606912877544078947740777817435651094495856300126278745780135045573086819632131893,0.9954291713099337,0.9811320754716981,0.9811320754716981,0.999922876636819,0.999922876636819,0.004493705326885311,0.004493705326885311,1,stabilizer matrix,Semi-Perfect Quantum Code,0.9245283018867925,0.0,0.984375,False,True,0.0,0.0
8,53,51,2,2,2,"[[53,51,2]]_8",6,{53: 6},53.0,53,231765677458079306330401608999503918283066008415451947904658640670961965066186247254144091024703,0.9962133205833196,1.0,1.0,0.9962133205833195,0.9962133205833195,-1.1102230246251565e-16,-1.1102230246251565e-16,1,stabilizer matrix,Semi-Perfect Quantum Code,0.9622641509433962,0.0,0.984375,True,True,0.0,0.0
8,54,40,8,8,8,"[[54,40,8]]_8",42,{48: 42},48.0,48,6031469150614091028771022261617459017370405822750186666700586196859384873022181861116309551965,0.9615179700073936,0.8888888888888888,0.8888888888888888,0.9693993407588916,0.9693993407588916,0.007881370751497974,0.007881370751497974,1,stabilizer matrix,Semi-Perfect Quantum Code,0.7407407407407407,0.0,0.984375,False,True,0.0,0.0
8,54,42,7,7,7,"[[54,42,7]]_8",36,{49: 36},49.0,49,46528476304737273650519314589620398134000273489787154285975950661486683306171117214325816543730,0.9706152927854982,0.9074074074074074,0.9074074074074074,0.9781488226303741,0.9781488226303741,0.007533529844875875,0.007533529844875875,1,stabilizer matrix,Semi-Perfect Quantum Code,0.7777777777777778,0.0,0.984375,False,True,0.0,0.0
8,54,44,6,6,6,"[[54,44,6]]_8",30,{50: 30},50.0,50,293129400719844823998271681914608508244201722985659072001648489167366104828878038450252644225499,0.978810823120722,0.9259259259259259,0.9259259259259259,0.9859108388984164,0.9859108388984164,0.007100015777694368,0.007100015777694368,1,stabilizer matrix,Semi-Perfect Quantum Code,0.8148148148148148,0.0,0.984375,False,True,0.0,0.0
8,54,46,5,5,5,"[[54,46,5]]_8",24,{51: 24},51.0,51,1448404097674527365638518898872183217206643807693844826361086652356397223860338542930660124408348,0.9859245718291431,0.9444444444444444,0.9444444444444444,0.9924587076315226,0.9924587076315226,0.006534135802379493,0.006534135802379493,1,stabilizer matrix,Semi-Perfect Quantum Code,0.8518518518518519,0.0,0.984375,False,True,0.0,0.0
8,54,48,4,4,4,"[[54,48,4]]_8",18,{52: 18},52.0,52,5264391816547801386647693690131589001001070762579551388120103409526136063646230473344130067561111,0.9916708764775382,0.9629629629629629,0.9629629629629629,0.9974062215910068,0.9974062215910068,0.005735345113468626,0.005735345113468626,1,stabilizer matrix,Semi-Perfect Quantum Code,0.8888888888888888,0.0,0.984375,False,True,0.0,0.0
8,54,50,3,3,3,"[[54,50,3]]_8",12,{53: 12},53.0,53,12515346582736282541841686885973211587285564454434405186851566596231946113574057351723780915333962,0.99552692422117,0.9814814814814815,0.9814814814814815,0.9999382005261522,0.9999382005261522,0.004411276304982281,0.004411276304982281,1,stabilizer matrix,Semi-Perfect Quantum Code,0.9259259259259259,0.0,0.984375,False,True,0.0,0.0
8,54,52,2,2,2,"[[54,52,2]]_8",6,{54: 6},54.0,54,14601237679858996298815301366968746851833158530173472717993494362270603799169733577011077734556289,0.9962133205833196,1.0,1.0,0.9962133205833195,0.9962133205833195,-1.1102230246251565e-16,-1.1102230246251565e-16,1,stabilizer matrix,Semi-Perfect Quantum Code,0.9629629629629629,0.0,0.984375,True,True,0.0,0.0
8,55,41,8,8,8,"[[55,41,8]]_8",42,{49: 42},49.0,49,426511032793425008463093717071520316228335840323048914288112881063627930306568574464653318317525,0.9626537941675907,0.8909090909090909,0.8909090909090909,0.9703967973617578,0.9703967973617578,0.007743003194167097,0.007743003194167097,1,stabilizer matrix,Semi-Perfect Quantum Code,0.7454545454545455,0.0,0.984375,False,True,0.0,0.0
8,55,43,7,7,7,"[[55,43,7]]_8",36,{50: 36},50.0,50,3224423407918293063980988501060693590686218952842249792018133380841027153117658422952779086480489,0.971497388817428,0.9090909090909091,0.9090909090909091,0.9788979710778154,0.9788979710778154,0.007400582260387423,0.007400582260387423,1,stabilizer matrix,Semi-Perfect Quantum Code,0.7818181818181819,0.0,0.984375,False,True,0.0,0.0
8,55,45,6,6,6,"[[55,45,6]]_8",30,{51: 30},51.0,51,19915556343024751277529634859492519236591352355790366362464941469900461828079654965296576710614785,0.9794573363217183,0.9272727272727272,0.9272727272727272,0.9864314178842599,0.9864314178842599,0.006974081562541645,0.006974081562541645,1,stabilizer matrix,Semi-Perfect Quantum Code,0.8181818181818182,0.0,0.984375,False,True,0.0,0.0
8,55,47,5,5,5,"[[55,47,5]]_8",24,{52: 24},52.0,52,96513849970043025421874384319079131685019630647291775448868562507979161166847558677975717905287035,0.9863568520955329,0.9454545454545454,0.9454545454545454,0.9927745073343991,0.9927745073343991,0.006417655238866171,0.006417655238866171,1,stabilizer matrix,Semi-Perfect Quantum Code,0.8545454545454545,0.0,0.984375,False,True,0.0,0.0
8,55,49,4,4,4,"[[55,49,4]]_8",18,{53: 18},53.0,53,344172031025247769900646389364263318650353022496946142638418081396378518123286577172403975171683955,0.9919154035187385,0.9636363636363636,0.9636363636363636,0.9975479881742495,0.9975479881742495,0.005632584655510975,0.005632584655510975,1,stabilizer matrix,Semi-Perfect Quantum Code,0.8909090909090909,0.0,0.984375,False,True,0.0,0.0
8,55,51,3,3,3,"[[55,51,3]]_8",12,{54: 12},54.0,54,803068072392244796434841575183281076850823719159540999489642189924883208954335346735609275400595895,0.9956196229773338,0.9818181818181818,0.9818181818181818,0.9999514393818923,0.9999514393818923,0.004331816404558597,0.004331816404558597,1,stabilizer matrix,Semi-Perfect Quantum Code,0.9272727272727272,0.0,0.984375,False,True,0.0,0.0
8,55,53,2,2,2,"[[55,53,2]]_8",6,{55: 6},55.0,55,919877973831116766825363986119031051665488987400928781233590144823048039347693215351697897277046207,0.9962133205833195,1.0,1.0,0.9962133205833195,0.9962133205833195,0.0,0.0,1,stabilizer matrix,Semi-Perfect Quantum Code,0.9636363636363636,0.0,0.984375,True,True,0.0,0.0
8,56,42,8,8,8,"[[56,42,8]]_8",42,{50: 42},50.0,50,30094618473904068597155892676566473513071376893194331392169244887849586762431478614225938140484564,0.9637396747949039,0.8928571428571429,0.8928571428571429,0.971349069396305,0.971349069396305,0.007609394601401198,0.007609394601401198,1,stabilizer matrix,Semi-Perfect Quantum Code,0.75,0.0,0.984375,False,True,0.0,0.0
8,56,44,7,7,7,"[[56,44,7]]_8",36,{51: 36},51.0,51,223054231041877214308331910426316215449823146384852103259607344462885172474492135611321659158885592,0.9723403208730276,0.9107142857142857,0.9107142857142857,0.9796125560081502,0.9796125560081502,0.007272235135122651,0.007272235135122651,1,stabilizer matrix,Semi-Perfect Quantum Code,0.7857142857142857,0.0,0.984375,False,True,0.0,0.0
8,56,46,6,6,6,"[[56,46,6]]_8",30,{52: 30},52.0,52,1351193899580602355906241380467107843590274829062084856284159875111708256335865821491660050674018490,0.980074750338046,0.9285714285714286,0.9285714285714286,0.9869272806960855,0.9869272806960855,0.006852530358039455,0.006852530358039455,1,stabilizer matrix,Semi-Perfect Quantum Code,0.8214285714285714,0.0,0.984375,False,True,0.0,0.0
8,56,48,5,5,5,"[[56,48,5]]_8",24,{53: 24},53.0,53,6424544579137958371478732601466248614806589753276327995917137519399065671634682773884874203204767160,0.9867692725670244,0.9464285714285714,0.9464285714285714,0.9930745237699654,0.9930745237699654,0.006305251202941009,0.006305251202941009,1,stabilizer matrix,Semi-Perfect Quantum Code,0.8571428571428571,0.0,0.984375,False,True,0.0,0.0
8,56,50,4,4,4,"[[56,50,4]]_8",18,{54: 18},54.0,54,22485906026982854300175564105131870151823064136467147985709981317896729850721389708597059711216685060,0.9921483050731482,0.9642857142857143,0.9642857142857143,0.9976817452005775,0.9976817452005775,0.00553344012742929,0.00553344012742929,1,stabilizer matrix,Semi-Perfect Quantum Code,0.8928571428571429,0.0,0.984375,False,True,0.0,0.0
8,56,52,3,3,3,"[[56,52,3]]_8",12,{55: 12},55.0,55,51513166534542538942220383222665738893267383294452011749081048110090690203470820059695082247514587592,0.9957075914123602,0.9821428571428571,0.9821428571428571,0.9999627594757886,0.9999627594757886,0.004255168063428405,0.004255168063428405,1,stabilizer matrix,Semi-Perfect Quantum Code,0.9285714285714286,0.0,0.984375,False,True,0.0,0.0
8,56,54,2,2,2,"[[56,54,2]]_8",6,{56: 6},56.0,56,57952312351360356309997931125498956254925806206258513217716179123852026478904672567156967528453911041,0.9962133205833195,1.0,1.0,0.9962133205833195,0.9962133205833195,0.0,0.0,1,stabilizer matrix,Semi-Perfect Quantum Code,0.9642857142857143,0.0,0.984375,True,True,0.0,0.0
8,57,43,8,8,8,"[[57,43,8]]_8",42,{51: 42},51.0,51,2119015194897833535929153149050004046773319890656094980966269772397409138507675288307555762009413124,0.9647785828268446,0.8947368421052632,0.8947368421052632,0.972258887312903,0.972258887312903,0.007480304486058409,0.007480304486058409,1,stabilizer matrix,Semi-Perfect Quantum Code,0.7543859649122807,0.0,0.984375,False,True,0.0,0.0
8,57,45,7,7,7,"[[57,45,7]]_8",36,{52: 36},52.0,52,15403610455218866857331151737325029416929133051307767361639422576273474122228870365004924577683810786,0.9731464269966691,0.9122807017543859,0.9122807017543859,0.9802946813205039,0.9802946813205039,0.007148254323834813,0.007148254323834813,1,stabilizer matrix,Semi-Perfect Quantum Code,0.7894736842105263,0.0,0.984375,False,True,0.0,0.0
8,57,47,6,6,6,"[[57,47,6]]_8",30,{53: 30},53.0,53,91549760252715906793571939570894042760993903984187673941819209651436685820794229527859457395667932030,0.9806648116862132,0.9298245614035088,0.9298245614035088,0.9873999493012758,0.9873999493012758,0.006735137615062614,0.006735137615062614,1,stabilizer matrix,Semi-Perfect Quantum Code,0.8245614035087719,0.0,0.984375,False,True,0.0,0.0
8,57,49,5,5,5,"[[57,49,5]]_8",24,{54: 24},54.0,54,427232214512674231703335717997505532884638218592875811728489645040037867163706404463344134513117016140,0.9871630351404134,0.9473684210526315,0.9473684210526315,0.9933597487058333,0.9933597487058333,0.0061967135654199534,0.0061967135654199534,1,stabilizer matrix,Semi-Perfect Quantum Code,0.8596491228070176,0.0,0.984375,False,True,0.0,0.0
8,57,51,4,4,4,"[[57,51,4]]_8",18,{55: 18},55.0,55,1468125246234462359853280921845973558458120423891882334848809871137584670798918371701309844054165746372,0.9923702945284145,0.9649122807017544,0.9649122807017544,0.9978080185848813,0.9978080185848813,0.005437724056466808,0.005437724056466808,1,stabilizer matrix,Semi-Perfect Quantum Code,0.8947368421052632,0.0,0.984375,False,True,0.0,0.0
8,57,53,3,3,3,"[[57,53,3]]_8",12,{56: 12},56.0,56,3303281804027540309669882074153440506530770953756735253409822210059565509297566336327947149121872929337,0.9957911278659651,0.9824561403508771,0.9824561403508771,0.9999723125384788,0.9999723125384788,0.004181184672513716,0.004181184672513716,1,stabilizer matrix,Semi-Perfect Quantum Code,0.9298245614035088,0.0,0.984375,False,True,0.0,0.0
8,57,55,2,2,2,"[[57,55,2]]_8",6,{57: 6},57.0,57,3650995678135702447529869660906434244060325790994286332716119284802677668170994371730888954292596395583,0.9962133205833195,1.0,1.0,0.9962133205833195,0.9962133205833195,0.0,0.0,1,stabilizer matrix,Semi-Perfect Quantum Code,0.9649122807017544,0.0,0.984375,True,True,0.0,0.0
8,58,44,8,8,8,"[[58,44,8]]_8",42,{52: 42},52.0,52,148901567733782379620867800127475284363648286162641751162514418237310249848212413528380937584276837598,0.965773265882952,0.896551724137931,0.896551724137931,0.97312877411417,0.97312877411417,0.007355508231218,0.007355508231218,1,stabilizer matrix,Semi-Perfect Quantum Code,0.7586206896551724,0.0,0.984375,False,True,0.0,0.0
8,58,46,7,7,7,"[[58,46,7]]_8",36,{53: 36},53.0,53,1061977218931504518805434499022370896027529286216577017725102831956665555521213062523169705789748011548,0.9739178692440378,0.9137931034482759,0.9137931034482759,0.9809462905074955,0.9809462905074955,0.007028421263457707,0.007028421263457707,1,stabilizer matrix,Semi-Perfect Quantum Code,0.7931034482758621,0.0,0.984375,False,True,0.0,0.0
8,58,48,6,6,6,"[[58,48,6]]_8",30,{54: 30},54.0,54,6194867110433776359698367910963830226827254169596699270063099853080549073873742864718489950440196734030,0.9812291350952556,0.9310344827586207,0.9310344827586207,0.9878508289355384,0.9878508289355384,0.006621693840282883,0.006621693840282883,1,stabilizer matrix,Semi-Perfect Quantum Code,0.8275862068965517,0.0,0.984375,False,True,0.0,0.0
8,58,50,5,5,5,"[[58,50,5]]_8",24,{55: 24},55.0,55,28383754760532938957163431155688822130190328195243058473743657508659970302112421852891990318380537763192,0.9875392506411615,0.9482758620689655,0.9482758620689655,0.9936310970226289,0.9936310970226289,0.006091846381467314,0.006091846381467314,1,stabilizer matrix,Semi-Perfect Quantum Code,0.8620689655172413,0.0,0.984375,False,True,0.0,0.0
8,58,52,4,4,4,"[[58,52,4]]_8",18,{56: 18},56.0,56,95795172316798668980426580150449774689392357658945322348884844091727399769629423753510467324534314950773,0.9925820308197922,0.9655172413793104,0.9655172413793104,0.9979272925234732,0.9979272925234732,0.005345261703680992,0.005345261703680992,1,stabilizer matrix,Semi-Perfect Quantum Code,0.896551724137931,0.0,0.984375,False,True,0.0,0.0
8,58,54,3,3,3,"[[58,54,3]]_8",12,{57: 12},57.0,57,211757749331870741956732440332573186155498895877668607297534918518555304753917673560391559348970590943814,0.9958705075707553,0.9827586206896551,0.9827586206896551,0.9999802372112189,0.9999802372112189,0.004109729640463522,0.004109729640463522,1,stabilizer matrix,Semi-Perfect Quantum Code,0.9310344827586207,0.0,0.984375,False,True,0.0,0.0
8,58,56,2,2,2,"[[58,56,2]]_8",6,{58: 6},58.0,58,230012727722549254194381788637105357375800524832640038961115514942568693094772645419046004120433572921729,0.9962133205833196,1.0,1.0,0.9962133205833195,0.9962133205833195,-1.1102230246251565e-16,-1.1102230246251565e-16,1,stabilizer matrix,Semi-Perfect Quantum Code,0.9655172413793104,0.0,0.984375,True,True,0.0,0.0
8,59,45,8,8,8,"[[59,45,8]]_8",42,{53: 42},53.0,53,10442775986159794434920105907053313810937371314463007340963511180907211295958595114811168773599188780222,0.966726268490299,0.8983050847457628,0.8983050847457628,0.9739610642984965,0.9739610642984965,0.007234795808197525,0.007234795808197525,1,stabilizer matrix,Semi-Perfect Quantum Code,0.7627118644067796,0.0,0.984375,False,True,0.0,0.0
8,59,47,7,7,7,"[[59,47,7]]_8",36,{54: 36},54.0,54,73099431903118561044440741349373196676561599201241051386744578266350479071710165803678181415194321461554,0.9746566496260549,0.9152542372881356,0.9152542372881356,0.9815691813279096,0.9815691813279096,0.006912531701854685,0.006912531701854685,1,stabilizer matrix,Semi-Perfect Quantum Code,0.7966101694915254,0.0,0.984375,False,True,0.0,0.0
8,59,49,6,6,6,"[[59,49,6]]_8",30,{55: 30},55.0,55,418660382717860849618160609546410126420307340879835112487718948252734561956158222330156857196112932007082,0.9817692154590001,0.9322033898305084,0.9322033898305084,0.9882812188163497,0.9882812188163497,0.006512003357349583,0.006512003357349583,1,stabilizer matrix,Semi-Perfect Quantum Code,0.8305084745762712,0.0,0.984375,False,True,0.0,0.0
8,59,51,5,5,5,"[[59,51,5]]_8",24,{56: 24},56.0,56,1883971722230373823281722742958845568891383033959258006194735267137305528802712000485705857382508194031869,0.9878989471014925,0.9491525423728814,0.9491525423728814,0.9938894138162562,0.9938894138162562,0.005990466714763665,0.005990466714763665,1,stabilizer matrix,Semi-Perfect Quantum Code,0.864406779661017,0.0,0.984375,False,True,0.0,0.0
8,59,53,4,4,4,"[[59,53,4]]_8",18,{57: 18},57.0,57,6246853605290186887723606989810908991587217428391223915277280096297381490240571370031551000794632432842513,0.9927841234010867,0.9661016949152542,0.9661016949152542,0.9980400134024114,0.9980400134024114,0.005255890001324759,0.005255890001324759,1,stabilizer matrix,Semi-Perfect Quantum Code,0.8983050847457628,0.0,0.984375,False,True,0.0,0.0
8,59,55,3,3,3,"[[59,55,3]]_8",12,{58: 12},58.0,58,13570750935630405997468525529589216085172230965125762298705815381611552892591586079723714243105580802382011,0.9959459847806695,0.9830508474576272,0.9830508474576272,0.9999866603331768,0.9999866603331768,0.004040675552507311,0.004040675552507311,1,stabilizer matrix,Semi-Perfect Quantum Code,0.9322033898305084,0.0,0.984375,False,True,0.0,0.0
8,59,57,2,2,2,"[[59,57,2]]_8",6,{59: 6},59.0,59,14490801846520603014246052684137637514675433064456322454550277441381827664970676661399898259587315094068927,0.9962133205833195,1.0,1.0,0.9962133205833195,0.9962133205833195,0.0,0.0,1,stabilizer matrix,Semi-Perfect Quantum Code,0.9661016949152542,0.0,0.984375,True,True,0.0,0.0
8,60,46,8,8,8,"[[60,46,8]]_8",42,{54: 42},54.0,54,730994319031185610444407413493731966765615992012410513867445782663504790717101658036781814151943214615540,0.967639950173641,0.9,0.9,0.9747579207898678,0.9747579207898678,0.007117970616226765,0.007117970616226765,1,stabilizer matrix,Semi-Perfect Quantum Code,0.7666666666666667,0.0,0.984375,False,True,0.0,0.0
8,60,48,7,7,7,"[[60,48,7]]_8",36,{55: 36},55.0,55,5023924592614330195417927314556921517043688090558021349852627379032814743473898667961882286353355184084984,0.9753646243700199,0.9166666666666666,0.9166666666666666,0.9821650189186485,0.9821650189186485,0.006800394548628574,0.006800394548628574,1,stabilizer matrix,Semi-Perfect Quantum Code,0.8,0.0,0.984375,False,True,0.0,0.0
8,60,50,6,6,6,"[[60,50,6]]_8",30,{56: 30},56.0,56,28259575833455607349225841144382683533370745509388870092921029007059582932040680007285587860737622910478035,0.9822864385264912,0.9333333333333333,0.9333333333333333,0.9886923217146684,0.9886923217146684,0.006405883188177142,0.006405883188177142,1,stabilizer matrix,Semi-Perfect Quantum Code,0.8333333333333334,0.0,0.984375,False,True,0.0,0.0
8,60,52,5,5,5,"[[60,52,5]]_8",24,{57: 24},57.0,57,124937072105803737754472139796218179831744348567824478305545601925947629804811427400631020015892648656850260,0.9882430771635334,0.95,0.95,0.9941354807401461,0.9941354807401461,0.0058924035766126925,0.0058924035766126925,1,stabilizer matrix,Semi-Perfect Quantum Code,0.8666666666666667,0.0,0.984375,False,True,0.0,0.0
8,60,54,4,4,4,"[[60,54,4]]_8",18,{58: 18},58.0,58,407122528068912179924055765887676482555166928953772868961174461448346586777747582391711427293167424071460330,0.9929771366887931,0.9666666666666667,0.9666666666666667,0.998146593283631,0.998146593283631,0.005169456594837918,0.005169456594837918,1,stabilizer matrix,Semi-Perfect Quantum Code,0.9,0.0,0.984375,False,True,0.0,0.0
8,60,56,3,3,3,"[[60,56,3]]_8",12,{59: 12},59.0,59,869448110791236180854763161048258250880525983867379347273016646482909659898240599683993895575238905644135620,0.99601779467251,0.9833333333333333,0.9833333333333333,0.99999169808516,0.99999169808516,0.003973903412650026,0.003973903412650026,1,stabilizer matrix,Semi-Perfect Quantum Code,0.9333333333333333,0.0,0.984375,False,True,0.0,0.0
8,60,58,2,2,2,"[[60,58,2]]_8",6,{60: 6},60.0,60,912920516330797989897501319100671163424552283060748314636667478807055142893152629668193590354000850926342401,0.9962133205833195,1.0,1.0,0.9962133205833195,0.9962133205833195,0.0,0.0,1,stabilizer matrix,Semi-Perfect Quantum Code,0.9666666666666667,0.0,0.984375,True,True,0.0,0.0
8,61,47,8,8,8,"[[61,47,8]]_8",42,{55: 42},55.0,55,51076566691579023653415594364662035423277495587339883723501711686833616558651303124279136577925777704864004,0.9685165016668004,0.9016393442622951,0.9016393442622951,0.9755213500973997,0.9755213500973997,0.007004848430599342,0.007004848430599342,1,stabilizer matrix,Semi-Perfect Quantum Code,0.7704918032786885,0.0,0.984375,False,True,0.0,0.0
8,61,49,7,7,7,"[[61,49,7]]_8",36,{56: 36},56.0,56,344766825168158409660555261961468739107123095214544215133636553886126911770896296088884171900998999507832027,0.9760435167000339,0.9180327868852459,0.9180327868852459,0.9827353475346142,0.9827353475346142,0.006691830834580359,0.006691830834580359,1,stabilizer matrix,Semi-Perfect Quantum Code,0.8032786885245902,0.0,0.984375,False,True,0.0,0.0
8,61,51,6,6,6,"[[61,51,6]]_8",30,{57: 30},57.0,57,1905290349613507000755700131892327242434101315659323294159570429370701354523374267859623055242362892016966465,0.9827820904820627,0.9344262295081968,0.9344262295081968,0.9890852525230629,0.9890852525230629,0.006303162041000232,0.006303162041000232,1,stabilizer matrix,Semi-Perfect Quantum Code,0.8360655737704918,0.0,0.984375,False,True,0.0,0.0
8,61,53,5,5,5,"[[61,53,5]]_8",24,{58: 24},58.0,58,8278158070734547658455800573049421811955060888726715002210547382783047264480867508631465688294404289453026710,0.9885725247125883,0.9508196721311475,0.9508196721311475,0.9943700216796955,0.9943700216796955,0.005797496967107185,0.005797496967107185,1,stabilizer matrix,Semi-Perfect Quantum Code,0.8688524590163934,0.0,0.984375,False,True,0.0,0.0
8,61,55,4,4,4,"[[61,55,4]]_8",18,{59: 18},59.0,59,26518167379132703516070276411971876651856042507955070091827007717728744626896338290361813815044786622146136410,0.9931615940428047,0.9672131147540983,0.9672131147540983,0.9982474130204441,0.9982474130204441,0.005085818977639378,0.005085818977639378,1,stabilizer matrix,Semi-Perfect Quantum Code,0.9016393442622951,0.0,0.984375,False,True,0.0,0.0
8,61,57,3,3,3,"[[61,57,3]]_8",12,{60: 12},60.0,60,55688151496178677383747580465140940968897689266705647192836716207230363716482310409759809011594051906506886461,0.9960861550479724,0.9836065573770492,0.9836065573770492,0.9999954570077048,0.9999954570077048,0.003909301959732381,0.003909301959732381,1,stabilizer matrix,Semi-Perfect Quantum Code,0.9344262295081968,0.0,0.984375,False,True,0.0,0.0
8,61,59,2,2,2,"[[61,59,2]]_8",6,{61: 6},61.0,61,57513992528840273363542583103342283295746793832827143822110051164844474002268615669096196192302053608359571263,0.9962133205833196,1.0,1.0,0.9962133205833195,0.9962133205833195,-1.1102230246251565e-16,-1.1102230246251565e-16,1,stabilizer matrix,Semi-Perfect Quantum Code,0.9672131147540983,0.0,0.984375,True,True,0.0,0.0
8,62,48,8,8,8,"[[62,48,8]]_8",42,{56: 42},56.0,56,3562590526737636899825737706935176970773605317216956889714244390156644754965928392918469776310322994914264279,0.9693579594674143,0.9032258064516129,0.9032258064516129,0.9762532159151313,0.9762532159151313,0.006895256447716935,0.006895256447716935,1,stabilizer matrix,Semi-Perfect Quantum Code,0.7741935483870968,0.0,0.984375,False,True,0.0,0.0
8,62,50,7,7,7,"[[62,50,7]]_8",36,{57: 36},57.0,57,23625600335207486809370681635464857806182856314175608847578673324196696796089840921459325885005299861010384166,0.9766949283116518,0.9193548387096774,0.9193548387096774,0.9832816010797162,0.9832816010797162,0.00658667276806435,0.00658667276806435,1,stabilizer matrix,Semi-Perfect Quantum Code,0.8064516129032258,0.0,0.984375,False,True,0.0,0.0
8,62,52,6,6,6,"[[62,52,6]]_8",30,{58: 30},58.0,58,128311450096385488706064908882266038085303443775264082534263484433137232599453446383787718168563266486521914005,0.9832573665462209,0.9354838709677419,0.9354838709677419,0.9894610459397373,0.9894610459397373,0.006203679393516404,0.006203679393516404,1,stabilizer matrix,Semi-Perfect Quantum Code,0.8387096774193549,0.0,0.984375,False,True,0.0,0.0
8,62,54,5,5,5,"[[62,54,5]]_8",24,{59: 24},59.0,59,548042125835409205998785712514085450805024878497738115231091492833060722289190991334144152177592256857686819140,0.9888881108315383,0.9516129032258065,0.9516129032258065,0.994593707838627,0.994593707838627,0.005705597007088725,0.005705597007088725,1,stabilizer matrix,Semi-Perfect Quantum Code,0.8709677419354839,0.0,0.984375,False,True,0.0,0.0
8,62,56,4,4,4,"[[62,56,4]]_8",18,{60: 18},60.0,60,1726332696381538998896174994419369170035828367267875062977938202424141275210951622702554079359415609101713480291,0.9933379813385612,0.967741935483871,0.967741935483871,0.9983428250469628,0.9983428250469628,0.005004843708401596,0.005004843708401596,1,stabilizer matrix,Semi-Perfect Quantum Code,0.9032258064516129,0.0,0.984375,False,True,0.0,0.0
8,62,58,3,3,3,"[[62,58,3]]_8",12,{61: 12},61.0,61,3565867536788096948539640152407221564336301217635282916970823172220357388140654171483964163922727323718293418306,0.9961512678598975,0.9838709677419355,0.9838709677419355,0.9999980349089922,0.9999980349089922,0.0038467670490947015,0.0038467670490947015,1,stabilizer matrix,Semi-Perfect Quantum Code,0.9354838709677419,0.0,0.984375,False,True,0.0,0.0
8,62,60,2,2,2,"[[62,60,2]]_8",6,{62: 6},62.0,62,3623381529316937221903182735510563847632048011468110060792933223385201862142922787153060360115029377326652989569,0.9962133205833196,1.0,1.0,0.9962133205833195,0.9962133205833195,-1.1102230246251565e-16,-1.1102230246251565e-16,1,stabilizer matrix,Semi-Perfect Quantum Code,0.967741935483871,0.0,0.984375,True,True,0.0,0.0
8,63,49,8,8,8,"[[63,49,8]]_8",42,{57: 42},57.0,57,248068803519678611498392157172381006964919991298843892899576069904065316358943329675322921792555648540609033743,0.9701662189278127,0.9047619047619048,0.9047619047619048,0.976955251344637,0.976955251344637,0.00678903241682427,0.00678903241682427,1,stabilizer matrix,Semi-Perfect Quantum Code,0.7777777777777778,0.0,0.984375,False,True,0.0,0.0
8,63,51,7,7,7,"[[63,51,7]]_8",36,{58: 36},58.0,58,1616724271214457157696417851916552079874823391568327439931719903857529130753113424435725248923897157730176116463,0.9773203496926104,0.9206349206349206,0.9206349206349206,0.983805112570513,0.983805112570513,0.006484762877902561,0.006484762877902561,1,stabilizer matrix,Semi-Perfect Quantum Code,0.8095238095238095,0.0,0.984375,False,True,0.0,0.0
8,63,53,6,6,6,"[[63,53,6]]_8",30,{59: 30},59.0,59,8631663481907694994480874972096845850179141836339375314889691012120706376054758113512770396797078045508567401455,0.9837133787111962,0.9365079365079365,0.9365079365079365,0.9898206633720666,0.9898206633720666,0.0061072846608704046,0.0061072846608704046,1,stabilizer matrix,Semi-Perfect Quantum Code,0.8412698412698413,0.0,0.984375,False,True,0.0,0.0
8,63,55,5,5,5,"[[63,55,5]]_8",24,{60: 24},60.0,60,36252986624012318976819674882806752570752395712625376322536702250906966779429984076753635666547727791135983086111,0.9891905991553533,0.9523809523809523,0.9523809523809523,0.9948071623063893,0.9948071623063893,0.00561656315103598,0.00561656315103598,1,stabilizer matrix,Semi-Perfect Quantum Code,0.873015873015873,0.0,0.984375,False,True,0.0,0.0
8,63,57,4,4,4,"[[63,57,4]]_8",18,{61: 18},61.0,61,112324827408825053878998664800827479276593488355511411884580929924941257726430606401744871163565910697126242676639,0.9935067501782586,0.9682539682539683,0.9682539682539683,0.998433155880036,0.998433155880036,0.004926405701777381,0.004926405701777381,1,stabilizer matrix,Semi-Perfect Quantum Code,0.9047619047619048,0.0,0.984375,False,True,0.0,0.0
8,63,59,3,3,3,"[[63,59,3]]_8",12,{62: 12},62.0,62,228273036346967044979900512337165522400819024722490933829954793073267717315004135590642802687246850771579138342847,0.9962133205833196,0.9841269841269841,0.9841269841269841,0.9999995216759348,0.9999995216759348,0.0037862010926151823,0.0037862010926151823,1,stabilizer matrix,Semi-Perfect Quantum Code,0.9365079365079365,0.0,0.984375,False,True,0.0,0.0
8,63,61,2,2,2,"[[63,61,2]]_8",6,{63: 6},63.0,63,228273036346967044979900512337165522400819024722490933829954793073267717315004135590642802687246850771579138342847,0.9962133205833196,1.0,1.0,0.9962133205833195,0.9962133205833195,-1.1102230246251565e-16,-1.1102230246251565e-16,1,stabilizer matrix,Semi-Perfect Quantum Code,0.9682539682539683,0.0,0.984375,True,True,0.0,0.0
8,64,50,8,8,8,"[[64,50,8]]_8",42,{58: 42},58.0,58,17245058892954209682095123753776555518664782843395492692605012307813644061366543193981069321854903015788545242272,0.970943046049702,0.90625,0.90625,0.9776290698991382,0.9776290698991382,0.0066860238494361734,0.0066860238494361734,1,stabilizer matrix,Semi-Perfect Quantum Code,0.78125,0.0,0.984375,False,True,0.0,0.0
8,64,52,7,7,7,"[[64,52,7]]_8",36,{59: 36},59.0,59,110485292568418495929355199642839626882293015505144004030588044955145041613500903852963461079002598982509662738624,0.9779211694217311,0.921875,0.921875,0.9843071226554938,0.9843071226554938,0.006385953233762676,0.006385953233762676,1,stabilizer matrix,Semi-Perfect Quantum Code,0.8125,0.0,0.984375,False,True,0.0,0.0
8,64,54,6,6,6,"[[64,54,6]]_8",30,{60: 30},60.0,60,580047785984197103629114798124908041132038331402006021160587236014511468470879745228058170664763644658175729377776,0.9841511627102176,0.9375,0.9375,0.9901649991496977,0.9901649991496977,0.006013836439480058,0.006013836439480058,1,stabilizer matrix,Semi-Perfect Quantum Code,0.84375,0.0,0.984375,False,True,0.0,0.0
8,64,56,5,5,5,"[[64,56,5]]_8",24,{61: 24},61.0,61,2396262984721601149418638182417652891233994418250910120204393171732080164830519603237223918156072761538693177101632,0.9894807006944286,0.953125,0.953125,0.9950109641666546,0.9950109641666546,0.00553026347222596,0.00553026347222596,1,stabilizer matrix,Semi-Perfect Quantum Code,0.875,0.0,0.984375,False,True,0.0,0.0
8,64,58,4,4,4,"[[64,58,4]]_8",18,{62: 18},62.0,62,7304737163102945439356816394789296716826208791119709882558553378344566954080132338900569685991899224690532426971104,0.9936683207825385,0.96875,0.96875,0.9985187083672098,0.9985187083672098,0.004850387584671267,0.004850387584671267,1,stabilizer matrix,Semi-Perfect Quantum Code,0.90625,0.0,0.984375,False,True,0.0,0.0
8,64,60,3,3,3,"[[64,60,3]]_8",12,{63: 12},63.0,63,14609474326205890878713632789578593433652417582239419765117106756689133908160264677801139371983798449381064853942208,0.9962724874492053,0.984375,0.984375,1.0,1.0,0.0037275125507947315,0.0037275125507947315,1,stabilizer matrix,Semi-Perfect Quantum Code,0.9375,0.0,0.984375,False,True,0.0,0.0
8,64,62,2,2,2,"[[64,62,2]]_8",6,{64: 6},64.0,64,14381201289858923833733732277241427911251598557516928831287151963615866190845260542210496569296551598609485715599361,0.9962133205833195,1.0,1.0,0.9962133205833195,0.9962133205833195,0.0,0.0,1,stabilizer matrix,Semi-Perfect Quantum Code,0.96875,0.0,0.984375,True,True,0.0,0.0
8,65,49,9,9,9,"[[65,49,9]]_8",48,{58: 48},58.0,58,160132689720289089905169006285068015530458697831529575002760828572555266284117901086967072274366956575179348678240,0.9642490835232215,0.8923076923076924,0.8923076923076924,0.9710814390719035,0.9710814390719035,0.006832355548682001,0.006832355548682001,1,stabilizer matrix,Semi-Perfect Quantum Code,0.7538461538461538,0.0,0.984375,False,True,0.0,0.0
8,65,51,8,8,8,"[[65,51,8]]_8",42,{59: 42},59.0,59,1196924002824533705901347996130762624558174334639060043664703820347404617479593125073770828355861488977188013001760,0.9716900881288515,0.9076923076923077,0.9076923076923077,0.9782761754273567,0.9782761754273567,0.006586087298505183,0.006586087298505183,1,stabilizer matrix,Semi-Perfect Quantum Code,0.7846153846153846,0.0,0.984375,False,True,0.0,0.0
8,65,53,7,7,7,"[[65,53,7]]_8",36,{60: 36},60.0,60,7540621217794562347178492375623804534716498308226078275087634068188649090121436687964756218641927380556284481911088,0.9784986825611913,0.9230769230769231,0.9230769230769231,0.9847887872971709,0.9847887872971709,0.006290104735979574,0.006290104735979574,1,stabilizer matrix,Semi-Perfect Quantum Code,0.8153846153846154,0.0,0.984375,False,True,0.0,0.0
8,65,55,6,6,6,"[[65,55,6]]_8",30,{61: 30},61.0,61,38939273501726018678052870464286859482552409296577289453321389040646302678495943552604888670036182375003764127901520,0.984571684306895,0.9384615384615385,0.9384615384615385,0.9904948861256626,0.9904948861256626,0.005923201818767598,0.005923201818767598,1,stabilizer matrix,Semi-Perfect Quantum Code,0.8461538461538461,0.0,0.984375,False,True,0.0,0.0
8,65,57,5,5,5,"[[65,57,5]]_8",24,{62: 24},62.0,62,158269305200563817852731021887101428864567857140927047455435323197465617338402867342845676529824483201628202584373920,0.9897590781866719,0.9538461538461539,0.9538461538461539,0.9952056521992171,0.9952056521992171,0.0054465740125452244,0.0054465740125452244,1,stabilizer matrix,Semi-Perfect Quantum Code,0.8769230769230769,0.0,0.984375,False,True,0.0,0.0
8,65,59,4,4,4,"[[65,59,4]]_8",18,{63: 18},63.0,63,474807915601691453558193065661304286593703571422781142366305969592396852015208602028537029589473449604884607753121760,0.9938230845987773,0.9692307692307692,0.9692307692307692,0.9985997637098707,0.9985997637098707,0.004776679111093363,0.004776679111093363,1,stabilizer matrix,Semi-Perfect Quantum Code,0.9076923076923077,0.0,0.984375,False,True,0.0,0.0
8,65,61,3,3,3,"[[65,61,3]]_8",12,{64: 12},64.0,64,934778083840830049192692598020692814231353906238600374033664877635031302404941935243682277004275853909616571513958465,0.9963289305564695,0.9846153846153847,0.9846153846153847,0.9999995460278056,0.9999995460278056,0.0036706154713360695,0.0036706154713360695,1,stabilizer matrix,Semi-Perfect Quantum Code,0.9384615384615385,0.0,0.984375,True,True,0.0,0.0
8,65,63,2,2,2,"[[65,63,2]]_8",6,{65: 6},65.0,65,906015681261112201525225133466209958408850709123566516371090573707799570023251414159261283865682750712397600082759743,0.9962133205833196,1.0,1.0,0.9962133205833195,0.9962133205833195,-1.1102230246251565e-16,-1.1102230246251565e-16,1,stabilizer matrix,Semi-Perfect Quantum Code,0.9692307692307692,0.0,0.984375,True,True,0.0,0.0
8,66,60,4,4,4,"[[66,60,4]]_8",18,{64: 18},64.0,64,30847676766747391623358855734682862869634678905873812343110940961956032979363083863041515141141103179017346859960629345,0.9939714066575293,0.9696969696969697,0.9696969696969697,0.9986765832870015,0.9986765832870015,0.00470517662947223,0.00470517662947223,1,stabilizer matrix,Semi-Perfect Quantum Code,0.9090909090909091,0.0,0.984375,False,True,0.0,0.0
8,66,64,2,2,2,"[[66,64,2]]_8",6,{66: 6},66.0,66,57078987919450068696089183408371227379757594674784690531378706143591372911464839092033460883538013294881048805213863809,0.9962133205833195,1.0,1.0,0.9962133205833195,0.9962133205833195,0.0,0.0,1,stabilizer matrix,Semi-Perfect Quantum Code,0.9696969696969697,0.0,0.984375,True,True,0.0,0.0
8,67,62,3,3,3,"[[67,62,3]]_8",15,"{64: 3, 65: 10, 66: 2}",64.93333333333334,66,6516424309662165426465262503195913056574235589980628308961665584905584904261995302146962415976222756913528776938098055681,0.9983468953554114,0.9691542288557214,0.9850746268656716,0.998586983382313,0.9999961165025057,0.0016492211470943152,0.00024008802690156372,1,stabilizer matrix,Semi-Perfect Quantum Code,0.9253731343283582,-0.0014091331201927515,0.984375,True,False,0.015920398009950192,-0.0014091331201927515
8,67,65,2,2,2,"[[67,65,2]]_8",6,{67: 6},67.0,67,3595976238925354327853618554727387324924728464511435503476858487046256493422284862798108035662894837577506074728473419967,0.9962133205833195,1.0,1.0,0.9962133205833195,0.9962133205833195,0.0,0.0,1,stabilizer matrix,Semi-Perfect Quantum Code,0.9701492537313433,0.0,0.984375,True,True,0.0,0.0
8,68,63,3,3,3,"[[68,63,3]]_8",15,"{65: 5, 66: 8, 67: 2}",65.8,67,419958200609513249875375404314524572341587298394373798801360644906186672296317541993929108819988999975711960385560961594846,0.9983957679328226,0.9676470588235294,0.9852941176470589,0.9983258645854836,0.9999932654873696,0.0015974975545469672,-6.99033473390287e-05,1,stabilizer matrix,Semi-Perfect Quantum Code,0.9264705882352942,-0.0016674009018859959,0.984375,True,False,0.017647058823529453,-0.0016674009018859959
8,68,66,2,2,2,"[[68,66,2]]_8",6,{68: 6},68.0,68,226546503052297322654777968947825401470257893264220436719042084683914159085603946356280806246762374767382882707893825457921,0.9962133205833196,1.0,1.0,0.9962133205833195,0.9962133205833195,-1.1102230246251565e-16,-1.1102230246251565e-16,1,stabilizer matrix,Semi-Perfect Quantum Code,0.9705882352941176,0.0,0.984375,True,True,0.0,0.0
8,69,64,3,3,3,"[[69,64,3]]_8",15,"{65: 1, 66: 5, 67: 4, 68: 5}",66.86666666666666,68,27841716922644976174917924315395277428310636875253739277440993955548887538883312236887833771387012420151864266927193660831120,0.998541864606343,0.9690821256038646,0.9855072463768116,0.9985749008384253,0.9999897321513644,0.001447867545021464,3.303623208228412e-05,1,stabilizer matrix,Semi-Perfect Quantum Code,0.927536231884058,-0.0014148313129391799,0.984375,True,False,0.016425120772946954,-0.0014148313129391799
8,69,67,2,2,2,"[[69,67,2]]_8",6,{69: 6},69.0,69,14272429692294731327251012043713000292626247275645887513299651335086592022393048620445690793546029610345121610597311003849023,0.9962133205833195,1.0,1.0,0.9962133205833195,0.9962133205833195,0.0,0.0,1,stabilizer matrix,Semi-Perfect Quantum Code,0.9710144927536232,0.0,0.984375,True,True,0.0,0.0
8,70,65,3,3,3,"[[70,65,3]]_8",15,"{66: 2, 67: 4, 68: 4, 69: 5}",67.8,69,1795359061279107293762667409575904083729252597444997168892553940318154428074840360910474956623151657896390816256268559416457460,0.9985886008553717,0.9685714285714285,0.9857142857142858,0.9984881330474077,0.9999855675951148,0.0013969667397430996,-0.000100467807964022,1,stabilizer matrix,Semi-Perfect Quantum Code,0.9285714285714286,-0.0014974345477071216,0.984375,True,False,0.017142857142857182,-0.0014974345477071216
8,70,68,2,2,2,"[[70,68,2]]_8",6,{70: 6},70.0,70,899163070614568073616813758753919018435453578365690913337878034110455297410762063088078519993399865451742661467630593242488449,0.9962133205833196,1.0,1.0,0.9962133205833195,0.9962133205833195,-1.1102230246251565e-16,-1.1102230246251565e-16,1,stabilizer matrix,Semi-Perfect Quantum Code,0.9714285714285714,0.0,0.984375,True,True,0.0,0.0
8,71,66,3,3,3,"[[71,66,3]]_8",15,"{67: 2, 68: 5, 69: 3, 70: 5}",68.73333333333333,70,115749807553849030703690427279790561840579256975076173013636561735702810482334887607719185723758294384120744942624561830238612834,0.9986333472780249,0.968075117370892,0.9859154929577465,0.9984018351510081,0.9999808191166173,0.0013474718385924067,-0.00023151212701677526,1,stabilizer matrix,Semi-Perfect Quantum Code,0.9295774647887324,-0.001578983965609182,0.984375,True,False,0.017840375586854446,-0.001578983965609182
8,71,69,2,2,2,"[[71,69,2]]_8",6,{71: 6},71.0,71,56647273448717788637859266801496898161433575437038527540286316148958683736878009974548946759584191523459787672460727374276772287,0.9962133205833194,1.0,1.0,0.9962133205833195,0.9962133205833195,1.1102230246251565e-16,1.1102230246251565e-16,1,stabilizer matrix,Semi-Perfect Quantum Code,0.971830985915493,0.0,0.984375,True,True,0.0,0.0
8,72,67,3,3,3,"[[72,67,3]]_8",15,"{68: 1, 69: 2, 70: 8, 71: 4}",70.0,71,7461140980522147517021702562043670310975052783300298031777605529837877365178324455115911993378883715281677843885513884238138357618,0.9986762048823236,0.9722222222222222,0.9861111111111112,0.9990610730617894,0.9999755305266391,0.0012993256443155632,0.00038486817946581375,1,stabilizer matrix,Semi-Perfect Quantum Code,0.9305555555555556,-0.0009144574648497494,0.984375,True,False,0.013888888888888888,-0.0009144574648497494
8,72,70,2,2,2,"[[72,70,2]]_8",6,{72: 6},72.0,72,3568778227269220684185133808494304584170315252533427235038037917384397075423314628396583645853804065977966623365025824579436654081,0.9962133205833197,1.0,1.0,0.9962133205833195,0.9962133205833195,-2.220446049250313e-16,-2.220446049250313e-16,1,stabilizer matrix,Semi-Perfect Quantum Code,0.9722222222222222,0.0,0.984375,True,True,0.0,0.0
8,73,68,3,3,3,"[[73,68,3]]_8",15,"{69: 1, 70: 2, 71: 8, 72: 4}",71.0,72,480848732203811488811000088752615371191795106765741203925712608520706584399110401271843073091443755180468412796136860327127436996043,0.9987172683684916,0.9726027397260274,0.9863013698630136,0.9991142052098241,0.9999697424346775,0.0012524740661858935,0.00039693684133246254,1,stabilizer matrix,Semi-Perfect Quantum Code,0.9315068493150684,-0.000855537224853431,0.984375,True,False,0.0136986301369863,-0.000855537224853431
8,73,71,2,2,2,"[[73,71,2]]_8",6,{73: 6},73.0,73,224833028317960903103663429935141188802729860909605915807396388795217015751668821588984769688789656156611897271996626948504509207103,0.9962133205833196,1.0,1.0,0.9962133205833195,0.9962133205833195,-1.1102230246251565e-16,-1.1102230246251565e-16,1,stabilizer matrix,Semi-Perfect Quantum Code,0.9726027397260274,0.0,0.984375,True,True,0.0,0.0
8,74,69,3,3,3,"[[74,69,3]]_8",15,"{71: 4, 72: 9, 73: 2}",71.86666666666666,73,29949016941422953828315729343083799579662801298534210240856593343741413380901245727474206309164844969112525523916279337688509570730891,0.998646273126595,0.9711711711711711,0.9864864864864865,0.9989076663152101,0.9999634925085472,0.0013172193819521727,0.00026139318861506666,1,stabilizer matrix,Semi-Perfect Quantum Code,0.9324324324324325,-0.001055826193337106,0.984375,True,False,0.015315315315315405,-0.001055826193337106
8,74,72,2,2,2,"[[74,72,2]]_8",6,{74: 6},74.0,74,14164480784031536895530796085913894894571981237305172695865972494098671992355135760106040490393748337866549528135787497755784080047489,0.9962133205833195,1.0,1.0,0.9962133205833195,0.9962133205833195,0.0,0.0,1,stabilizer matrix,Semi-Perfect Quantum Code,0.972972972972973,0.0,0.984375,True,True,0.0,0.0
8,75,70,3,3,3,"[[75,70,3]]_8",15,"{71: 1, 72: 4, 73: 4, 74: 6}",73.0,74,1996081390694304936176962930766016237936888933514312520900257429298760862803463859423430600691137146316940624709190462005574981996326175,0.9987943630175611,0.9733333333333334,0.9866666666666667,0.9992125408987638,0.9999568157103169,0.0011624526927558332,0.00041817788120268595,1,stabilizer matrix,Semi-Perfect Quantum Code,0.9333333333333333,-0.0007442748115531472,0.984375,True,False,0.013333333333333334,-0.0007442748115531472
8,75,73,2,2,2,"[[75,73,2]]_8",6,{75: 6},75.0,75,892362289393986824418440153412575378358034817950225879839556267128216335518373552886680550894806145285592620272554612358614397042991807,0.9962133205833195,1.0,1.0,0.9962133205833195,0.9962133205833195,0.0,0.0,1,stabilizer matrix,Semi-Perfect Quantum Code,0.9733333333333334,0.0,0.984375,True,True,0.0,0.0
8,76,71,3,3,3,"[[76,71,3]]_8",15,"{73: 7, 74: 6, 75: 2}",73.66666666666667,75,123994066119185530296251759628650754777572701912482204932284264042229412884950845093395566574749362632434521674122507782338545800662061882,0.9987158335087216,0.9692982456140351,0.9868421052631579,0.9986109914057991,0.9999497445109982,0.0012339110022765443,-0.00010484210292249774,1,stabilizer matrix,Semi-Perfect Quantum Code,0.9342105263157895,-0.001338753105199042,0.984375,True,False,0.017543859649122744,-0.001338753105199042
8,76,74,2,2,2,"[[76,74,2]]_8",6,{76: 6},76.0,76,56218824231821169938361729664992248836556193530864230429892044829077629137657533831860874706372787152992335077170940578592707013708483841,0.9962133205833194,1.0,1.0,0.9962133205833195,0.9962133205833195,1.1102230246251565e-16,1.1102230246251565e-16,1,stabilizer matrix,Semi-Perfect Quantum Code,0.9736842105263158,0.0,0.984375,True,True,0.0,0.0
8,77,72,3,3,3,"[[77,72,3]]_8",15,"{72: 1, 73: 2, 74: 5, 75: 4, 76: 3}",74.4,76,8350805470356344216030200234458154219833080476481460732554922396580969805861263823301958316688611882518171329744172168819780173171614808729,0.9988917585557721,0.9662337662337663,0.987012987012987,0.9980651394688826,0.9999423090861225,0.0010505505303504137,-0.000826619086889413,1,stabilizer matrix,Semi-Perfect Quantum Code,0.935064935064935,-0.0018771696172398267,0.984375,True,False,0.020779220779220706,-0.0018771696172398267
8,77,75,2,2,2,"[[77,75,2]]_8",6,{77: 6},77.0,77,3541785926604733706116788968894511676703040192444446517083198824231890635672424631407235106501485590638517109861769256451340541863634481983,0.9962133205833196,1.0,1.0,0.9962133205833195,0.9962133205833195,-1.1102230246251565e-16,-1.1102230246251565e-16,1,stabilizer matrix,Semi-Perfect Quantum Code,0.974025974025974,0.0,0.984375,True,True,0.0,0.0
8,78,73,3,3,3,"[[78,73,3]]_8",15,"{74: 1, 75: 6, 76: 4, 77: 4}",75.73333333333333,77,533176354473627329072674582675608446047971079330656527310830021304748474020425656282858913446736530671828353896488291931998704603354450775354,0.9988986027453794,0.9709401709401709,0.9871794871794872,0.9988726669041129,0.9999345374941059,0.0010359347487264303,-2.5935841266533366e-05,1,stabilizer matrix,Semi-Perfect Quantum Code,0.9358974358974359,-0.0010618705899929637,0.984375,True,False,0.016239316239316227,-0.0010618705899929637
8,78,76,2,2,2,"[[78,76,2]]_8",6,{78: 6},78.0,78,223132513376098223485357705040354235632291532124000130576241525926609110047362751778655811709593592210226577921291463156434454137408972364929,0.9962133205833195,1.0,1.0,0.9962133205833195,0.9962133205833195,0.0,0.0,1,stabilizer matrix,Semi-Perfect Quantum Code,0.9743589743589743,0.0,0.984375,True,True,0.0,0.0
8,79,74,3,3,3,"[[79,74,3]]_8",15,"{75: 1, 76: 5, 77: 4, 78: 5}",76.86666666666666,78,34326214630185885099120323480472445055177450770949594847506662269615616749157909579355017013494221652734399934385871056122865254445712082490760,0.9989305912340136,0.9729957805907172,0.9873417721518988,0.999167713992809,0.9999264558390912,0.000995864605077612,0.0002371227587953939,1,stabilizer matrix,Semi-Perfect Quantum Code,0.9367088607594937,-0.0007587418462822182,0.984375,True,False,0.014345991561181519,-0.0007587418462822182
8,79,77,2,2,2,"[[79,77,2]]_8",6,{79: 6},79.0,79,14057348342694188079577535417542316844834366523812008226303216133376373932983853362055316137704396309244274409041362178855370610656765258990527,0.9962133205833194,1.0,1.0,0.9962133205833195,0.9962133205833195,1.1102230246251565e-16,1.1102230246251565e-16,1,stabilizer matrix,Semi-Perfect Quantum Code,0.9746835443037974,0.0,0.984375,True,True,0.0,0.0
8,80,75,3,3,3,"[[80,75,3]]_8",15,"{76: 1, 77: 5, 78: 7, 79: 2}",77.66666666666667,79,2209594309442414079825602707418836252457632890192581046132044788257859433706757374659190614586934584956148122012184976193095316405010846305389860,0.9989613066104113,0.9708333333333334,0.9875,0.9988563256685239,0.9999180884197734,0.000956781809362095,-0.00010498094188737817,1,stabilizer matrix,Semi-Perfect Quantum Code,0.9375,-0.0010617627512494732,0.984375,True,False,0.016666666666666607,-0.0010617627512494732
8,80,78,2,2,2,"[[80,78,2]]_8",6,{80: 6},80.0,80,885612945589733849013384731305165961224565091000156518257102616402711557777982761809484916675376967482389287769605817267888348471376211316403201,0.9962133205833195,1.0,1.0,0.9962133205833195,0.9962133205833195,0.0,0.0,1,stabilizer matrix,Semi-Perfect Quantum Code,0.975,0.0,0.984375,True,True,0.0,0.0
8,81,76,3,3,3,"[[81,76,3]]_8",15,"{76: 3, 78: 5, 79: 5, 80: 2}",78.2,80,137758539266409043936094146521936219563421946250928892615738259489041893058528168299578687651863605873229472823320574957142053219364731312680339277,0.9988963860159509,0.9654320987654321,0.9876543209876543,0.9979106646214573,0.9999094578655534,0.0010130718496025315,-0.0009857213944935994,1,stabilizer matrix,Semi-Perfect Quantum Code,0.9382716049382716,-0.001998793244096131,0.984375,True,False,0.02222222222222219,-0.001998793244096131
8,81,79,2,2,2,"[[81,79,2]]_8",6,{81: 6},81.0,81,55793615572153232487843238072225455557147600733009860650197464833370828140012913993997549750548748951390525129485166487876965953696701312933401663,0.9962133205833194,1.0,1.0,0.9962133205833195,0.9962133205833195,1.1102230246251565e-16,1.1102230246251565e-16,1,stabilizer matrix,Semi-Perfect Quantum Code,0.9753086419753086,0.0,0.984375,True,True,0.0,0.0
8,82,77,3,3,3,"[[82,77,3]]_8",15,"{77: 3, 79: 4, 80: 6, 81: 2}",79.26666666666667,81,8857754657496549971265904593421871392346181250539471203522087546055596744276365445223339847690914479009441220849674893428745029091504369800607139295,0.9989235182650085,0.9666666666666667,0.9878048780487805,0.998146593283631,0.9999005852612226,0.0009770669962141376,-0.0007769249813774914,1,stabilizer matrix,Semi-Perfect Quantum Code,0.9390243902439024,-0.001753991977591629,0.984375,True,False,0.021138211382113834,-0.001753991977591629
8,82,80,2,2,2,"[[82,80,2]]_8",6,{82: 6},82.0,82,3514997781045653646734123998550203700100298846179621220962440284502362172820813581621845634284571183937603083157565488736248855082892182714804304769,0.9962133205833196,1.0,1.0,0.9962133205833195,0.9962133205833195,-1.1102230246251565e-16,-1.1102230246251565e-16,1,stabilizer matrix,Semi-Perfect Quantum Code,0.975609756097561,0.0,0.984375,True,True,0.0,0.0
8,83,78,3,3,3,"[[83,78,3]]_8",15,"{78: 3, 80: 5, 81: 5, 82: 2}",80.2,82,569460010426393971371832009346292926910197617384661439081687666594751964983113016624795330260664889452946656780366742392448147347677813922799970763981,0.9989495595830574,0.9662650602409639,0.9879518072289156,0.9980710742142435,0.9998914902612551,0.0009419306781976999,-0.0008784853688139638,1,stabilizer matrix,Semi-Perfect Quantum Code,0.9397590361445783,-0.0018204160470116637,0.984375,True,False,0.021686746987951772,-0.0018204160470116637
8,83,81,2,2,2,"[[83,81,2]]_8",6,{83: 6},83.0,83,221444860205876179744249811908662833106318827309316136920633737923648816887711255642176274959927984588068994238926625790383677870222207511032671200447,0.9962133205833195,1.0,1.0,0.9962133205833195,0.9962133205833195,0.0,0.0,1,stabilizer matrix,Semi-Perfect Quantum Code,0.9759036144578314,0.0,0.984375,True,True,0.0,0.0
8,84,79,3,3,3,"[[84,79,3]]_8",15,"{80: 1, 81: 7, 82: 4, 83: 3}",81.6,83,37879680452324133366808970408185667414136434827658719641935313811996289494958267633374786464391309381822812273535716657781869110113532938883309724052275,0.9990725525565004,0.9714285714285713,0.9880952380952381,0.9989461256645689,0.999882191194671,0.0008096386381706289,-0.00012642689193154144,1,stabilizer matrix,Semi-Perfect Quantum Code,0.9404761904761905,-0.0009360655301021703,0.984375,True,False,0.016666666666666736,-0.0009360655301021703
8,84,82,2,2,2,"[[84,82,2]]_8",6,{84: 6},84.0,84,13951026192970199323887738150245758485698086120486916625999925489189875463925809105457105322475463029048346637052377424794171705823999073195058285628161,0.9962133205833196,1.0,1.0,0.9962133205833195,0.9962133205833195,-1.1102230246251565e-16,-1.1102230246251565e-16,1,stabilizer matrix,Semi-Perfect Quantum Code,0.9761904761904762,0.0,0.984375,True,True,0.0,0.0
8,85,80,3,3,3,"[[85,80,3]]_8",15,"{82: 8, 83: 4, 84: 3}",82.66666666666667,84,2323571708171324114905358998621619404932802050772807710011116337868864002532334714063212947315644358286032830105892878501653624408270462922707811646023605,0.9989634170325051,0.9725490196078432,0.9882352941176471,0.9991067830043397,0.999872705161337,0.0009092881288318422,0.0001433659718346192,1,stabilizer matrix,Semi-Perfect Quantum Code,0.9411764705882353,-0.000765922156997223,0.984375,True,False,0.015686274509803866,-0.000765922156997223
8,85,83,2,2,2,"[[85,83,2]]_8",6,{85: 6},85.0,85,878914650157122557404927503465482784598979425590675747437995305818962154227325973643797635315954170830045838134299777762032817466911941611288671994574143,0.9962133205833195,1.0,1.0,0.9962133205833195,0.9962133205833195,0.0,0.0,1,stabilizer matrix,Semi-Perfect Quantum Code,0.9764705882352941,0.0,0.984375,True,True,0.0,0.0
8,86,81,3,3,3,"[[86,81,3]]_8",15,"{83: 6, 84: 4, 85: 5}",83.93333333333334,85,149240327642287986700659973987912321080839404158013208000154980702525960004487235916232636570218906005298629908387971258545385480179684307777847396158050733,0.9989854498839251,0.9759689922480621,0.9883720930232558,0.9995251895616093,0.999863048120482,0.0008775982365568646,0.0005397396776841701,1,stabilizer matrix,Semi-Perfect Quantum Code,0.9418604651162791,-0.00033785855887269456,0.984375,True,False,0.012403100775193755,-0.00033785855887269456
8,86,84,2,2,2,"[[86,84,2]]_8",6,{86: 6},86.0,86,55371622959898721116510432718325415429735703812212572088593704266594615716321536339559251024905112762292887802460885999008067500415452321511186335658171009,0.9962133205833194,1.0,1.0,0.9962133205833195,0.9962133205833195,1.1102230246251565e-16,1.1102230246251565e-16,1,stabilizer matrix,Semi-Perfect Quantum Code,0.9767441860465116,0.0,0.984375,True,True,0.0,0.0
8,87,82,3,3,3,"[[87,82,3]]_8",15,"{83: 1, 84: 5, 85: 4, 86: 5}",84.86666666666666,86,10077002932180819260835549177272414467160546447251892713237008846564710119349488310453669631091444968413322055000334877376210949291614967890384403780838647006,0.9991451676599885,0.9754789272030651,0.9885057471264368,0.9994722308940834,0.9998532349721299,0.0007080673121413472,0.00032706323409492644,1,stabilizer matrix,Semi-Perfect Quantum Code,0.9425287356321839,-0.0003810040780464208,0.984375,True,False,0.013026819923371723,-0.0003810040780464208
8,87,85,2,2,2,"[[87,85,2]]_8",6,{87: 6},87.0,87,3488412246473619430340157261254501172073349340169392041581403368795460790128256789392232814569022104024451931555035817937508252526173496255204739146464773567,0.9962133205833196,1.0,1.0,0.9962133205833195,0.9962133205833195,-1.1102230246251565e-16,-1.1102230246251565e-16,1,stabilizer matrix,Semi-Perfect Quantum Code,0.9770114942528736,0.0,0.984375,True,True,0.0,0.0
8,88,83,3,3,3,"[[88,83,3]]_8",15,"{84: 1, 85: 5, 86: 4, 87: 5}",85.86666666666666,87,647923686898938093364703477671610594013451132418176855446159015514861348145229236613049447244869571181222403617645012388301322930536593180652036513458419206886,0.9991675433584314,0.9757575757575757,0.9886363636363636,0.9995026420783767,0.999843279632075,0.0006757362736435901,0.0003350987199453037,1,stabilizer matrix,Semi-Perfect Quantum Code,0.9431818181818182,-0.0003406375536982864,0.984375,True,False,0.012878787878787955,-0.0003406375536982864
8,88,86,2,2,2,"[[88,86,2]]_8",6,{88: 6},88.0,88,219769971527838024111429907459033573840621008430671698619628412234114029778080177731710667317848392553540471687967256530063019909148930264077898566227280734721,0.9962133205833195,1.0,1.0,0.9962133205833195,0.9962133205833195,0.0,0.0,1,stabilizer matrix,Semi-Perfect Quantum Code,0.9772727272727273,0.0,0.984375,True,True,0.0,0.0
8,89,84,3,3,3,"[[89,84,3]]_8",15,"{85: 1, 86: 5, 87: 4, 88: 5}",86.86666666666666,88,41654353674590750721351071900726935008946278973150488211162802438936253332377177365971950921659073640668966754177771980988244406404396968627015410961892657621135,0.9991890683045007,0.9760299625468164,0.9887640449438202,0.9995316070603777,0.9998331951009737,0.0006441267964729658,0.00034253875587697546,1,stabilizer matrix,Semi-Perfect Quantum Code,0.9438202247191011,-0.0003015880405959903,0.984375,True,False,0.01273408239700382,-0.0003015880405959903
8,89,87,2,2,2,"[[89,87,2]]_8",6,{89: 6},89.0,89,13845508206253795519020084169919115151959123531132317013036589970749183876019051197097772041024448730873049716341937161393970254276382606636907609672318686287423,0.9962133205833196,1.0,1.0,0.9962133205833195,0.9962133205833195,-1.1102230246251565e-16,-1.1102230246251565e-16,1,stabilizer matrix,Semi-Perfect Quantum Code,0.9775280898876404,0.0,0.984375,True,True,0.0,0.0
8,90,85,3,3,3,"[[90,85,3]]_8",15,"{85: 1, 86: 2, 87: 4, 88: 3, 89: 5}",87.6,89,2716205818027338928548376865666241974504818529375546969990194672414283395057375035750610818794346344344907307476587807040667631643825716316692167267039658244140869,0.9992480447673758,0.9733333333333333,0.9888888888888889,0.9992125408987639,0.9998229935280628,0.0005749487606869774,-3.550386861195243e-05,1,stabilizer matrix,Semi-Perfect Quantum Code,0.9444444444444444,-0.0006104526292989298,0.984375,True,False,0.01555555555555562,-0.0006104526292989298
8,90,88,2,2,2,"[[90,88,2]]_8",6,{90: 6},90.0,90,872267016993989117698265302704904254573424782461335971821305168157198584189200225417159638584540270045002132129542041167820126019412104218125179409356077236107649,0.9962133205833195,1.0,1.0,0.9962133205833195,0.9962133205833195,0.0,0.0,1,stabilizer matrix,Semi-Perfect Quantum Code,0.9777777777777777,0.0,0.984375,True,True,0.0,0.0
8,91,86,3,3,3,"[[91,86,3]]_8",15,"{86: 2, 87: 5, 88: 1, 89: 4, 90: 3}",88.06666666666666,90,174670811715234798923410150161974015191232083843194571384468511433593156340663208431317219842610439173589542343638712730845344530704609554432149006829040571304545941,0.9992689489176535,0.9677655677655678,0.989010989010989,0.998347038852642,0.9998126862699691,0.0005437373523156097,-0.000921910065011522,1,stabilizer matrix,Semi-Perfect Quantum Code,0.945054945054945,-0.0014656474173271317,0.984375,True,False,0.021245421245421288,-0.0014656474173271317
8,91,89,2,2,2,"[[91,89,2]]_8",6,{91: 6},91.0,91,54952822070621314414990714070408968038125761295064166224742225593903510803919614201281057230826037012835134324161148593572667939222962565741886302789432865874781887,0.9962133205833195,1.0,1.0,0.9962133205833195,0.9962133205833195,0.0,0.0,1,stabilizer matrix,Semi-Perfect Quantum Code,0.978021978021978,0.0,0.984375,True,True,0.0,0.0
8,92,87,3,3,3,"[[92,87,3]]_8",15,"{87: 1, 88: 2, 89: 4, 90: 3, 91: 5}",89.6,91,11231309744531317999752823851911834750164794431270481255384960979144735246496759139004384620230094987352126530732530508798091059187583738664362703278371240113320863989,0.9992891121909784,0.9739130434782608,0.9891304347826086,0.9992870558231575,0.9998022839450293,0.0005131717540509673,-2.0563678209128966e-06,1,stabilizer matrix,Semi-Perfect Quantum Code,0.9456521739130435,-0.0005152281218718802,0.984375,True,False,0.015217391304347887,-0.0005152281218718802
8,92,90,2,2,2,"[[92,90,2]]_8",6,{92: 6},92.0,92,3462027790449142808144414986435764986401922961589042472158760212415921180646935694680706605542040331808613462422152361395078080171046641641738837075734270550111258881,0.9962133205833196,1.0,1.0,0.9962133205833195,0.9962133205833195,-1.1102230246251565e-16,-1.1102230246251565e-16,1,stabilizer matrix,Semi-Perfect Quantum Code,0.9782608695652174,0.0,0.984375,True,True,0.0,0.0
8,93,88,3,3,3,"[[93,88,3]]_8",15,"{88: 1, 89: 2, 90: 4, 91: 3, 92: 5}",90.6,92,722094301344891894060976016511616346952233565437009617082685232881792091375344402170412511424940258457500271641536175689009608328840869958785402122768281328885451178601,0.9993085647011555,0.9741935483870967,0.989247311827957,0.9993219737934488,0.9997917964835019,0.00048323178234643827,1.3409092293303893e-05,1,stabilizer matrix,Semi-Perfect Quantum Code,0.946236559139785,-0.0004698226900531344,0.984375,True,False,0.015053763440860277,-0.0004698226900531344
8,93,91,2,2,2,"[[93,91,2]]_8",6,{93: 6},93.0,93,218107750798295996913098144145453194143321146580109675746001893382203034380756948764884516149148540903942648132595598767889919050775938423429546735771259044657009309503,0.9962133205833195,1.0,1.0,0.9962133205833195,0.9962133205833195,0.0,0.0,1,stabilizer matrix,Semi-Perfect Quantum Code,0.978494623655914,0.0,0.984375,True,True,0.0,0.0
8,94,89,3,3,3,"[[94,89,3]]_8",15,"{89: 1, 90: 2, 91: 4, 92: 3, 93: 5}",91.6,93,46420721309486202004486307253633682154313697023223829344308805380249837079906931655557700214180030332423464888684862008880647348881058602441793625392510571843941251722924,0.9993273350641351,0.9744680851063829,0.9893617021276596,0.9993554201742758,0.9997812331740129,0.0004538981098778372,2.8085110140740888e-05,1,stabilizer matrix,Semi-Perfect Quantum Code,0.9468085106382979,-0.0004258129997370963,0.984375,True,False,0.014893617021276655,-0.0004258129997370963
8,94,92,2,2,2,"[[94,92,2]]_8",6,{94: 6},94.0,94,13740788300292647805525183081163551231029232234546909571998119283078791165987687772187724517396358076948386832353522722377064900198884120676061444353589319813391586498689,0.9962133205833195,1.0,1.0,0.9962133205833195,0.9962133205833195,0.0,0.0,1,stabilizer matrix,Semi-Perfect Quantum Code,0.9787234042553191,0.0,0.984375,True,True,0.0,0.0
8,95,90,3,3,3,"[[95,90,3]]_8",15,"{90: 2, 91: 5, 93: 5, 94: 3}",92.13333333333334,94,2504710381452222849500936796183680253305933414007513066250362571122775621135161838041047718065953017071034477579327852021357817435392264279473778920569646640521242509685596,0.9989023649484512,0.9698245614035088,0.9894736842105263,0.9986972987253638,0.9997706027065514,0.0008682377581001877,-0.0002050662230873579,1,stabilizer matrix,Semi-Perfect Quantum Code,0.9473684210526315,-0.0010733039811875456,0.984375,True,False,0.019649122807017475,-0.0010733039811875456
8,95,93,2,2,2,"[[95,93,2]]_8",6,{95: 6},95.0,95,865669662918436811748086534113303727554841630776455303035881514833963843457224329647826644595970558847748370438271931509755088712529699602591870994276127148243669949417407,0.9962133205833195,1.0,1.0,0.9962133205833195,0.9962133205833195,0.0,0.0,1,stabilizer matrix,Semi-Perfect Quantum Code,0.9789473684210527,0.0,0.984375,True,True,0.0,0.0
8,96,91,3,3,3,"[[96,91,3]]_8",15,"{91: 1, 92: 2, 93: 4, 94: 3, 95: 5}",93.6,95,191785175375550644144964040735070835960719906442368247721585097137290375970585313176490013687442019764517658232297944242339055418257451409877475452374403887295132621319237080,0.9993629368448496,0.975,0.9895833333333334,0.9994181428181815,0.999759913212297,0.00039697636744739917,5.520597333197319e-05,1,stabilizer matrix,Semi-Perfect Quantum Code,0.9479166666666666,-0.000341770394115426,0.984375,True,False,0.014583333333333393,-0.000341770394115426
8,96,94,2,2,2,"[[96,94,2]]_8",6,{96: 6},96.0,96,54537188763861519140129451649138134835955022738916684091260535434539722137805132767813078609546145207408147337611131685114570588889371074963287872639396010339351206813296641,0.9962133205833196,1.0,1.0,0.9962133205833195,0.9962133205833195,-1.1102230246251565e-16,-1.1102230246251565e-16,1,stabilizer matrix,Semi-Perfect Quantum Code,0.9791666666666666,0.0,0.984375,True,True,0.0,0.0
8,97,92,3,3,3,"[[97,92,3]]_8",15,"{92: 1, 93: 2, 94: 4, 95: 3, 96: 5}",94.6,96,12325429472985877474675762043727426258053492681577036313292278970040419588051061702113879542381670736677299370632800940401867071613598448832983705558748820124210405387197440993,0.9993798187675312,0.9752577319587629,0.9896907216494846,0.9994475339169762,0.9997491723005368,0.0003693535330056008,6.771514944492463e-05,1,stabilizer matrix,Semi-Perfect Quantum Code,0.9484536082474226,-0.0003016383835606762,0.984375,True,False,0.014432989690721707,-0.0003016383835606762
8,97,95,2,2,2,"[[97,95,2]]_8",6,{97: 6},97.0,97,3435842892123275705828155453895702494665166432551751097749413732376002494681723364372223952401407148066713282269501296162217947100030377722687135976281948651379126029237688383,0.9962133205833196,1.0,1.0,0.9962133205833195,0.9962133205833195,-1.1102230246251565e-16,-1.1102230246251565e-16,1,stabilizer matrix,Semi-Perfect Quantum Code,0.979381443298969,0.0,0.984375,True,True,0.0,0.0
8,98,93,3,3,3,"[[98,93,3]]_8",15,"{93: 1, 94: 2, 95: 4, 96: 3, 97: 5}",95.6,97,792040215237147481656883823888769184025316680052653356639157505022503254575559591546354665174590613431181167136162780352667586654933753907061281391240291575983350107417358772791,0.9993961197008155,0.9755102040816326,0.9897959183673469,0.9994756834424382,0.9997383870929097,0.00034226739209419765,7.956374162265689e-05,1,stabilizer matrix,Semi-Perfect Quantum Code,0.9489795918367347,-0.00026270365047154076,0.984375,True,False,0.014285714285714344,-0.00026270365047154076
8,98,96,2,2,2,"[[98,96,2]]_8",6,{98: 6},98.0,98,216458102203766369467173793595429257163905485250760319158213065139688157164948571955450109001288650328202936782978581658219730667301913796529289566505762765036884939841974368129,0.9962133205833196,1.0,1.0,0.9962133205833195,0.9962133205833195,-1.1102230246251565e-16,-1.1102230246251565e-16,1,stabilizer matrix,Semi-Perfect Quantum Code,0.9795918367346939,0.0,0.984375,True,True,0.0,0.0
8,99,94,3,3,3,"[[99,94,3]]_8",15,"{94: 1, 95: 2, 96: 4, 97: 3, 98: 5}",96.6,98,50892219991579396224629628694590942766698340329726849250769622553454675159712543521557521639823177279646671547256263970554020536723433909999705400243929817719880819728688543686161,0.9994118619782218,0.9757575757575757,0.98989898989899,0.9995026420783767,0.9997275642551899,0.0003157022769680884,9.078010015484139e-05,1,stabilizer matrix,Semi-Perfect Quantum Code,0.9494949494949495,-0.000224922176813247,0.984375,True,False,0.0141414141414142,-0.000224922176813247
8,99,97,2,2,2,"[[99,97,2]]_8",6,{99: 6},99.0,99,13636860438837281276431948996512043201326045570797900106967423103800353901391760033193356867081184970676785017327650644467843032040020569181345242689863054197323751210044385192127,0.9962133205833195,1.0,1.0,0.9962133205833195,0.9962133205833195,0.0,0.0,1,stabilizer matrix,Semi-Perfect Quantum Code,0.9797979797979798,0.0,0.984375,True,True,0.0,0.0
8,100,95,3,3,3,"[[100,95,3]]_8",15,"{95: 1, 96: 4, 97: 5, 98: 2, 99: 3}",97.13333333333334,99,3269756155519643293361592323785191955907771545627995311768150266671686742979083680118117520000074460644250621489750419895345310547185520391560063538264021632431820954276576991948215,0.9994270668823533,0.9713333333333334,0.99,0.9989319623371176,0.9997167100268047,0.0002896431444514569,-0.0004951045452357139,1,stabilizer matrix,Semi-Perfect Quantum Code,0.95,-0.0007847476896871708,0.984375,True,False,0.0186666666666666,-0.0007847476896871708
8,100,98,2,2,2,"[[100,98,2]]_8",6,{100: 6},100.0,100,859122207646748720415212786780258721683540870960267706738947655539422295787680882091181482626114653152637456091641990601474111018521295858424750289461372414431396326232796267104001,0.9962133205833194,1.0,1.0,0.9962133205833195,0.9962133205833195,1.1102230246251565e-16,1.1102230246251565e-16,1,stabilizer matrix,Semi-Perfect Quantum Code,0.98,0.0,0.984375,True,True,0.0,0.0
